Systematic Name,3'UTR Length
YOR135C,0
YDL133W,0
YGR279C,0
YER079C-A,0
YLR149C-A,0
YLL044W,0
YJL127W-A,0
YHR035W,0
YPL003W,0
YMR204C,0
YJL105W,0
YLR154W-B,0
YMR290W-A,0
YDL186W,0
YPR053C,0
YKL183C-A,0
YEL034C-A,0
YDR422C,0
YNL292W,0
YDR417C,0
YGL069C,0
YGL004C,0
YEL053W-A,0
YOR366W,0
YBR196C-B,0
YIL122W,0
YCL007C,0
YJL170C,0
YML066C,0
YER101C,0
YJL175W,0
YLR294C,0
YER107W-A,0
YGL199C,0
YGL060W,0
YDR209C,0
YHL043W,0
YBR089W,0
YDR183C-A,0
YDR243C,0
YOR371C,0
YGR154C,0
YOL076W,0
YOL106W,0
YLL005C,0
YBR113W,0
YGL204C,0
YPL034W,0
YNL321W,0
YKR035C,0
YDR081C,0
YKR005C,0
YOR033C,0
YDR119W-A,0
YER172C-A,0
YJL064W,0
YEL013W,0
YDL011C,0
YLR437C-A,0
YMR041C,0
YPL120W,0
YLR217W,0
YLR213C,0
YNL174W,0
YLR412C-A,0
YLR041W,0
YPL054W,0
YHR175W-A,0
YLR049C,0
YPR099C,0
YPL155C,0
YJL084C,0
YKR040C,0
YEL018C-A,0
YOL132W,0
YCR087W,0
YDL023C,0
YOR386W,1
YKL217W,1
YLL053C,1
YDR410C,1
YPL251W,1
YHL010C,1
YLR162W-A,1
YIL144W,2
YLR437C,2
YMR253C,2
YGR109C,2
YOR284W,2
YDR320W-B,2
YDL240W,2
YML007C-A,3
YDR506C,3
YIL014W,3
YJL102W,3
YOL079W,4
YJL142C,4
YJL019W,4
YOR146W,4
YMR303C,4
YHL022C,4
YPL040C,4
YNR011C,4
YER053C-A,5
YPR177C,5
YFR052C-A,6
YMR147W,6
YJR030C,6
YGR097W,6
YGL218W,6
YNL218W,6
YPL238C,6
YCR038C,6
YDR185C,7
YGL229C,7
YLL057C,7
YOR056C,7
YLR223C,7
YJL165C,7
YDR314C,7
YNL167C,7
YOR293C-A,7
YGL153W,7
YNL059C,7
Q0105,7
YGR035W-A,8
YPL035C,8
YPR120C,9
YIL068C,9
YBR264C,9
YHL038C,9
YKL029C,9
YPR096C,10
YLR162W,10
YOR338W,10
YGR160W,10
YKL096C-B,10
YPR050C,10
YDR240C,10
YBL034C,10
YGR152C,10
YNL316C,10
YMR067C,11
YBR230C,11
YMR307C-A,11
YBR101C,11
YGL047W,11
YAL040C,11
YOL159C,11
YDL123W,11
YOR353C,11
YLR434C,11
YOR311C,11
YGR019W,12
YDR279W,12
YOL125W,12
YDR151C,12
YMR173W-A,12
YDR104C,12
YML067C,12
YNL303W,13
YBR292C,13
YKR028W,13
YNL296W,13
YBL029W,13
YKL184W,13
YCL056C,13
YIL105C,13
YLR132C,13
YDL151C,13
YOL065C,14
YOL114C,14
YPL201C,14
YMR060C,14
YDR117C,14
YNR051C,14
YMR258C,15
YLL043W,15
YLR352W,15
YKR100C,15
YJL030W,15
YLR055C,15
YOR082C,15
YHR100C,15
YGL013C,16
YGL054C,16
YIL063C,16
YLR015W,16
YJR119C,16
YIL162W,17
YDR532C,17
YPL133C,17
YLR057W,17
YKL052C,17
YLR093C,17
YLR031W,17
YER138W-A,17
YLR232W,17
YPL056C,18
YBR070C,18
YPR076W,18
YOL151W,18
YDR309C,18
YOR087W,18
YER163C,18
YML035C,18
YJL123C,19
YBR046C,19
YCR097W,19
YJL117W,19
YDR147W,19
YER019C-A,19
YBR008C,19
YHR056W-A,19
YGR077C,20
YOR337W,20
YKR102W,20
YER027C,20
YNR041C,20
YDR416W,20
YKL161C,21
YBL086C,21
YOL148C,21
YLR027C,21
YPR098C,21
YHR045W,21
YJR058C,21
YNR058W,21
YML087C,21
YJL207C,21
YGL186C,21
YMR021C,21
YBR013C,21
YML046W,21
YGL145W,22
YLR401C,22
YGL092W,22
YLR019W,22
YIL099W,22
YKL030W,22
YBR291C,22
YJL128C,22
YEL020C-B,22
YOR143C,22
YOR089C,22
YPL193W,23
YOL031C,23
YIL100C-A,23
YBR092C,23
YMR207C,23
YBR212W,23
YMR053C,23
YLR046C,23
YLR379W,23
YLR266C,24
YBR115C,24
YGR003W,24
YKL046C,24
YJR071W,24
YPR136C,24
YER032W,24
YNL180C,25
YBR058C,25
YFL001W,25
YOR015W,25
YDR198C,25
YOL078W,25
YHR139C,25
YGR012W,25
YDL090C,25
YLR016C,25
YER083C,25
YBR074W,26
YPR086W,26
YJL216C,26
YOR350C,26
YDL057W,26
YGL067W,26
YIL016W,26
YOL005C,26
YDR098C,26
YJR137C,26
YER167W,26
YOR093C,26
YBR018C,26
YOR073W-A,26
YIL074C,27
YIL094C,27
YBR191W,27
YJL211C,27
YIR034C,27
YNL322C,27
YNL188W,27
YBR147W,27
YDR430C,27
YOR157C,27
YPR040W,27
YOR287C,27
YBR201C-A,27
YBR050C,28
YJL154C,28
YHL005C,28
YNL134C,28
YGR242W,28
YHR156C,28
YBR088C,28
YFR044C,28
YKL060C,28
YIL146C,28
YER185W,28
YDR034C-A,28
YIL052C,29
YOR279C,29
YML116W-A,29
YIR030C,29
YOR185C,29
YHL046C,29
YDR367W,29
YJR072C,29
YKL065C,29
YPR003C,29
YDR021W,29
YMR119W,29
YER061C,29
YNL077W,29
YKR069W,29
YOR023C,29
YGR257C,30
YML115C,30
YHR182W,30
YLR244C,30
YKL080W,30
YNL283C,30
YGL074C,30
YBR060C,30
YOL111C,30
YLR409C,30
YDL134C,30
YDL104C,30
YBR191W-A,30
YBR221W-A,31
YPL037C,31
YLR216C,31
YDL045C,31
YGL247W,31
YKL014C,31
YOL063C,31
YIL006W,31
YNL057W,31
YJL147C,31
YMR145C,31
YML104C,31
YDR030C,31
YBR052C,31
YBR256C,31
YMR185W,32
YPR131C,32
YOR347C,32
YIL115C,32
YMR097C,32
YDL033C,32
YOR149C,32
YMR213W,32
YGL065C,32
YER152C,32
YDR294C,32
YNR052C,33
YPR004C,33
YMR169C,33
YMR049C,33
YDL239C,33
YOR321W,33
YNL007C,33
YIR031C,33
YKL025C,33
YGR004W,33
YML114C,33
YDR375C,33
YMR222C,33
YMR308C,33
YDL041W,33
YBL059W,33
YGR201C,33
YLR021W,34
YGL024W,34
YCL045C,34
YLL022C,34
YBR056W,34
YDR339C,34
YDL180W,34
YDR537C,34
YHR124W,34
YOR249C,34
YOL086W-A,34
YLR063W,34
YIL111W,34
YDR512C,34
YAL032C,34
YFL013C,35
YPL149W,35
YPR193C,35
YKL069W,35
YIL161W,35
YPR057W,35
YGR095C,35
YKR085C,35
YBL106C,35
YOR292C,35
YER093C,35
YDR183W,35
YNL330C,35
YHL031C,35
YDR103W,35
YGR145W,35
YOL135C,35
YAL029C,35
YJL077C,35
YMR259C,35
YOL011W,35
YNR054C,35
YOR041C,35
YNL169C,35
YOR265W,36
YLL006W,36
YER168C,36
YGR122C-A,36
YOL009C,36
YDL165W,36
YBR093C,36
YHR011W,36
YBL083C,36
YKL176C,36
YBL018C,36
YCR065W,36
YMR087W,36
YIR023W,36
YLR305C,37
YNL329C,37
YAL039C,37
YIL153W,37
YDR376W,37
YLR137W,37
YJR018W,37
YMR226C,37
YPR162C,37
YIL067C,37
YHR103W,37
YDR424C,37
YDR152W,37
YDL171C,37
YLL036C,37
YLR366W,37
YMR121C,37
YNL055C,38
YOR067C,38
YKL057C,38
YPL214C,38
YNL076W,38
YJR112W,38
YDR305C,38
YPR100W,38
YLR368W,38
YDR190C,38
YCR020C,38
YOR302W,38
YLR022C,38
YDR411C,38
YLR348C,38
YBR270C,38
YIL107C,38
YOR132W,38
YCL026C-B,38
YDR357C,38
YPR167C,38
YNL086W,39
YOR257W,39
YNL222W,39
YBR059C,39
YAL022C,39
YDR452W,39
YBR258C,39
YOR151C,39
YNL092W,39
YFL042C,39
YGL231C,39
YGR233C,39
YOL046C,39
YCL004W,39
YNR015W,39
YMR300C,39
YNL029C,39
YPR069C,39
YMR240C,39
YOL066C,40
YDR169C,40
YNR045W,40
YCR002C,40
YNL051W,40
YAR023C,40
YBR173C,40
YGL093W,40
YDL097C,40
YKR076W,40
YLR316C,40
YPL077C,40
YKL214C,40
YOR026W,40
YPL125W,40
YKR012C,40
YPL095C,40
YGR217W,40
YBL001C,40
YGR253C,40
YDR466W,41
YOR194C,41
YMR219W,41
YBR078W,41
YKR049C,41
YMR158C-A,41
YDR407C,41
YIR035C,41
YPL112C,41
YOR006C,41
YJR139C,41
YHR085W,41
YGL222C,41
YAL037C-A,41
YOL144W,41
YHR182C-A,41
YKR004C,41
YBR231C,41
YMR160W,41
YKR003W,41
YKL006C-A,41
YLR074C,42
YPR093C,42
YOR182C,42
YAL013W,42
YBR120C,42
YDR217C,42
YOR290C,42
YLR070C,42
YIR008C,42
YDR498C,42
YOR121C,42
YCL051W,42
YDR180W,42
YMR123W,42
YBR053C,42
YMR113W,42
YIL132C,42
YLR206W,42
YDR051C,42
YGR062C,43
YCR073C,43
YML010W,43
YMR098C,43
YER180C,43
YPL029W,43
YOL092W,43
YDR524C-A,43
YBR150C,43
YGR269W,43
YJR084W,43
YLR095C,43
YOL002C,43
YHR057C,43
YGL099W,43
YFR043C,43
YFR046C,43
YHR193C,44
YIR021W,44
YLR321C,44
YJL076W,44
YMR241W,44
YPL094C,44
YNL215W,44
YKR072C,44
YGL163C,44
YPL208W,44
YBL091C-A,44
YHR199C,44
YIL085C,44
YIL159W,44
YLR126C,44
YGR001C,44
YJR085C,44
YAR018C,44
YBR044C,44
YLR130C,44
YFR039C,44
YDL200C,45
YGL193C,45
YML055W,45
YMR068W,45
YBR234C,45
YLR275W,45
YLR383W,45
YFL041W-A,45
YKR088C,45
YOR256C,45
YPR006C,45
YJR086W,45
YJR064W,45
YGR285C,45
YJL151C,45
YJL047C,45
YPL262W,45
YGR027C,45
YJR105W,45
YJR127C,45
YPR033C,45
YGR200C,45
YOR323C,45
YPL153C,45
YIR036C,45
YOR393W,46
YIL137C,46
YBR165W,46
YDR524W-C,46
YMR027W,46
YPL274W,46
YPL151C,46
YNR035C,46
YGL203C,46
YIL087C,46
YLR220W,46
YNL144C,46
YLR122C,46
YDR239C,46
YGR220C,46
YIL061C,46
YMR131C,46
YKL206C,46
YLR172C,46
YDR255C,46
YOR259C,46
YHR050W,46
YBL060W,46
YGR129W,46
YGL189C,46
YJR100C,47
YLL054C,47
YOL100W,47
YMR023C,47
YOR110W,47
YBL017C,47
YGR190C,47
YGL114W,47
YDR154C,47
YHR196W,47
YIL047C-A,47
YHR118C,47
YLR187W,47
YGL192W,47
YOR160W,47
YNL276C,47
YLR317W,47
YDR304C,47
YFR030W,47
YPL068C,47
YHR140W,48
YPR178W,48
YOL025W,48
YKL168C,48
YHR080C,48
YMR114C,48
YKL133C,48
YCL001W,48
YFR017C,48
YER028C,48
YPR173C,48
YJL012C,48
YHR075C,48
YHR146W,48
YNL002C,48
YOL094C,48
YNL227C,48
YJR104C,48
YFL029C,48
YJL204C,48
YLR089C,48
YLR002C,48
YHR188C,48
YGL059W,48
YLR283W,48
YOR123C,48
YDR119W,48
YML005W,48
YBL052C,48
YMR163C,48
YDR496C,48
YBL041W,48
YKL018C-A,48
YBL089W,49
YMR071C,49
YLR246W,49
YLL015W,49
YOL138C,49
YBR123C,49
YBR167C,49
YLR412W,49
YGL134W,49
YOL048C,49
YML103C,49
YBR248C,49
YPL060W,49
YDR113C,49
YFR048W,49
YGR099W,49
YGR060W,49
YBL064C,49
YMR026C,49
YEL055C,49
YPL217C,49
YOL077C,49
YLR298C,49
YDR533C,49
YMR042W,49
YML061C,49
YJL050W,49
YFL027C,49
YDL077C,50
YGR258C,50
YOL143C,50
YDL213C,50
YGR208W,50
YOL107W,50
YCR071C,50
YMR247C,50
YLR167W,50
YNL257C,50
YBR286W,50
YBR242W,50
YHR033W,50
YOR201C,50
YNL193W,50
YJL109C,50
YDR150W,50
YDR140W,50
YLR252W,50
YGL198W,50
YGR084C,50
YLL061W,50
YLL055W,50
YPL143W,50
YKL135C,50
YDR048C,50
YMR316C-B,50
YPL055C,50
YDR383C,50
YMR091C,50
YBR111C,50
YAL020C,51
YJR148W,51
YAR071W,51
YOL142W,51
YGR227W,51
YER147C,51
YML071C,51
YOR138C,51
YDR518W,51
YML056C,51
YLR272C,51
YGR283C,51
YPL158C,51
YGR212W,51
YMR074C,51
YPR023C,51
YJR126C,51
YOR042W,51
YOL073C,51
YPR133C,51
YNR032W,51
YMR273C,51
YMR288W,51
YMR296C,51
YCL028W,51
YGR110W,51
YKL138C,51
YFR051C,51
YBL057C,51
YGR058W,51
YCR090C,51
YBR179C,51
YKL001C,51
YGL086W,51
YGL216W,52
YLR403W,52
YBR188C,52
YLR138W,52
YOR271C,52
YHR043C,52
YDR295C,52
YFR016C,52
YIL034C,52
YKL139W,52
YDR423C,52
YAR007C,52
YOR046C,52
YHR186C,52
YEL044W,52
YPR081C,52
YDR337W,52
YIL154C,52
YJL140W,52
YBR289W,52
YBR287W,52
YNL284C,52
YBR276C,52
YPR088C,52
YBR087W,52
YMR210W,52
YDR468C,53
YPR164W,53
YJR036C,53
YER099C,53
YLR165C,53
YJR052W,53
YLL045C,53
YPL162C,53
YKR029C,53
YLR135W,53
YDL048C,53
YOR236W,53
YLR144C,53
YML073C,53
YCR015C,53
YLR001C,53
YKR082W,53
YEL028W,53
YDR319C,53
YLL040C,53
YHR077C,53
YFR031C,53
YCL033C,53
YGR277C,53
YBR083W,53
YIL065C,53
YLR073C,53
YAL053W,53
YOR197W,53
YGR186W,53
YHR141C,53
YHL030W-A,53
YNL094W,53
YPL026C,54
YGL020C,54
YHR058C,54
YLR044C,54
YIL142W,54
YPL001W,54
YOL121C,54
YJL201W,54
YKL207W,54
YDR272W,54
YCR011C,54
YLR039C,54
YNL039W,54
YHR039C-A,54
YBR232C,54
YOR289W,54
YHR166C,54
YDR356W,54
YNL310C,54
YGR069W,54
YGR276C,54
YDL160C,54
YDR362C,54
YNL231C,54
YAL047C,54
YDR320C-A,54
YDR127W,54
YDL168W,54
YOR261C,54
YOL101C,54
YKL213C,54
YNR033W,54
YOR144C,54
YML002W,54
YEL059C-A,54
YOR059C,54
YIL001W,54
YOR054C,54
YLR387C,54
YDR390C,54
YIR024C,54
YLR459W,54
YKL203C,55
YPR094W,55
YNL050C,55
YML001W,55
YOL124C,55
YPL227C,55
YLR207W,55
YDR197W,55
YOR128C,55
YGL224C,55
YFR047C,55
YLL062C,55
YEL038W,55
YML062C,55
YGR271C-A,55
YOR155C,55
YAL058W,55
YPR169W,55
YHL023C,55
YER183C,55
YER089C,55
YLR364W,55
YOR312C,55
YKL010C,55
YPL019C,55
YNL251C,55
YML102W,55
YOR075W,55
YLR072W,55
YKL154W,55
YCL011C,55
YJL006C,55
YHL002W,56
YIL104C,56
YLR396C,56
YDR202C,56
YNR065C,56
YLR254C,56
YJL097W,56
YHR063C,56
YDR229W,56
YPL199C,56
YGL248W,56
YGL236C,56
YGR119C,56
YFL028C,56
YGR270W,56
YDL073W,56
YNL315C,56
YPR175W,56
YER003C,56
YDR050C,56
YLR154C,56
YNL025C,56
YCR106W,56
YER054C,56
YIL062C,56
YEL015W,56
YPL122C,56
YPR108W,56
YML101C,56
YNL325C,56
YJR131W,56
YKL165C,56
YOR124C,57
YNL084C,57
YKR089C,57
YOR378W,57
YAL043C,57
YKL101W,57
YDR379W,57
YBL022C,57
YNR047W,57
YBR036C,57
YML125C,57
YDR370C,57
YEL066W,57
YKR097W,57
YLR032W,57
YDL100C,57
YMR092C,57
YNR064C,57
YEL036C,57
YDL166C,57
YFR007W,57
YNR040W,57
YLR024C,57
YDL116W,57
YMR269W,57
YLL012W,57
YHR019C,58
YOL095C,58
YDL192W,58
YBR037C,58
YOR010C,58
YGL194C,58
YHR120W,58
YAL041W,58
YLR087C,58
YLR456W,58
YDL086W,58
YGL026C,58
YOL093W,58
YGR197C,58
YLR402W,58
YHR071W,58
YJR006W,58
YDL065C,58
YKR002W,58
YLR263W,58
YJR151C,58
YGR189C,58
YDR302W,58
YAL028W,58
YKL122C,58
YGR081C,58
YLR432W,58
YER056C-A,58
YPL245W,58
YGR184C,58
YDL078C,59
YNL200C,59
YML109W,59
YOR286W,59
YLR084C,59
YOR078W,59
YFR004W,59
YNL256W,59
YNL313C,59
YFL018C,59
YOR084W,59
YKL114C,59
YDL126C,59
YOL146W,59
YBL035C,59
YJR073C,59
YML042W,59
YBL007C,59
YJL057C,59
YOR241W,59
YJL173C,59
YBL081W,59
YDR160W,59
YJL176C,59
YJL063C,59
YLR146C,60
YLR142W,60
YPR091C,60
YOR266W,60
YFL047W,60
YBR175W,60
YLR110C,60
YHL028W,60
YLR367W,60
YLR376C,60
YCR072C,60
YDR072C,60
YNL011C,60
YBL004W,60
YPL141C,60
YEL004W,60
YKL138C-A,60
YGR023W,60
YMR310C,60
YOR298W,60
YPR103W,60
YOR390W,60
YFR028C,60
YGR128C,60
YDL230W,60
YKL022C,60
YEL014C,60
YDR071C,60
YKL126W,60
YER057C,60
YJR012C,60
YIL056W,60
YPL006W,60
YOL140W,60
YER074W-A,60
YLR284C,60
YFL034C-A,60
YJR040W,60
YGR214W,60
YPL233W,60
YDR105C,61
YMR221C,61
YPL168W,61
YOR303W,61
YMR062C,61
YDR067C,61
YDL219W,61
YDR026C,61
YNR029C,61
YDR257C,61
YPL031C,61
YNL243W,61
YPR179C,61
YML119W,61
YOR288C,61
YOR246C,61
Q0130,61
YLR460C,61
YJL010C,61
YHL032C,61
YKR044W,61
YHL021C,61
YAR002C-A,61
YGR221C,61
YFL007W,61
YGR209C,61
YIL091C,61
YJR122W,61
YKL074C,61
YAL044C,61
YLR194C,61
YEL052W,61
YFL036W,61
YGL245W,62
YAL019W,62
YPL222W,62
YJL148W,62
YLR166C,62
YOR330C,62
YMR005W,62
YIL127C,62
YPL182C,62
YGR205W,62
YCL009C,62
YGL223C,62
YDL068W,62
YPR015C,62
YDL234C,62
YJR089W,62
YJR046W,62
YCL064C,62
YLR277C,62
YLR050C,62
YNL102W,62
YMR043W,62
YDR046C,62
YOR280C,62
YHR176W,62
YLR104W,62
YLR099W-A,62
YGR267C,62
YDR374C,62
YER006W,63
YLR209C,63
YHR102W,63
YMR263W,63
YJL055W,63
YDL089W,63
YPL065W,63
YMR245W,63
YKR081C,63
YOR367W,63
YDR085C,63
YGR163W,63
YPL071C,63
YBL050W,63
YGL119W,63
YPL132W,63
YOL034W,63
YCR024C,63
YBL033C,63
YIL151C,63
YGL185C,63
YDR329C,63
YKR056W,63
YER154W,63
YMR301C,63
YLR306W,63
YDR292C,63
YGL241W,63
YMR293C,63
YPR105C,64
YMR202W,64
YJR125C,64
YPL196W,64
YNL223W,64
YPR166C,64
YDR177W,64
YDL052C,64
YMR124W,64
YLR003C,64
YLR425W,64
YLL002W,64
YBL038W,64
YDR354W,64
YHL036W,64
YBR252W,64
YIL027C,64
YNL166C,64
YDR284C,64
YLR179C,64
YGL025C,64
YAL001C,64
YBR079C,64
YBR073W,64
YGR126W,64
YLR422W,64
YGL164C,64
YNL331C,64
YJR129C,64
YOL029C,64
YJL129C,64
YPR022C,65
YJL163C,65
YJR034W,65
YPL267W,65
YPL235W,65
YGR153W,65
YOR130C,65
YPR102C,65
YML070W,65
YML008C,65
YML112W,65
YOR333C,65
YNL164C,65
YNL147W,65
YER102W,65
YOL149W,65
YJL210W,65
YPL064C,65
YGL219C,65
YJL183W,65
YOR103C,65
YLR131C,65
YLR133W,65
YLR114C,65
Q0275,65
YGL017W,65
YKL059C,65
YOR380W,65
YMR141C,65
YJL121C,65
YMR128W,65
YBR133C,65
YDR057W,65
YLR007W,65
YOR148C,65
YNL178W,65
YMR009W,65
YER117W,65
YPL083C,66
YDR003W,66
YPL210C,66
YOR091W,66
YLR229C,66
YOL026C,66
YGR085C,66
YGR090W,66
YPR046W,66
YOL082W,66
YOR361C,66
YGL064C,66
YPR048W,66
YDR453C,66
YOR206W,66
YOR291W,66
YKL021C,66
YNL259C,66
YNL123W,66
YKL020C,66
YKR045C,66
YLR384C,66
YGR261C,66
YGR223C,66
YDL135C,66
YNL232W,66
YDR365C,66
YOR264W,66
YML130C,66
YOL081W,66
YML063W,66
YNR044W,66
YJL145W,66
YGR053C,66
YDR212W,66
YEL053C,66
YML031W,66
YNL074C,66
YPL266W,66
YLR051C,66
YCL058W-A,66
YNR024W,66
YDL231C,66
YOR112W,66
YIL148W,66
YMR099C,67
YOL040C,67
YJL069C,67
YFL031C-A,67
YLR098C,67
YHR062C,67
YGR138C,67
YOR013W,67
YKL174C,67
YPR161C,67
YHR060W,67
YDR006C,67
YDL132W,67
YMR090W,67
YHR200W,67
YBL088C,67
YNL182C,67
YML097C,67
YDR478W,67
YGL233W,67
YDR500C,67
YIL098C,67
YGR024C,67
YDR159W,67
YOR105W,67
YKL123W,67
YHR215W,67
YOR081C,67
YBL075C,67
YBL076C,67
YDL174C,67
YJL096W,67
YOR058C,67
YIL088C,68
YPL241C,68
YDR037W,68
YPL246C,68
YOL086C,68
YML091C,68
YPL253C,68
YBR001C,68
YOL062C,68
YGL027C,68
YBL091C,68
YGL239C,68
YIL114C,68
YPR045C,68
YLR029C,68
YOL038W,68
YNL305C,68
YBR241C,68
YNL045W,68
YDR087C,68
YNL161W,68
YGL107C,68
YOR222W,68
YOR251C,68
YDR353W,68
YPL218W,68
YHR001W,69
YER082C,69
YDR331W,69
YER151C,69
YNL022C,69
YJL192C,69
YGR187C,69
YKR006C,69
YJR145C,69
YGL217C,69
YOR224C,69
YJR055W,69
YDL091C,69
YDR469W,69
YJR144W,69
YOL090W,69
YBR298C,69
YGL202W,69
YBR262C,69
YNR074C,69
YOR285W,69
YNR060W,69
YJL044C,69
YNL047C,69
YMR316W,69
YHR041C,69
YEL043W,69
YNL072W,69
YPR009W,69
YPR014C,69
YMR047C,69
YLR028C,69
YDR539W,69
YJL098W,69
YER078C,69
YGR151C,69
YJL090C,70
YLR109W,70
YAL016W,70
YKL160W,70
YEL011W,70
YOL032W,70
YPR117W,70
YIR026C,70
YOL154W,70
YHR167W,70
YBL087C,70
YMR184W,70
YGR263C,70
YGL095C,70
YGR247W,70
YGR245C,70
YOR272W,70
YBL092W,70
YBR096W,70
YLR177W,70
YDR530C,70
YOR145C,70
YDR034C,70
YER023W,70
YMR138W,70
YDL075W,70
YER087W,70
YKL079W,70
YKR077W,70
YHR021C,70
YLR043C,70
YOR048C,70
YGR134W,70
YML017W,70
YOR332W,70
YKL091C,70
YGL048C,70
YNR059W,70
YOL044W,70
YGR185C,71
YBR181C,71
YBR255C-A,71
YPR129W,71
YGR100W,71
YKL033W-A,71
YBL055C,71
YKL016C,71
YLL031C,71
YKR098C,71
YFL017W-A,71
YJR152W,71
YMR228W,71
YFR009W,71
YBR128C,71
YBR189W,71
YOR109W,71
YIL073C,71
YOR036W,71
YIL049W,71
YML079W,71
YPR030W,71
YLR128W,71
YLR127C,71
YDR514C,71
YJR057W,71
YJR062C,71
YHL019C,71
YIL149C,71
YLR392C,71
YJR019C,71
YOR168W,71
YHR136C,71
YMR173W,71
YGR238C,71
YJR121W,71
YOL120C,71
YPL174C,71
YLR259C,71
YBR066C,72
YPL154C,72
YBR055C,72
YEL026W,72
YEL005C,72
YEL009C,72
YGR166W,72
YHR064C,72
YGR080W,72
YNR023W,72
YDR541C,72
YOR381W,72
YER059W,72
YOR352W,72
YNL132W,72
YGL110C,72
YJR051W,72
YGR232W,72
YOR307C,72
YLR361C-A,72
YIL002W-A,72
YDR306C,72
YIR003W,72
YNL130C,72
YOR234C,72
YLR078C,72
YBR196C-A,73
YIR029W,73
YLR430W,73
YBR154C,73
YLR278C,73
YOR281C,73
YDR173C,73
YLR289W,73
YNL254C,73
YDR196C,73
YGL232W,73
YDR456W,73
YDR457W,73
YLR440C,73
YMR275C,73
YIR042C,73
YNL001W,73
YPR180W,73
YDL124W,73
YMR154C,73
YCR094W,73
YCR076C,73
YNL213C,73
YOR007C,73
YMR142C,73
YPR118W,73
YDR135C,74
YDR101C,74
YGL061C,74
YMR168C,74
YLR454W,74
YER046W,74
YFR032C-A,74
YOR254C,74
YER157W,74
YDR391C,74
YBL025W,74
YCL043C,74
YIL103W,74
YNL157W,74
YDR316W,74
YMR152W,74
YAL033W,74
YNL234W,74
YJL095W,74
YPR174C,74
YDR494W,74
YDL178W,74
YKL003C,74
YHR154W,74
YDL044C,74
YAR019C,74
YOL064C,74
YIL078W,75
YBR097W,75
YIL075C,75
YPR043W,75
YDR248C,75
YNL091W,75
YPL254W,75
YIL040W,75
YIL095W,75
YGL077C,75
YJL184W,75
YNR003C,75
YDR287W,75
YPR106W,75
YLR426W,75
YLR267W,75
YOR163W,75
YLR388W,75
YLR390W,75
YJL134W,75
YMR220W,75
YCR009C,75
YLR243W,75
YMR283C,75
YMR003W,75
YNL173C,75
YEL016C,75
YBL104C,75
YKR027W,75
YIL017C,76
YHR003C,76
YDR336W,76
YJR099W,76
YBR198C,76
YDL072C,76
YDR363W-A,76
YNL233W,76
YNL286W,76
YDR296W,76
YDL108W,76
YGL171W,76
YGL178W,76
YAL037C-B,76
YDR233C,76
YDR027C,76
YHR017W,76
YER010C,76
YMR034C,76
YFL004W,76
YHR109W,76
YFR001W,76
YFR029W,76
YML081W,76
YDL177C,76
YPL007C,76
YGR054W,76
YKL089W,76
YHR039C,76
YNL317W,76
YEL058W,76
YPL020C,76
YPL272C,76
YGR021W,76
YDR195W,76
YGR140W,76
YJL130C,77
YDR315C,77
YMR020W,77
YGR011W,77
YGL014W,77
YPR079W,77
YBR163W,77
YMR040W,77
YGL128C,77
YPR082C,77
YLR018C,77
YNL005C,77
YER013W,77
YGL179C,77
YOR098C,77
YDR107C,77
YDL031W,77
YBR017C,77
YPL247C,77
YCR088W,77
YDL207W,77
YMR130W,77
YLR381W,77
YPL144W,78
YGR048W,78
YGR195W,78
YBL040C,78
YKL041W,78
YJL056C,78
YPR182W,78
YIL030C,78
YKL002W,78
YHR161C,78
YHR165C,78
YKL175W,78
YBL020W,78
YOR115C,78
YNL073W,78
YOR070C,78
YHR192W,78
YHR209W,78
YJL206C,78
YNR032C-A,78
YGR088W,78
YPR058W,78
YPR187W,78
YIR016W,78
YJL197W,78
YLR420W,78
YDR429C,78
YLR222C,78
YFL016C,78
YCR031C,78
YLR186W,78
YMR227C,78
YBR280C,78
YFL022C,78
YLL048C,78
YMR013W-A,78
YDL154W,78
YMR170C,78
YKR061W,78
YDR131C,78
YLL018C-A,78
YDR201W,78
YML069W,78
YER021W,78
YDR492W,78
YLR201C,78
YLR293C,78
YMR065W,78
YDR454C,78
YJR011C,79
YNL274C,79
YJR021C,79
YPL232W,79
YOR310C,79
YEL065W,79
YJR003C,79
YOR062C,79
YPR171W,79
YPR112C,79
YML092C,79
YCR095C,79
YJR134C,79
YDL099W,79
YLR262C-A,79
YPR055W,79
YNL080C,79
YBL061C,79
YEL022W,79
YGR093W,79
YCL025C,79
YBR288C,79
YGR039W,79
YDR063W,79
YHR142W,79
YDR013W,79
YIL133C,79
YPL088W,79
YOR038C,79
YAL048C,79
YGL143C,79
YOR020C,79
YNR013C,79
YJL049W,79
YNR055C,79
YOR002W,79
YGR194C,79
YGL221C,80
YLR410W,80
YGR005C,80
YEL057C,80
YNR016C,80
YBR155W,80
YEL001C,80
YHR005C,80
YIL064W,80
YDR310C,80
YJL002C,80
YGR125W,80
YLL058W,80
YLR218C,80
YIL015W,80
YDR487C,80
YJL198W,80
YBR251W,80
YHR138C,80
YPL137C,80
YJR109C,80
YNL056W,80
YER147C-A,80
YLR178C,80
YBL039C,80
YDR047W,80
YDR012W,80
YLR017W,80
YCL027W,80
YGR063C,80
YPL063W,80
YDL030W,80
YMR242C,81
YDR330W,81
YER110C,81
YCL047C,81
YJR096W,81
YDL237W,81
YDL226C,81
YMR054W,81
YLR118C,81
YOR375C,81
YCR016W,81
YLR100W,81
YJL110C,81
YNR012W,81
YKL208W,81
YHR025W,81
YDR397C,81
YOR329C,81
YDR022C,81
YOL127W,81
YGR135W,81
YDR161W,81
YMR119W-A,81
YGL022W,81
YLR080W,81
YBR047W,81
YCR044C,81
YMR136W,81
YMR137C,81
YPR049C,81
YOR360C,81
YLR450W,81
YBR121C,81
YLR026C,82
YER166W,82
YNR067C,82
YGR180C,82
YGR210C,82
YGR169C,82
YCL010C,82
YKL140W,82
YGR094W,82
YCR067C,82
YMR229C,82
YBL068W-A,82
YBL069W,82
YGR198W,82
YLR082C,82
YEL039C,82
YDR192C,82
YFL039C,82
YGL115W,82
YGR262C,82
YNL280C,82
YDR440W,82
YJR008W,82
YOR202W,82
YNL299W,82
YJR042W,82
YOR181W,82
YER080W,82
YNL103W,82
YOR306C,82
YKL024C,82
YGL097W,82
YHR135C,82
YJL080C,82
YKR007W,82
YLR314C,82
YOR252W,82
YLR231C,82
YDR335W,82
YJR083C,82
YDL115C,82
YGR193C,83
YOR258W,83
YKL019W,83
YGL200C,83
YNL206C,83
YKL193C,83
YHR091C,83
YKL191W,83
YBR245C,83
YDR182W,83
YDR182W-A,83
YGL087C,83
YOL041C,83
YIL106W,83
YDR531W,83
YFR002W,83
YOR373W,83
YKL146W,83
YJL115W,83
YER145C,83
YJL180C,83
YMR192W,83
YGR056W,83
YHR013C,83
YMR109W,83
YDL122W,83
YOR014W,84
YHL047C,84
YEL018W,84
YPL092W,84
YDR167W,84
YDL114W,84
YJL033W,84
YER036C,84
YHL012W,84
YLR119W,84
YDR166C,84
YDR042C,84
YPL052W,84
YLR085C,84
YDL007W,84
YMR158W,84
YDL081C,84
YDR064W,84
YMR217W,84
YJL062W,84
YGL116W,84
YIL117C,84
YDR438W,84
YBR140C,84
YNL275W,84
YCR036W,84
YOR150W,84
YAL042W,84
YLR429W,84
YBL068W,84
YDR511W,84
YGL084C,84
YPR184W,84
YDR258C,84
YGL120C,84
YOR209C,84
YML074C,84
YDR235W,84
YIL043C,84
YGR032W,85
YGR106C,85
YER146W,85
YJL181W,85
YBL072C,85
YOL022C,85
YNL038W,85
YPL231W,85
YJR001W,85
YJR118C,85
YPL136W,85
YOR369C,85
YDL013W,85
YER050C,85
YNL082W,85
YGR072W,85
YGR274C,85
YDL018C,85
YGR065C,85
YPR085C,85
YDR497C,85
YMR006C,85
YMR189W,85
YOR304W,85
YPL138C,85
YNL312W,85
YCL059C,85
YML025C,85
YPL096C-A,85
YMR244C-A,85
YGR207C,85
YDL201W,85
YER174C,85
YDR155C,85
YKR008W,85
YOR001W,85
YDR016C,85
YIL136W,85
YGL157W,85
YPR127W,85
YMR143W,85
YDL188C,85
YBR282W,85
YLR276C,85
YPR036W,85
YHR020W,86
YHL025W,86
YKL098W,86
YLR340W,86
YPL177C,86
YBR014C,86
YDR092W,86
YNL314W,86
YMR032W,86
YDL074C,86
YDR056C,86
YJL074C,86
YGR042W,86
YCL050C,86
YMR146C,86
YOL083W,86
YLR333C,86
YDR236C,86
YDR481C,86
YDR171W,86
YKL100C,86
YGL103W,86
YPL066W,86
YHR094C,86
YMR265C,86
YPR140W,86
YNR020C,86
YBR166C,86
YLR064W,86
YPL043W,86
YJL068C,86
YLR290C,86
YGL184C,86
YER049W,86
YDR143C,86
YNL049C,86
YBR062C,86
YLR249W,86
YGL117W,86
YGR280C,86
YDR286C,86
YMR078C,86
YNR010W,86
YNL191W,87
YLR417W,87
YDL040C,87
YHR083W,87
YBR222C,87
YGL036W,87
YBR091C,87
YKL017C,87
YPL045W,87
YKR063C,87
YNL138W-A,87
YPL030W,87
YJL070C,87
YIL041W,87
YER058W,87
YLR224W,87
YCR102C,87
YNL027W,87
YDL194W,87
YML052W,87
YMR262W,87
YER144C,87
YFL030W,87
YPR183W,87
YMR183C,87
YMR311C,87
YFL009W,87
YER111C,87
YHR194W,87
YLR083C,87
YLL063C,87
YKL186C,87
YLR061W,87
YKL182W,87
YKL173W,87
YLR152C,87
YGL257C,87
YLL049W,87
YLR146W-A,87
YLR065C,87
YCR046C,88
YCR053W,88
YOL013W-A,88
YOR216C,88
YNR022C,88
YPL067C,88
YLR067C,88
YGL123W,88
YGR206W,88
YLR398C,88
YMR055C,88
YGR204W,88
YBR159W,88
YNR050C,88
YDR394W,88
YIL044C,88
YKL143W,88
YDL181W,88
YGL234W,88
YDR475C,88
YMR126C,88
YER056C,88
YIL035C,88
YDR254W,88
YLL033W,88
YGL076C,88
YBL024W,88
YBR118W,88
YCL031C,88
YFR025C,88
YPL024W,88
YER019W,88
YER127W,88
YGR089W,88
YMR208W,88
YGR239C,88
YGR235C,88
YOR099W,88
YBR249C,88
YHR065C,88
YHR181W,89
YML041C,89
YML105C,89
YDR320C,89
YJL073W,89
YJL164C,89
YOR305W,89
YEL029C,89
YIL018W,89
YIL139C,89
YHL013C,89
YJR013W,89
YKL188C,89
YHR059W,89
YGR192C,89
YGR101W,89
YNR053C,89
YKR011C,89
YCL036W,89
YKL053C-A,89
YKL023W,89
YBR104W,89
YPR123C,89
YBR162W-A,89
YFR021W,89
YDL064W,89
YDL205C,89
YDR189W,90
YBL085W,90
YPL270W,90
YNR037C,90
YDR164C,90
YJR155W,90
YEL031W,90
YDL144C,90
YPL206C,90
YAL034W-A,90
YPR148C,90
YCL024W,90
YDR321W,90
YNL240C,90
YLR449W,90
YIL003W,90
YNL175C,90
YKL011C,90
YNL162W,90
YNL151C,90
YLR438C-A,90
YLR350W,90
YNL290W,90
YNL291C,90
YNL293W,90
YDR249C,90
YBR011C,90
YOR158W,90
YFR006W,90
YER112W,90
YGL100W,90
YHR165W-A,90
YPL175W,90
YBR195C,90
YOL021C,90
YJL060W,90
YGL127C,90
YER029C,90
YER002W,90
YOR027W,90
YPL011C,90
YBR187W,90
YDR025W,90
YER052C,90
YHR028C,90
YLR205C,90
YDR060W,90
YDR080W,90
YFR038W,91
YLR154W-C,91
YOL003C,91
YIL026C,91
YBL027W,91
YBR094W,91
YMR270C,91
YDR165W,91
YML068W,91
YBR281C,91
YNL277W,91
YLR408C,91
YHR169W,91
YPL258C,91
YLL009C,91
YER005W,91
YLR240W,91
YKL082C,91
YLL056C,91
YLR230W,91
YEL017W,91
YGL258W-A,91
YBR002C,91
YBR004C,91
YBR042C,91
YKL094W,91
YDR066C,91
YMR165C,91
YHR044C,91
YDR132C,91
YBR026C,92
YFR010W,92
YLL026W,92
YOR153W,92
YBL014C,92
YGR079W,92
YNL063W,92
YFR037C,92
YML086C,92
YFR041C,92
YKL099C,92
YCL035C,92
YDR214W,92
YHR115C,92
YDL019C,92
YOL096C,92
YPL198W,92
YIR037W,92
YDL103C,92
YJL059W,92
YBR206W,92
YGR275W,92
YER115C,92
YLR375W,92
YIL156W-B,92
YOR096W,92
YPL216W,92
YER119C,92
YGR244C,92
YER067W,92
YER130C,92
YOL139C,92
YER022W,92
YNL125C,92
YNR019W,92
YKL179C,92
YNR028W,92
YMR238W,92
YNL195C,92
YMR029C,92
YDL001W,92
YJL092W,92
YPR021C,92
YDR398W,92
YEL047C,92
YBR211C,92
YDR311W,92
YER008C,92
YPL195W,93
YBR253W,93
YNL258C,93
YML118W,93
YDR395W,93
YGL151W,93
YOR276W,93
YBR278W,93
YDR516C,93
YNL306W,93
YDR089W,93
YHL029C,93
YHR207C,93
YEL020C,93
YMR186W,93
YLR253W,93
YDL182W,93
YER065C,93
YHR180W,93
YER172C,93
YFL048C,93
YPR190C,93
YDL043C,93
YAL056W,93
YOL089C,93
YDL024C,93
YGR018C,93
YIL051C,93
YDL225W,93
YBR148W,94
YDR373W,94
YGL135W,94
YGL133W,94
YIR011C,94
YPL111W,94
YPR198W,94
YDR299W,94
YPL086C,94
YPL085W,94
YHR072W,94
YDR001C,94
YPL147W,94
YDL025C,94
YPR018W,94
YER077C,94
YER100W,94
YGR250C,94
YGR222W,94
YER176W,94
YCR082W,94
YCL021W-A,94
YDR277C,94
YGL211W,94
YBR273C,94
YBR247C,94
YBR246W,94
YBR218C,94
YBR130C,94
YAL062W,94
YOR238W,94
YML065W,94
YLR442C,94
YOR106W,94
YLL004W,94
YNL208W,94
YMR019W,94
YLR042C,94
YOR126C,94
YMR149W,94
YMR088C,94
YLR288C,94
YMR281W,94
YMR212C,94
YIL116W,95
YPL183C,95
YNL302C,95
YPL230W,95
YBR268W,95
YKR065C,95
YNL239W,95
YDR059C,95
YOL145C,95
YHL048W,95
YMR102C,95
YJR074W,95
YJL167W,95
YFL008W,95
YFL038C,95
YMR150C,95
YER182W,95
YLR066W,95
YDL130W,95
YJL186W,95
YJL209W,95
YMR230W,95
YLR250W,95
YGL176C,95
YKR087C,95
YOR244W,95
YHR088W,95
YDR261C,95
YJL023C,95
YGL172W,95
YKL073W,95
YKL078W,95
YBR086C,95
YKL009W,95
YNL183C,95
YBR084C-A,95
YDR156W,95
YJL137C,95
YNL220W,95
YBR031W,95
YDR421W,95
YDR349C,96
YGR278W,96
YIL109C,96
YGR271W,96
YLL003W,96
YMR292W,96
YKL012W,96
YDL113C,96
YER098W,96
YDR322W,96
YMR188C,96
YGR248W,96
YDL202W,96
YJL205C,96
YOR382W,96
YJL177W,96
YML094W,96
YIL083C,96
YKR014C,96
YBR160W,96
YGR029W,96
YDR186C,96
YDR369C,96
YPL240C,96
YGL246C,96
YOL102C,96
YGL255W,96
YEL040W,96
YMR083W,96
YGL195W,96
YDR484W,96
YKL159C,96
YPR035W,96
YML080W,96
YBR271W,96
YHL006C,96
YNL098C,97
YDL198C,97
YJL088W,97
YNL142W,97
YNL318C,97
YGL129C,97
YPL157W,97
YFL023W,97
YGR142W,97
YLL029W,97
YIL096C,97
YGL159W,97
YHR113W,97
YKL210W,97
YDR053W,97
YER156C,97
YDL095W,97
YMR139W,97
YLR147C,97
YMR056C,97
YJR009C,97
YDR447C,97
YAR015W,97
YPR139C,97
YDR288W,97
YIR038C,97
YDL150W,97
YLR203C,97
YMR199W,97
YDR116C,97
YDR515W,97
YLR354C,97
YLR257W,98
YPL105C,98
YIL158W,98
YGL147C,98
YOR116C,98
YOL113W,98
YNL064C,98
YDR144C,98
YML014W,98
YKL096W,98
YBR235W,98
YLR335W,98
YMR302C,98
YJR067C,98
YHR137W,98
YCR075W-A,98
YBR105C,98
YGR009C,98
YFR026C,98
YNL110C,98
YJL178C,98
YDL083C,98
YJR103W,98
YNL024C,98
YDL060W,98
YLR419W,98
YJL065C,98
YKL185W,98
YOR184W,98
YLR389C,98
YDR266C,98
YHR121W,99
YNL121C,99
YGR041W,99
YDR386W,99
YOL016C,99
YDR441C,99
YDR427W,99
YDR371W,99
YML049C,99
YOL072W,99
YBR035C,99
YML011C,99
YAL011W,99
YMR014W,99
YGL019W,99
YMR224C,99
YMR194W,99
YER120W,99
YLR134W,99
YNL037C,99
YGR147C,99
YKL141W,99
YLR185W,99
YIL039W,99
YIL046W,99
YKR084C,99
YGR141W,99
YOL104C,99
YIL020C,99
YAL010C,99
YMR315W,99
YNR001C,100
YGL001C,100
YJR047C,100
YOL112W,100
YHR190W,100
YPR047W,100
YGR150C,100
YHL020C,100
YGR146C,100
YPL118W,100
YJL093C,100
YPR132W,100
YKL151C,100
YPL131W,100
YJR135W-A,100
YOR250C,100
YGL030W,100
YCR057C,100
YLR053C,100
YDL216C,100
YER162C,100
YLR099C,100
YNL126W,100
YJL212C,100
YDL140C,100
YAR008W,100
YAR002W,100
YDL027C,100
YLR239C,100
YMR048W,100
YEL071W,100
YDR205W,100
YML099C,100
YAL049C,100
YLL023C,100
YGL242C,100
YDL143W,100
YBR081C,100
YOR074C,100
YNL224C,100
YGL226W,100
YKR001C,100
YBR145W,100
YGL238W,100
YPL082C,101
YDR268W,101
YPL028W,101
YGL032C,101
YPR144C,101
YNR057C,101
YER044C,101
YOR034C,101
YIL166C,101
YPR026W,101
YPR114W,101
YBR110W,101
YMR038C,101
YJR014W,101
YBR183W,101
YKR022C,101
YOR167C,101
YNL048W,101
YHR170W,101
YFR040W,101
YAL059W,101
YMR284W,101
YCR093W,101
YGL174W,101
YJR117W,101
YOL010W,101
YKL172W,101
YGR178C,101
YNL010W,101
YNL093W,101
YDL191W,101
YDL183C,101
YGR216C,101
YGR171C,101
YAL012W,101
YBR057C,102
YHR031C,102
YDR216W,102
YDR283C,102
YDR513W,102
YML051W,102
YDR418W,102
YER048C,102
YNL156C,102
YHL004W,102
YMR035W,102
YMR093W,102
YHL026C,102
YHL030W,102
YDL054C,102
YJR093C,102
YLR181C,102
YLR164W,102
YBR157C,102
YNL015W,102
YBR208C,102
YBR290W,102
YMR022W,102
YLL050C,102
YGL105W,102
YJL213W,102
YIR006C,102
YOR357C,102
YOR327C,102
YIL124W,102
YJL125C,102
YIR022W,102
YGL083W,103
YPR074C,103
YNL149C,103
YGL190C,103
YDL051W,103
YGL011C,103
YDL036C,103
YIL130W,103
YBR260C,103
YIL070C,103
YML004C,103
YDR493W,103
YMR028W,103
YCL030C,103
YDR049W,103
YNL263C,103
YNR034W-A,103
YJR102C,103
YLL034C,103
YOL077W-A,103
YOL017W,103
YOR262W,103
YBR149W,103
YBR164C,103
YER018C,104
YPR199C,104
YPR062W,104
YNL163C,104
YPL012W,104
YNL104C,104
YNL118C,104
YIL036W,104
YCR003W,104
YKR066C,104
YCL005W-A,104
YOR079C,104
YPR113W,104
YIL024C,104
YOR316C,104
YOR037W,104
YPL243W,104
YNL192W,104
YLR424W,104
YGL021W,104
YGL012W,104
YML018C,104
YLR414C,104
YPL044C,104
YHR023W,104
YAL035W,104
YPL053C,104
YER074W,104
YBR072C-A,104
YDL131W,104
YHR097C,104
YGR116W,104
YDL039C,104
YPL207W,104
YDL161W,105
YMR157C,105
YDL101C,105
YHR040W,105
YPR019W,105
YER026C,105
YMR250W,105
YMR059W,105
YPL273W,105
YBL067C,105
YDR121W,105
YBR095C,105
YKL119C,105
YPL087W,105
YNL212W,105
YDR179C,105
YPL249C,105
YDR224C,105
YDR168W,105
YAL030W,105
YNL185C,105
YKL113C,105
YLR356W,105
YGL148W,105
YKR019C,105
YHR152W,105
YNL058C,105
YER090W,105
YHR179W,105
YNL320W,105
YIL023C,105
YKL015W,105
YNL217W,105
YBR126C,106
YLR117C,106
YHR203C,106
YPL096W,106
YFR045W,106
YKL049C,106
YJL191W,106
YKR053C,106
YBR237W,106
YOR108W,106
YPL184C,106
YLR010C,106
YJR088C,106
YFL002C,106
YPL252C,106
YGL031C,106
YOL152W,106
YGL023C,106
YPL079W,106
YPL194W,106
YKL066W,106
YDR176W,106
YOR270C,106
YDR244W,106
YDR334W,106
YLR404W,106
YDR528W,106
YLR191W,106
YDR393W,106
YJR039W,106
YOL087C,106
YLR344W,106
YDR318W,106
YML096W,106
YPL126W,107
YPL220W,107
YGL162W,107
YLR268W,107
YAL027W,107
YGR157W,107
YBR239C,107
YKR096W,107
YHR197W,107
YGL208W,107
YGL209W,107
YDR517W,107
YJR066W,107
YOL052C,107
YOR208W,107
YDR381C-A,107
YJR143C,107
YJR133W,107
YJR080C,107
YBR069C,107
YDL069C,107
YLR060W,107
YGR131W,107
YDR300C,107
YMR276W,107
YER014W,107
YEL012W,107
YPL181W,107
YMR182C,107
YER068W,107
YGL210W,108
YBR261C,108
YKL211C,108
YKR058W,108
YML028W,108
YPL129W,108
YNL186W,108
YDR200C,108
YDR204W,108
YLR397C,108
YKR025W,108
YGR196C,108
YBR275C,108
YLR129W,108
YMR129W,108
YIL042C,108
YOL057W,108
YIL033C,108
YMR297W,108
YJR031C,108
YOR309C,108
YDL229W,108
YJR070C,108
YLL039C,108
YPR072W,108
YCL057C-A,108
YJR032W,108
YFR042W,108
YIL055C,108
YLR309C,108
YBR058C-A,108
YKL027W,109
YFR022W,109
YDR084C,109
YDR338C,109
YIL165C,109
YJR116W,109
YKL150W,109
YDR280W,109
YER121W,109
YLR107W,109
YDL034W,109
YMR075W,109
YCL008C,109
YPR109W,109
YNL088W,109
YGR076C,109
YKR091W,109
YDR449C,109
YDR153C,109
YPL237W,109
YPL032C,109
YKL121W,109
YKR048C,109
YHR016C,109
YDR191W,109
YGL039W,109
YEL051W,109
YKR038C,109
YJL016W,109
Q0045,109
YBL107C,109
YPR008W,109
YBR229C,109
YBR063C,110
YNL122C,110
YHR187W,110
YKL183W,110
YBR067C,110
YNL042W,110
YGL068W,110
YDR303C,110
YJR142W,110
YDL112W,110
YPR051W,110
YPR186C,110
YMR112C,110
YLR225C,110
YLR238W,110
YHR008C,110
YLR310C,110
YIR002C,110
YIR004W,110
YOR005C,110
YHR110W,110
YDR281C,110
YLR438W,110
YAL023C,110
YJL196C,110
YER055C,110
YMR255W,110
YBR172C,110
YGL142C,110
YLL008W,110
YKR099W,110
YNL272C,110
YJR112W-A,110
YPR157W,110
YKL006W,111
YML107C,111
YJL085W,111
YDR347W,111
YPL219W,111
YKL130C,111
YBR227C,111
YIL077C,111
YLR068W,111
YGR055W,111
YLR312W-A,111
YEL064C,111
YGL244W,111
YMR312W,111
YOR335C,111
YDL084W,111
YPL150W,111
YDL241W,111
YIL097W,111
YLR351C,111
YDR130C,111
YJL037W,111
YJR141W,111
YPL097W,111
YPL116W,111
YPR031W,111
YKL180W,111
YNL036W,111
YPR020W,111
YPL042C,111
YML057W,112
YML058W-A,112
YOR340C,112
YIL011W,112
YLR337C,112
YGL018C,112
YIL113W,112
YJR092W,112
YDR061W,112
YNL247W,112
YLR386W,112
YDR273W,112
YJR043C,112
YKR059W,112
YPL016W,112
YFR015C,112
YPL257W,112
YMR061W,112
YPL091W,112
YOR164C,112
YGL181W,112
YCL049C,112
YOL049W,112
YJL203W,112
YDR058C,112
YLR094C,112
YGR111W,112
YHR004C,112
YGR124W,113
YPL098C,113
YNR049C,113
YOR362C,113
YDL098C,113
YER107C,113
YFR003C,113
YGL225W,113
YGR260W,113
YDL008W,113
YCR033W,113
YLR362W,113
YGR202C,113
YIL129C,113
YDR181C,113
YIL115W-A,113
YLL021W,113
YBR129C,113
YPL248C,113
YNL202W,113
YAL044W-A,113
YPL038W,113
YHL016C,113
YDL125C,113
YOL097C,113
YMR016C,113
YOR297C,113
YJR076C,113
YGR078C,113
YLR189C,113
YLL024C,113
YHR074W,113
YKR030W,113
YDR228C,113
YPL109C,114
YDL042C,114
YPL178W,114
YDR399W,114
YPR200C,114
YJR024C,114
YER024W,114
YLR371W,114
YKL034W,114
YOL033W,114
YOR273C,114
YDR364C,114
YOR162C,114
YGR256W,114
YOR253W,114
YDR483W,114
YLR291C,114
YBR228W,114
YPR064W,114
YHR129C,114
YCR073W-A,114
YOR022C,114
YOL053W,114
YJL001W,114
YML123C,114
YNR046W,114
YJR113C,114
YMR193W,114
YMR198W,114
YMR175W,115
YCL005W,115
YPL172C,115
YLR215C,115
YLL027W,115
YAL015C,115
YML111W,115
YHR066W,115
YLR102C,115
YCL012C,115
YJL217W,115
YAL009W,115
YHR162W,115
YDR208W,115
YGR017W,115
YGR172C,115
YNL090W,115
YLR274W,115
YGL226C-A,115
YBR030W,115
YOR125C,115
YNL181W,116
YKL192C,116
YBR102C,116
YER045C,116
YHR164C,116
YGR215W,116
YDR499W,116
YER031C,116
YDL022W,116
YCR075C,116
YOR086C,116
YHR149C,116
YGL037C,116
YNL252C,116
YJR120W,116
YOR069W,116
YMR001C-A,116
YCL002C,116
YPL234C,116
YML100W,116
YOR296W,116
YMR180C,116
YMR298W,116
YGL196W,116
YOR275C,116
YKL068W,116
YHR069C,116
YLR251W,117
YBR177C,117
YNL308C,117
YDR434W,117
YDL006W,117
YEL020W-A,117
YBR143C,117
YMR037C,117
YOR324C,117
YGL112C,117
YDR083W,117
YOR173W,117
YJL094C,117
YGR104C,117
YBL039W-B,117
YHR119W,117
YPL101W,117
YDL020C,117
YIL079C,117
YPL176C,117
YLR436C,117
YLR090W,117
YDR345C,117
YMR236W,117
YML124C,117
YPL244C,117
YHR076W,117
YGL056C,117
YKL152C,117
YOL004W,118
YGR159C,118
YCR083W,118
YOR215C,118
YBR006W,118
YOR356W,118
YPL269W,118
YPL146C,118
YKR023W,118
YNL100W,118
YDR234W,118
YHR158C,118
YNL238W,118
YFR050C,118
YBL058W,118
YKR092C,118
YHR198C,118
YGR156W,118
YNL129W,118
YDR007W,118
YAL060W,118
YBR215W,118
YBL101C,118
YLR247C,118
YIL135C,118
YHR147C,118
YJL061W,118
YLR121C,119
YHR174W,119
YGR165W,119
YBR170C,119
YKL149C,119
YER171W,119
YKL110C,119
YBR207W,119
YNL327W,119
YMR239C,119
YML024W,119
YJR022W,119
YLR372W,119
YDR450W,119
YPL041C,119
YOL020W,119
YGL009C,119
YHL007C,119
YDL045W-A,119
YGR070W,119
YJR130C,119
YML009C,119
YOR176W,119
YOR090C,119
YDR471W,119
YER088C,119
YLR025W,119
YER053C,120
YLR265C,120
YFL034W,120
YJR090C,120
YIL112W,120
YCR069W,120
YLR075W,120
YFR049W,120
YCL054W,120
YOL119C,120
YHR005C-A,120
YBL090W,120
YDR237W,120
YBR135W,120
YJL136C,120
YBR023C,120
YAL046C,120
YBL095W,120
YMR011W,120
YOR063W,120
YNL244C,121
YPR001W,121
YOR187W,121
YMR004W,121
YLR052W,121
YBR029C,121
YBR267W,121
YOR016C,121
YKL196C,121
YDR115W,121
YIL009C-A,121
YBR082C,121
YPL061W,121
YKL100W-A,121
YBL029C-A,121
YER093C-A,121
YER060W,121
YHL011C,121
YER139C,121
YMR261C,121
YHR183W,121
YDR259C,121
YDL146W,121
YDR129C,121
YDL153C,121
YNL209W,121
YDR142C,121
YER159C,121
YEL002C,121
YPL186C,121
YKL181W,121
YHR098C,122
YDR036C,122
YHR047C,122
YPR134W,122
YNL304W,122
YDR372C,122
YMR064W,122
YJL014W,122
YBR244W,122
YLR182W,122
YJR056C,122
YER132C,122
YJL020C,122
YPR060C,122
YMR286W,122
YDR527W,122
YFR033C,122
YER016W,122
YBL009W,122
YMR196W,122
YLR056W,122
YLL019C,122
YER122C,122
YPL259C,122
YBR080C,122
YCL017C,123
YKL018W,123
YKL167C,123
YDR388W,123
YHR204W,123
YPL106C,123
YJL208C,123
YKR095W-A,123
YLR040C,123
YCR079W,123
YDR380W,123
YML054C,123
YDR342C,123
YLR301W,123
YOL088C,123
YKR035W-A,123
YPR080W,123
YER158C,123
YJL042W,123
YER126C,123
YJL081C,123
YNR018W,123
YPR083W,123
YHR010W,123
YNL187W,123
YDR486C,124
YLR175W,124
YER186C,124
YLR108C,124
YDL159W,124
YPL189W,124
YNL026W,124
YJR069C,124
YMR278W,124
YDR253C,124
YBR043C,124
YCR060W,124
YHR006W,124
YBR293W,124
YKR079C,124
YJR065C,124
YBL098W,124
YOR212W,124
YKR037C,124
YDR158W,124
YAL034C,124
YOL014W,124
YGL173C,124
YDR462W,124
YGR174C,125
YPL013C,125
YPL039W,125
YER164W,125
YDL190C,125
YDR472W,125
YNL221C,125
YLR076C,125
YPR010C,125
YIR017C,125
YOR322C,125
YPL069C,125
YBR138C,125
YHR123W,125
YEL003W,125
YIL050W,125
YBL036C,125
YBR265W,125
YBR132C,125
YLR011W,125
YDR404C,125
YEL062W,125
YHR081W,125
YKR062W,125
YPR135W,125
YMR164C,126
YOR178C,126
YOL006C,126
YKL106W,126
YHR030C,126
YPL171C,126
YOL123W,126
YDL102W,126
YIL048W,126
YER030W,126
YDL235C,126
YBR201W,126
YKR074W,126
YER128W,126
YHR042W,126
YOR368W,126
YNL141W,126
YIL008W,126
YDR018C,126
YKR010C,126
YAL007C,126
YGR237C,126
YJL011C,126
YLR204W,126
YJR059W,126
YKR036C,126
YMR105C,126
YGL207W,126
YLR326W,126
YCR005C,126
YOR047C,127
YIL120W,127
YNL053W,127
YOR174W,127
YOL013C,127
YML012W,127
YMR264W,127
YBR223C,127
YBR171W,127
YMR195W,127
YCL057W,127
YKR018C,127
YBR007C,127
YDR043C,127
YML113W,127
YGL029W,127
YMR135C,127
YNL112W,127
YLL035W,127
YAL026C,127
YAL005C,127
YOL158C,127
YLR176C,127
YOL147C,127
YGR123C,127
YAL024C,127
YPL183W-A,128
YGR014W,128
YML077W,128
YPL123C,128
YNL189W,128
YLR058C,128
YBL026W,128
YDR100W,128
YJR054W,128
YDL117W,128
YDL119C,128
YKL092C,128
YJL008C,128
YNL229C,128
YLR299W,128
YPL249C-A,128
YDL208W,128
YIR010W,128
YDL003W,128
YNL136W,128
YIL108W,128
YJR025C,128
YDL035C,128
YDR332W,128
YER069W,128
YCR091W,128
YBR269C,128
YDR148C,128
YJL193W,129
YJL190C,129
YER103W,129
YPR189W,129
YFR024C-A,129
YJL141C,129
YNL216W,129
YHL001W,129
YLR200W,129
YPR075C,129
YGL167C,129
YHL034C,129
YDR301W,129
YMR215W,129
YDR128W,129
YJR123W,129
YNL020C,129
YOL061W,129
YOL105C,129
YPL211W,129
YDR226W,129
YPL271W,129
YHR055C,129
YDL029W,129
YGL141W,129
YLR113W,130
YDL155W,130
YDL185W,130
YKL155C,130
YOR049C,130
YER094C,130
YOL045W,130
YGL156W,130
YPR143W,130
YEL050C,130
YPR137W,130
YDR034W-B,130
YKR070W,130
YIL126W,130
YPL023C,130
YKL195W,130
YBR199W,130
YCR014C,130
YHL017W,130
YLL018C,130
YBL016W,130
YKL108W,130
YBR003W,130
YJL041W,130
YPL263C,130
YBR015C,130
YMR271C,130
YLR394W,130
YJL111W,130
YOR226C,131
YDR032C,131
YOL058W,131
YOL015W,131
YHR049W,131
YLR196W,131
YOL008W,131
YHR034C,131
YDR137W,131
YDR392W,131
YBR295W,131
YER155C,131
YHR130C,131
YGR020C,131
YIL131C,131
YHR201C,131
YJL052W,131
YOR383C,131
YNL004W,131
YGR028W,131
YGR034W,131
YGR174W-A,131
YJL200C,131
YKL033W,131
YNL155W,132
YMR110C,132
YMR036C,132
YBR126W-B,132
YJL133W,132
YMR116C,132
YOR344C,132
YNL106C,132
YDR194C,132
YDR387C,132
YHR026W,132
YOR346W,132
YLR163C,132
YPR122W,132
YER012W,132
YIR039C,132
YNL253W,132
YJR094W-A,132
YDL164C,132
YDL169C,132
YPL074W,132
YLR292C,132
YOL047C,132
YDR477W,132
YNL069C,132
YGL161C,132
YLR380W,132
YMR076C,132
YIL019W,132
YMR072W,133
YNL119W,133
YJR015W,133
YBR185C,133
YPR163C,133
YOR131C,133
YFR031C-A,133
YHR052W,133
YBL105C,133
YOR021C,133
YNL267W,133
YLR009W,133
YMR111C,133
YOR009W,133
YDR510W,133
YCR032W,133
YML021C,133
YLR214W,133
YIL021W,133
YJL048C,133
YOL110W,133
YDR341C,133
YPL099C,133
YLR071C,133
YGR155W,133
YPR067W,133
YPL173W,133
YFL045C,133
YHR009C,133
YMR260C,134
YBR236C,134
YDL088C,134
YOL012C,134
YLR037C,134
YER178W,134
YKL171W,134
YKL032C,134
YMR001C,134
YPL242C,134
YDR446W,134
YPR176C,134
YOL128C,134
YBR151W,134
YDL012C,134
YOR118W,134
YMR225C,134
YNL301C,134
YGL104C,134
YPL050C,134
YAL008W,134
YML053C,134
YBR230W-A,134
YNL289W,134
YER073W,134
YCR051W,134
YGL160W,134
YBR089C-A,134
YPL268W,134
YER066W,134
YKL125W,135
YLR447C,135
YJL053W,135
YJL146W,135
YKR043C,135
YGR137W,135
YOR243C,135
YNL115C,135
YJR016C,135
YJL157C,135
YPR056W,135
YJL179W,135
YLR188W,135
YNL108C,135
YGL041W-A,135
YGL006W,135
YBL093C,135
YKL008C,135
YLR359W,135
YCR092C,135
YGR148C,135
YKL045W,135
YOL037C,136
YKL189W,136
YGL091C,136
YLR116W,136
YPL089C,136
YLR148W,136
YML081C-A,136
YGL096W,136
YDL058W,136
YLR219W,136
YML072C,136
YPR121W,136
YCL016C,136
YCL014W,136
YOR319W,136
YPL225W,136
YMR211W,136
YGR286C,136
YNL070W,136
YHR133C,136
YDR123C,136
YDR465C,136
YDR524C-B,136
YGL243W,136
YPL204W,136
YDL136W,137
YGR008C,137
YDR251W,137
YGR167W,137
YKL128C,137
YOR117W,137
YCR077C,137
YJL026W,137
YIL038C,137
YMR235C,137
YML015C,137
YJR063W,137
YPL059W,137
YMR318C,137
YER017C,137
YBR137W,137
YMR012W,137
YNL061W,137
YDR308C,138
YIL007C,138
YJR111C,138
YKL142W,138
YKL170W,138
YDR405W,138
YAL014C,138
YLR370C,138
YMR015C,138
YBR196C,138
YDR414C,138
YDR415C,138
YLR360W,138
YNR036C,138
YJR004C,138
YGL150C,138
YER175C,138
YBR254C,138
YPL104W,138
YCR021C,138
YDL092W,138
YJL189W,138
YER035W,138
YPL090C,138
YNL288W,138
YGR288W,138
YDL145C,138
YFR018C,138
YDR044W,138
YNL264C,138
YPL048W,139
YHR104W,139
YBL084C,139
YGR243W,139
YNL078W,139
YHR134W,139
YBR255W,139
YOR191W,139
YIL152W,139
YBR283C,139
YIL143C,139
YLR034C,139
YKL004W,139
YHR178W,139
YDL224C,139
YMR127C,139
YFL010C,139
YEL042W,139
YOR336W,139
YNL168C,139
YBR021W,140
YDR343C,140
YOR019W,140
YOR196C,140
YHR163W,140
YPR028W,140
YCR028C,140
YMR125W,140
YPR010C-A,140
YEL032W,140
YKL007W,140
YHR068W,140
YGL227W,140
YDR435C,140
YCR018C,140
YNR017W,140
YOR120W,140
YMR289W,140
YDL238C,140
YDR307W,141
YMR256C,141
YLR136C,141
YJL172W,141
YER187W,141
YER086W,141
YDR436W,141
YHR046C,141
YBL037W,141
YJL112W,141
YHR114W,141
YOR018W,141
YKL047W,141
YLR439W,141
YDL138W,141
YGR043C,141
YBR106W,141
YMR285C,141
YDR267C,141
YEL068C,141
YGL130W,141
YOL036W,141
YGR007W,141
YPL139C,142
YOR175C,142
YDR420W,142
YLR023C,142
YIL004C,142
YDR379C-A,142
YOR043W,142
YHR108W,142
YLR212C,142
YNL271C,142
YJL091C,142
YDR242W,142
YDR461C-A,142
YBR257W,142
YML016C,142
YBR259W,143
YMR024W,143
YPL156C,143
YJL185C,143
YMR194C-B,143
YJL036W,143
YDL173W,143
YDL082W,143
YNL294C,143
YDR412W,143
YDL066W,143
YNR043W,143
YGR022C,143
YBR169C,143
YOR004W,143
YNL103W-A,143
YHR132C,143
YML082W,143
YOR293W,143
YKR026C,143
YPR017C,143
YMR234W,143
YFL049W,143
YGL079W,143
YDL215C,143
YER072W,144
YJL083W,144
YIR018W,144
YOL070C,144
YLR378C,144
YKL127W,144
YGR091W,144
YDL195W,144
YDL193W,144
YDR245W,144
YLR363W-A,144
YDR526C,144
YJL133C-A,144
YDL061C,144
YOL030W,144
YDR070C,144
YNL323W,144
YOR080W,144
YDR408C,144
YMR086W,144
YBR108W,144
YLR198C,144
YJR094C,144
YER033C,144
YFL024C,144
YEL037C,144
YJL155C,144
YDR448W,145
YER131W,145
YDR460W,145
YBR279W,145
YBR142W,145
YLR248W,145
YKR068C,145
YLR069C,145
YDL217C,145
YMR010W,145
YDR260C,145
YML088W,145
YEL007W,145
YDL212W,145
YPR101W,145
YNL148C,145
YJR101W,145
YMR120C,145
YIL045W,145
YOR283W,145
YML075C,145
YCR020C-A,146
YBR176W,146
YOR051C,146
YLR286C,146
YFL021W,146
YCR047C,146
YHR073W,146
YGR121C,146
YGL228W,146
YLR330W,146
YDR326C,146
YKL132C,146
YDL170W,146
YPR160W,146
YBR119W,146
YLR435W,146
YOR119C,146
YPL022W,146
YPL051W,146
YGR035C,146
YBR005W,146
YGL038C,146
YMR058W,147
YLR327C,147
YDL147W,147
YOL103W,147
YLR020C,147
YLR169W,147
YER062C,147
YDR382W,147
YOL080C,147
YKL076C,147
YGL094C,147
YDR231C,147
YHR122W,147
YDR461W,147
YCL029C,147
YBR009C,147
YGL136C,147
YBR158W,147
YMR174C,147
YBL003C,147
YJR132W,147
YBR012C,147
YGL121C,147
YCL044C,147
YER063W,148
YKL204W,148
YHR171W,148
YFR053C,148
YLR103C,148
YLR115W,148
YDR451C,148
YKL013C,148
YGR038W,148
YPL010W,148
YCR043C,148
YBR127C,148
YPR145W,148
YGR241C,149
YOR137C,149
YGR082W,149
YDR112W,149
YHR018C,149
YDR384C,149
YML085C,149
YNR038W,149
YOL129W,149
YDR031W,149
YOR025W,149
YMR070W,149
YGR246C,149
YKL209C,149
YLR405W,149
YER143W,149
YNR030W,149
YBL102W,149
YOR152C,149
YBR022W,150
YML078W,150
YKL063C,150
YNL262W,150
YOR294W,150
YNL068C,150
YDR473C,150
YPL239W,150
YOR221C,150
YLR322W,150
YFL046W,150
YMR077C,150
YLR079W,150
YNR008W,150
YDR133C,150
YML106W,150
YMR153W,150
YNL165W,150
YML060W,151
YKL198C,151
YDL179W,151
YAL061W,151
YAL051W,151
YKL117W,151
YPL084W,151
YER137C,151
YDR075W,151
YDR246W,151
YJR049C,151
YKL137W,151
YMR096W,151
YJL218W,151
YLR106C,151
YDL167C,151
YKR080W,151
YJR010W,151
YDR400W,151
YGR108W,151
YPL212C,152
YOR326W,152
YLR320W,152
YGR102C,152
YKL145W,152
YKR094C,152
YGR268C,152
YGR162W,152
YOR320C,152
YDR222W,152
YLR413W,152
YGL111W,152
YKL056C,152
YGR254W,152
YER165W,152
YDR017C,152
YKL197C,152
YCL052C,153
YNL326C,153
YPL228W,153
YMR134W,153
YDR385W,153
YDR139C,153
YLR353W,153
YAL055W,154
YMR101C,154
YDR324C,154
YDR351W,154
YCL061C,154
YMR272C,154
YCR035C,154
YMR178W,154
YIL125W,154
YGR281W,154
YDL137W,154
YKL103C,154
YFL034C-B,154
YEL063C,154
YNL138W,154
YPL215W,154
YBR156C,154
YBR233W,154
YGR026W,154
YGR098C,155
YCL063W,155
YDR141C,155
YML043C,155
YNL046W,155
YMR243C,155
YGL194C-A,155
YKL038W,155
YER118C,155
YOL043C,155
YNR009W,155
YDL070W,155
YNL295W,155
YOR017W,155
YHR037W,156
YER011W,156
YOR136W,156
YBR061C,156
YDL080C,156
YNL083W,156
YDR019C,156
YDR225W,156
YNR014W,156
YDR348C,156
YBL006C,156
YGL082W,156
YJL160C,156
YDR298C,156
YOL109W,156
YMR033W,156
YKL072W,156
YDR041W,156
YMR267W,156
YMR039C,156
YIL072W,156
YKL129C,156
YGR037C,156
YML059C,156
YDR520C,156
YHR208W,156
YJL122W,157
YLR112W,157
YGL124C,157
YOR045W,157
YPL148C,157
YGR230W,157
YIL118W,157
YLR319C,157
YNL040W,157
YDR507C,157
YNL079C,157
YKR095W,157
YDR340W,157
YBR034C,157
YJR044C,157
YKR067W,157
YNL071W,157
YOR232W,157
YKL064W,157
YDL110C,158
YPL161C,158
YNL041C,158
YDR503C,158
YDR023W,158
YGL049C,158
YKL043W,158
YLR096W,158
YIL121W,158
YPL008W,158
YML093W,158
YOR165W,159
YBR204C,159
YBR111W-A,159
YCL037C,159
YBL021C,159
YOL018C,159
YHR106W,159
YNL081C,159
YPL117C,159
YHR078W,159
YML020W,159
YGR175C,159
YBR076C-A,160
YBR194W,160
YHR072W-A,160
YKL005C,160
YIL053W,160
YLR059C,160
YGL180W,160
YDR055W,160
YKL187C,160
YGR092W,160
YOR274W,160
YMR309C,160
YMR314W,160
YGR105W,160
YOR095C,160
YPR158W,160
YKR021W,161
YGR149W,161
YML128C,161
YNL177C,161
YOL027C,161
YGR130C,161
YMR197C,161
YCR059C,161
YDR005C,161
YLR328W,161
YNR031C,161
YDL157C,161
YGL166W,161
YOR171C,161
YBR010W,162
YDR088C,162
YMR313C,162
YHR159W,162
YGR284C,162
YDL233W,162
YLL051C,162
YJL132W,162
YPL250C,162
YNL281W,162
YBR084W,162
YNL044W,162
YOR207C,163
YGL088W,163
YKL215C,163
YJR097W,163
YLR199C,163
YGL002W,163
YHR092C,163
YPL002C,163
YDR358W,163
YGR120C,163
YMR191W,163
YOR223W,163
YOR227W,163
YBL045C,163
YJL162C,164
YDL121C,164
YDR162C,164
YDR011W,164
YPR133W-A,164
YMR031C,164
YBR202W,164
YPR191W,164
YCR066W,164
YOR220W,164
YEL030W,164
YLR287C-A,164
YDR368W,164
YER042W,164
YLR427W,164
YDL130W-A,164
YNL107W,164
YOR122C,164
YHL002C-A,164
YER041W,164
YPR195C,164
YGL108C,165
YCR004C,165
YER150W,165
YLR406C,165
YMR305C,165
YAL025C,165
YER007C-A,165
YER009W,165
YNL176C,165
YCR028C-A,165
YNL003C,165
YPL049C,165
YJL079C,165
YJR091C,165
YDL197C,165
YOR188W,165
YJL158C,165
YDR297W,165
YKL084W,165
YNL116W,165
YLR260W,165
YJR082C,165
YAR042W,165
YCR030C,165
YGL057C,165
YMR233W,165
YKL090W,165
YBR072W,165
YIL076W,165
YLR193C,166
YOR370C,166
YAL038W,166
YOR044W,166
YML034W,166
YJL138C,166
YDR188W,166
YDR211W,166
YPR052C,166
YDR374W-A,166
YMR237W,166
YBR197C,166
YHR063W-A,166
YOR186W,166
YGR103W,167
YML006C,167
YCR012W,167
YNL199C,167
YBR065C,167
YAL036C,167
YDR389W,168
YKR078W,168
YAR014C,168
YJL161W,168
YLL014W,168
YDR079C-A,168
YBR272C,168
YLR346C,168
YKR050W,168
YLR183C,168
YDR238C,168
YFL040W,168
YBR085W,168
YHR107C,168
YOR193W,169
YDL120W,169
YGL078C,169
YJR007W,169
YJL104W,169
YGR229C,169
YHR089C,169
YNL012W,169
YPL004C,169
YJL118W,169
YPR097W,169
YCR027C,169
YOR094W,169
YDR482C,169
YOR127W,169
YCR034W,169
YBL042C,170
YKL035W,170
YNL201C,170
YKL190W,170
YBR125C,170
YNL096C,170
YML129C,170
YDL056W,170
YPL140C,170
YJL166W,170
YDR529C,170
YDL053C,170
YOR342C,170
YBR139W,171
YGR240C-A,171
YMR294W,171
YJL174W,171
YDR459C,171
YMR266W,171
YNL207W,171
YGR071C,171
YKL219W,171
YBR109C,171
YDR179W-A,171
YDR178W,171
YIL069C,171
YEL072W,171
YPR125W,171
YHR127W,171
YLR088W,172
YKL096W-A,172
YOR003W,172
YOR355W,172
YNL113W,172
YML064C,172
YDR086C,172
YCR024C-B,172
YFL026W,172
YPL160W,172
YBR122C,172
YMR246W,173
YDR174W,173
YGR112W,173
YOR354C,173
YDR328C,173
YPL221W,173
YGL010W,173
YNL140C,173
YOR020W-A,173
YDR282C,173
YLR077W,173
YOR267C,173
YDR170C,173
YDL076C,173
YCL034W,173
YFL041W,173
YBR038W,173
YMR295C,173
YFL014W,174
YGR118W,174
YNL023C,174
YBL032W,174
YLR210W,174
YLL020C,174
YOR166C,174
YPL081W,174
YOR147W,174
YIR013C,174
YOR334W,174
YMR148W,174
YLR363C,174
YHL008C,174
YDR313C,174
YDL128W,174
YOL071W,175
YFR036W,175
YGL256W,175
YDR097C,175
YDR068W,175
YNL145W,175
YOR269W,175
YMR277W,175
YFR019W,175
YOR277C,175
YMR291W,176
YGR282C,176
YER020W,176
YIL157C,176
YDR207C,176
YLL001W,176
YJL168C,176
YDL160C-A,176
YDR325W,176
YIL093C,177
YMR007W,177
YMR013C,177
YER177W,177
YHR112C,177
YDR232W,177
YPL260W,177
YOR064C,177
YIR009W,177
YJL171C,178
YGR016W,178
YDL063C,178
YMR247W-A,178
YGR252W,178
YGR264C,178
YPL180W,178
YAR027W,178
YCL055W,178
YGL188C-A,178
YKR060W,178
YNL298W,178
YNL030W,178
YPR041W,178
YDR172W,178
YNL067W,178
YNL124W,178
YIL134W,179
YFL017C,179
YER081W,179
YFR005C,179
YLR008C,179
YNL241C,179
YLR399C,179
YNL087W,179
YDR458C,179
YDL133C-A,179
YGR181W,179
YJL039C,179
YDL204W,179
YBR214W,180
YIL010W,180
YHR191C,180
YJR114W,180
YOR372C,180
YML098W,180
YCL040W,180
YKL048C,180
YNL006W,180
YDR145W,180
YHR205W,180
YBR039W,180
YDR265W,180
YHR216W,180
YKR057W,180
YNR002C,180
YKL026C,181
YMR214W,181
YML121W,181
YDR476C,181
YMR307W,181
YMR304W,181
YGL220W,181
YDR221W,181
YBR141C,181
YMR008C,181
YJR136C,181
YBR041W,182
YMR089C,182
YLR151C,182
YPR037C,182
YMR081C,182
YGL201C,182
YLR228C,182
YDR437W,183
YCR048W,183
YGL040C,183
YEL006W,183
YJL078C,183
YDL236W,183
YML126C,183
YJL046W,183
YPR063C,183
YCR017C,184
YLR452C,184
YPR138C,184
YBR025C,184
YDR322C-A,184
YDR210W,184
YDR378C,184
YPL070W,185
YDR120C,185
YHR087W,185
YMR187C,185
YKL148C,185
YML026C,185
YPR016C,185
YDL047W,185
YPR165W,185
YKL087C,185
YLR441C,185
YOR092W,185
YCR087C-A,186
YOR035C,186
YNR021W,186
YBL103C,186
YDR045C,186
YPR147C,186
YMR216C,186
YDR002W,186
YMR181C,187
YMR108W,187
YER087C-B,187
YMR044W,187
YOR133W,187
YPR188C,187
YKR046C,188
YPL256C,188
YKR013W,188
YOR205C,188
YLR197W,188
YMR201C,188
YNR006W,188
YKL054C,188
YNL153C,188
YGL253W,188
YJL015C,188
YHL009C,189
YLR357W,189
YNR048W,189
YJL066C,189
YIL005W,189
YKL166C,189
YDR463W,189
YAL017W,189
YOR129C,189
YDL184C,189
YHL027W,189
YGL090W,190
YBL002W,190
YPR155C,190
YHL006W-A,190
YOR230W,190
YML131W,190
YER148W,190
YGL137W,190
YLR332W,191
YGR133W,191
YJL054W,191
YMR231W,191
YKR090W,191
YPL009C,191
YOR142W,191
YFL044C,191
YGR203W,191
YNL309W,191
YOL068C,192
YHR195W,192
YDR219C,192
YOR231W,192
YJR041C,192
YDR333C,192
YHL035C,193
YER043C,193
YDR381W,193
YNL101W,193
YBR274W,194
YLL028W,194
YBL023C,194
YPR110C,194
YER076W-A,194
YDR003W-A,194
YMR115W,194
YNL035C,195
YDR227W,195
YKL042W,195
YBL028C,195
YPL170W,195
YNL248C,195
YBL054W,195
YLR355C,195
YLR033W,195
YMR177W,195
YKL067W,195
YML048W,195
YPR156C,195
YOR172W,196
YKL120W,196
YLR143W,196
YOL075C,196
YML038C,196
YNL242W,196
YJR140C,197
YNL066W,197
YAR028W,197
YCL032W,197
YLR423C,197
YLR237W,197
YJR045C,197
YJL034W,198
YER034W,198
YDL118W,198
YPR170W-B,198
YNL135C,198
YGR218W,198
YDR262W,198
YGL155W,198
YKL157W,198
YMR166C,198
YDR276C,199
YJR075W,199
YJL062W-A,199
YOL038C-A,199
YDL015C,199
YFR014C,199
YOR114W,199
YOL122C,199
YER091C,200
YJL003W,200
YDL107W,200
YER071C,200
YJL103C,200
YGR211W,200
YKL218C,200
YOR198C,200
YOR260W,201
YGL045W,201
YGR231C,201
YOR040W,201
YIL156W,201
YML108W,201
YJL077W-B,201
YNL137C,201
YBR068C,201
YGR158C,202
YLR270W,202
YPL046C,202
YKR093W,202
YPL229W,202
YBR077C,203
YBR131W,203
YNL097C,203
YPR029C,203
YMR319C,203
YLR431C,203
YMR100W,203
YFL025C,203
YHR079C,203
YDL005C,203
YOL055C,203
YOR298C-A,203
YOR239W,204
YGR251W,204
YJL124C,204
YHR175W,204
YNL154C,204
YMR251W-A,204
YBR146W,204
YLR054C,204
YOL108C,205
YML023C,205
YIL071C,205
YGR240C,205
YKL205W,205
YDR038C,205
YLR285W,205
YOR295W,205
YOR061W,205
YKR020W,205
YER070W,205
YCR007C,205
YMR290C,205
YPL188W,205
YNL297C,206
YDR009W,206
YDR504C,206
YBL011W,206
YKR031C,206
YNL160W,206
YEL060C,206
YGL169W,206
YBR220C,207
YHR001W-A,207
YJL101C,207
YIL009W,207
YKL081W,207
YDR052C,207
YML009W-B,208
YHL003C,208
YBR016W,208
YGR161C,209
YFR052W,209
YBR297W,209
YKL104C,209
YKL156W,209
YBR048W,210
YOL126C,210
YLR045C,210
YAL003W,210
YHL014C,210
YPL058C,210
YNL211C,210
YLR221C,211
YDR538W,211
YML022W,211
YCR052W,211
YHR157W,211
YOR101W,211
YDR508C,211
YER169W,211
YDR175C,211
YLR421C,212
YMR287C,212
YKL134C,212
YDL059C,212
YGR127W,212
YML030W,213
YGL250W,213
YFL033C,213
YLR036C,213
YER114C,213
YPL115C,213
YJR010C-A,213
YJL005W,213
YOL054W,213
YBL047C,214
Q0065,214
YMR171C,214
YPR145C-A,214
YBR221C,214
YLR192C,214
YNL075W,214
YPL189C-A,214
YBR098W,215
YGR173W,215
YCR026C,215
YNL268W,215
YGR049W,215
YJL106W,215
YKR017C,215
YDR206W,216
YDL014W,216
YNL265C,216
YPL075W,216
YBR210W,216
YJL199C,216
YEL054C,216
YER051W,216
YGR044C,216
YHR150W,216
YDR291W,216
YLR407W,216
YLR300W,217
YBR200W,217
YGL140C,217
YLR048W,217
YGL252C,217
YBR024W,217
YJR017C,218
YLR324W,218
YLR325C,218
YFL005W,218
YBL059C-A,219
YJL024C,219
YPR181C,219
YEL034W,219
YBR216C,219
YOR315W,220
YJL082W,220
YOR248W,220
YER134C,220
YOL056W,220
YER105C,220
YGR255C,220
YMR203W,221
YDL067C,221
YER037W,221
YNL021W,221
YML007W,221
YHR128W,221
YDR184C,221
YGL058W,222
YLR390W-A,222
YDL085C-A,222
YPR073C,222
YLR455W,222
YDL055C,222
YDL175C,223
YIR001C,223
YBL043W,223
YOR179C,223
YBL100C,223
YGL122C,223
YDR099W,223
YGR083C,223
YHR090C,223
YKL040C,224
YML013W,224
YER007W,224
YOL019W,224
YOR189W,225
YGR047C,225
YIL022W,225
YGL055W,225
YPR036W-A,225
YDR433W,225
YGL035C,225
YPL255W,225
YBL031W,226
YMR257C,226
YGL113W,226
YOR374W,226
YDR146C,226
YFL037W,226
YDR111C,227
YNL031C,227
YOR195W,227
YJR077C,227
YOL039W,227
YCR001W,227
YDR519W,227
YER095W,228
YKR016W,228
Q0085,228
YDL049C,229
YDR525W-A,229
YGR266W,229
YER133W,229
YAL021C,229
YGR064W,229
YDR352W,230
YLR150W,230
YPR111W,230
YOR217W,230
YLR261C,230
YLR451W,230
YGL066W,230
YLR271W,230
YPL078C,231
YDR035W,231
YDL106C,231
YLR331C,231
YDL148C,231
YOR317W,231
YDL189W,231
YOR066W,231
YPR124W,231
YDR361C,231
YGL043W,231
YGR117C,231
YHR027C,232
YIL030W-A,232
YLR373C,232
YDR327W,232
YLL010C,232
YBR238C,232
YKR039W,232
YGR191W,232
YDL176W,232
YGL213C,232
YER064C,232
YMR104C,233
YDL203C,233
YKL164C,233
YDR485C,234
YIL119C,234
YKR042W,234
YOR377W,234
YJR068W,234
YJL144W,234
YLR287C,234
YGL062W,235
YOL001W,235
YBR233W-A,236
YNL287W,236
YLR153C,236
YNL099C,236
YLR170C,237
YHR144C,237
YNL111C,237
YLL060C,237
YNR034W,237
YJR124C,238
YNR068C,239
YHL040C,239
YDR074W,239
YLR295C,239
YPL093W,239
YDR264C,239
YPL169C,239
YLR005W,240
YMR002W,240
YHR143W,241
YEL025C,241
YML058W,241
YPR115W,241
YER004W,241
YKL216W,241
YHR061C,241
YGL003C,241
YDR096W,242
YGL126W,242
YDL004W,242
YPL203W,242
YPL163C,242
YDR213W,242
YEL056W,242
YBL015W,242
YJR106W,242
YGR086C,242
YNL024C-A,243
YOR385W,243
YBR162C,243
YGL187C,244
YOL052C-A,244
YER076C,244
YOL098C,245
YLR208W,245
YGL251C,245
YCR023C,245
YKR071C,246
YGL191W,246
YPL179W,246
YGR033C,246
YHR082C,246
YPL076W,246
YLL011W,246
YBR296C,246
YER161C,246
YPR034W,247
YLR180W,247
YMR122W-A,247
YLR347C,247
YBL071W-A,248
YEL027W,248
YBR049C,248
YEL061C,248
YOL059W,248
YHR007C,248
YNR027W,248
YOR156C,248
YDL206W,248
YPL159C,249
YJL013C,249
YER129W,249
YGL106W,249
YLR342W,249
YHR024C,249
YLR448W,249
YJR108W,249
YML036W,250
YER079W,250
YCR008W,250
YDL129W,252
YDR346C,252
YGL101W,252
YML110C,253
YBR193C,253
YER015W,253
YPR013C,253
YOR359W,254
YPL226W,254
YKL039W,254
YOR052C,256
YER040W,256
YHR116W,256
YNL052W,256
YGL080W,256
YPL014W,256
YDL010W,257
YBL010C,257
YOL060C,257
YGL044C,257
YDR028C,257
YLR446W,257
YNL300W,257
YHL044W,258
YKL077W,258
YLL041C,259
YGR002C,259
YNL255C,259
YJR050W,259
YPL103C,259
YOR039W,259
YGR045C,260
YPR151C,260
YMR018W,260
YNL095C,261
YNL214W,261
YDL002C,262
YER025W,262
YBR071W,262
YMR176W,263
YGR013W,263
YDL141W,264
YDR014W,264
YMR161W,264
YKR009C,264
YKL105C,264
YER149C,265
YNL032W,265
YJL004C,265
YJL127C,266
YBL049W,266
YGL005C,266
YNL261W,266
YKL061W,267
YBL099W,267
YHR143W-A,268
YDL093W,268
YPL164C,269
YJL127C-B,269
YNL172W,269
YLR091W,270
YPL224C,270
YGL206C,270
YKL212W,270
YGR234W,270
YOR057W,270
YDR524C,271
YDR502C,271
YDL046W,271
YNL127W,272
YNR026C,272
YKL220C,272
YBR192W,272
YLL038C,272
YFR023W,272
YGL028C,273
YLR395C,273
YAL016C-B,273
YFL050C,273
YLR304C,274
YGR061C,274
YDR540C,274
YBL030C,275
YNL085W,275
YGR170W,276
YPL036W,276
YOR358W,277
YLR014C,278
YOR085W,278
YHL042W,279
YNL246W,279
YDR263C,279
YLR195C,280
YBL079W,280
YPL134C,280
YDR069C,281
YKL153W,281
YOL023W,281
YOR228C,281
YOR341W,282
YJR087W,282
YOR008C,283
YFR032C-B,283
YPR159W,283
YPL265W,283
YOR141C,284
YOR301W,284
YPL107W,285
YNR061C,285
YPR011C,286
YGR249W,286
YOR318C,287
YOL133W,287
YBR112C,287
YLR092W,287
YDR350C,288
YMR030W,288
YGR132C,288
YOR363C,289
YER124C,289
YER075C,289
YKR055W,290
YDR062W,290
YDL232W,290
YER001W,291
YJR005W,291
YLR297W,291
YGR113W,291
YLR038C,291
YLR006C,291
YDR079W,292
YMR205C,292
YGR030C,292
YOR210W,293
Q0080,294
YPL005W,294
YKL070W,295
YML019W,295
YGR074W,295
YPR185W,295
YHL015W,295
YLL032C,296
YLR361C,296
YMR144W,298
YML032C,300
YHR206W,300
YKR054C,301
YDR293C,301
YOR113W,303
YGL215W,303
YJL159W,304
YGR161W-C,304
YGL014C-A,304
YBL005W,305
YER023C-A,305
YPL015C,305
YOL042W,305
YKL028W,306
YDR078C,307
YBR217W,307
YOL136C,307
YLR418C,307
YKL116C,307
YGL070C,307
YER158W-A,309
YJL149W,310
YNL159C,310
YGR031W,310
YIL155C,310
YHR084W,311
YPL127C,312
YOR111W,312
YOR213C,312
YDR091C,313
YHR148W,313
YJL143W,314
YBL046W,314
YPR065W,314
YHR132W-A,316
YGL033W,316
YBR161W,316
YIL090W,317
YJL026C-A,318
YJR138W,319
YPR025C,319
YLR120C,321
YNL131W,321
YOR219C,321
YIL014C-A,321
YOR211C,321
YGR057C,322
YNL307C,322
YIL138C,322
YML116W,322
YPR154W,323
YCR084C,324
YGL139W,325
YOR304C-A,325
YOR107W,325
YER136W,326
YKR052C,326
YDR480W,326
YPR070W,326
YDR077W,327
YOR065W,328
YHR012W,328
YLL013C,328
YMR079W,329
YML120C,330
YLR086W,330
YHR086W,330
YIL145C,331
YER048W-A,332
YDR090C,332
YKR051W,332
YIL123W,332
YPL047W,332
YHR067W,334
YBR085C-A,334
YNL260C,334
YKL068W-A,335
YPR092W,335
YPR104C,336
YOL007C,336
YLR211C,338
YGR183C,338
YBR153W,339
YFR008W,339
YDR054C,340
YBR121C-A,341
YPR071W,341
YDR419W,342
YGR046W,344
YDR122W,345
YER170W,345
YOR229W,346
YJL099W,347
YMR200W,348
YJR147W,348
YFR034C,350
YHR155W,350
YGR169C-A,351
YJR115W,351
YOL163W,352
YKL109W,353
YDR464W,354
YIL029C,354
YML027W,355
YOL130W,356
YKL058W,357
YCR061W,360
YNR004W,360
YOR308C,360
YPL202C,361
YNL184C,361
YJR107W,361
YJR002W,361
YLR258W,361
YPL057C,361
YBR054W,363
YOR154W,365
YLR345W,366
YPL135W,366
YNL162W-A,367
YOL097W-A,367
YMR252C,369
YKL163W,371
YKL051W,372
YGL072C,374
YOR316C-A,376
YPR152C,376
YER125W,377
YDR241W,379
YFR020W,380
YLR190W,380
YER104W,382
YPR149W,385
YDR020C,386
YDR065W,387
YNL158W,388
YMR080C,388
YKL194C,389
YKL085W,390
YDR247W,391
YGR143W,392
YBL056W,394
YLL025W,395
YPL190C,395
YLR141W,399
YNL235C,400
YLR343W,402
YKL062W,402
YOL164W-A,403
YML029W,404
YDR377W,405
YJL156C,405
YDR275W,405
YEL024W,407
YGL102C,411
YOL116W,412
YGL254W,412
YOL164W,414
YMR162C,414
YBL051C,416
YFL031W,416
YIL028W,417
YLR264C-A,417
YGR075C,421
YER123W,422
YMR320W,423
YPL191C,425
YER116C,426
YCR054C,428
YDR138W,429
YGL125W,434
YLR154C-G,437
YDR033W,441
YDR439W,441
YMR223W,441
YDR082W,442
YMR103C,444
YIR005W,445
YBR056W-A,446
YLR154W-F,446
YEL017C-A,447
YHR051W,453
YPL145C,455
YNL230C,456
YDL017W,456
YLR154W-A,458
YBL078C,459
YHL033C,468
YFR055W,470
YER006C-A,475
YOL028C,483
YER184C,483
YER078W-A,486
YGL071W,487
YGL008C,492
YDR073W,493
YNL016W,495
YAR003W,496
YMR299C,499
YLR226W,502
YOL159C-A,504
YDL142C,504
YKL044W,511
YPR024W,512
YDL037C,513
YBR107C,520
YKL145W-A,521
YNL249C,525
YDR490C,531
YNL190W,543
YLR171W,545
YCL041C,553
YEL048C,556
YKR064W,560
YEL046C,564
YPL200W,565
YIL110W,566
YLR369W,570
YER038C,577
YHR070W,579
YPR032W,582
YOR097C,585
YPR126C,589
YJR060W,590
YDR252W,591
YCR089W,594
YLR313C,598
YGR168C,599
YNL245C,600
YER175W-A,605
YPL264C,609
YLR286W-A,613
YOR077W,617
YIL147C,619
YOR053W,625
YLR168C,630
YNL065W,632
YDL028C,636
YGL197W,642
YLR264W,643
YMR316C-A,646
YLL042C,648
YJL009W,655
YCR013C,656
YKL144C,665
YNL197C,666
YGR025W,677
Q0070,679
YFL032W,689
YNR039C,691
YNR070W,694
YML095C,699
YLR433C,700
YDR428C,701
YHR101C,707
YMR052W,708
YOR169C,714
YOR204W,722
YMR167W,724
YLR415C,731
YOR242C,740
YPR160C-A,754
YBL048W,765
YCR020W-B,779
YJL139C,789
YMR073C,795
YGR040W,804
YOR328W,806
YMR140W,821
YDR488C,824
YBR027C,824
YJL025W,841
YML076C,846
YGR050C,847
YMR282C,849
YGL154C,850
YOR183W,852
YNL198C,858
YBL077W,860
YHR099W,861
YCL042W,863
YNL152W,868
YJR048W,892
YPL100W,904
YDR363W,925
YLR336C,929
YMR268C,952
YNL179C,955
YML127W,980
YOL067C,1002
YDR157W,1027
YER141W,1038
YHR049C-A,1039
YMR209C,1045
YER140W,1065
YOR203W,1076
YPL236C,1080
YDR004W,1084
YFL003C,1097
YCL046W,1123
YNR007C,1125
YIL102C-A,1147
YEL045C,1171
YNL097C-B,1171
YIR012W,1173
YNL219C,1192
YDL094C,1193
YDL021W,1198
YBL080C,1231
YKL112W,1274
YIL084C,1275
YMR132C,1284
YIR033W,1288
YGL237C,1292
YOL137W,1299
YER173W,1301
YOR060C,1335
YER088W-B,1407
YJR135C,1407
YGL098W,1423
YDR501W,1461
