Systematic Name,Aliphatic Index
YMR173W,6.62
YMR175W,13.15
YHR055C,13.27
YHR053C,13.27
YER088W-B,16.71
YKR092C,19.04
YDR500C,19.77
YLR185W,19.8
YPL223C,21.58
YBR016W,22.43
YNL208W,23.14
YHR116W,24.39
YLL009C,25.35
YDL184C,25.96
YDL133C-A,25.96
Q0297,27.02
YFR012W-A,27.84
YDR461C-A,27.93
YFL010C,29.09
YCL028W,31.19
YBL006W-A,32.11
YLR154W-C,32.15
YGR159C,32.4
YDL012C,32.41
YNL190W,32.8
YNL255C,32.8
YMR174C,32.98
YOL123W,33.54
YKL054C,33.64
YGR008C,34.26
YFR003C,34.87
YNR049C,34.98
YDL223C,35.16
YGR169C-A,35.35
YJL041W,35.35
YIL079C,35.78
YER030W,36.81
YNL338W,37.08
YNR001W-A,37.86
YPL055C,37.98
YBR089C-A,37.99
YOR072W-A,38.96
YDR432W,38.99
YPR129W,39.15
YKL195W,39.45
YDR192C,39.47
YJR082C,39.78
YFL014W,40.22
YFR032C-A,40.28
YLR327C,40.89
YDR210W,40.97
YGR268C,40.99
YDL061C,41.12
YOL085C,41.51
YMR269W,41.7
YMR002W,41.89
YDL037C,41.94
YOR008W-B,42.13
YDL085C-A,42.19
YLR038C,42.45
YML017W,42.51
YGL108C,42.66
YOR098C,42.92
YMR244C-A,42.92
YJR005C-A,42.93
YPR052C,43.13
YMR263W,43.19
YPL186C,43.29
YER035W,43.38
YDL175C,43.58
YFR017C,43.6
YPL230W,43.63
YML058W,43.77
YLR388W,43.83
YDR003W-A,43.83
YOR302W,44.45
YAR029W,44.48
YIR019C,44.61
YJR094C,44.67
YMR242W-A,44.98
YHR141C,45.17
YNL162W,45.17
YNR024W,45.27
YLR412C-A,45.42
YLL019W-A,45.48
YPL049C,45.8
YNL097C-B,45.91
YOR123C,45.95
YPL205C,45.98
YNL195C,46.02
YLR335W,46.1
YBR152W,46.15
YHR089C,46.17
YMR107W,46.4
YMR295C,46.5
YBR108W,46.58
YEL039C,46.6
YNL136W,46.63
YNL067W-B,46.67
YNL211C,46.69
YDL053C,46.75
YOR189W,46.79
YGL222C,46.86
YBL081W,47.02
YDL189W,47.19
YPL181W,47.19
YLR219W,47.2
YBR103C-A,47.2
YJL189W,47.23
YGR025W,47.42
YER161C,47.42
YMR164C,47.51
YGL244W,47.68
YIL077C,47.69
YGR009C,47.69
YDR348C,47.7
YIR001C,47.71
YDR525W,47.73
YDL226C,47.75
YLR150W,47.91
YGL181W,47.92
YGL029W,47.92
YLL066W-B,48.0
YLR206W,48.09
YLR218C,48.15
YER104W,48.29
YER188W,48.31
YMR043W,48.36
YJR140W-A,48.38
YFR034W-A,48.43
YOR335W-A,48.47
YOR113W,48.58
YIL135C,48.62
YCR087C-A,48.82
YMR086W,48.97
YPL190C,49.08
Q0142,49.15
YPL089C,49.17
YBL068W-A,49.18
YDR207C,49.2
YDR070C,49.25
YMR047C,49.34
YDR365C,49.37
YLR262C-A,49.37
YOR287C,49.45
YKL053C-A,49.51
YKR041W,49.64
YGR178C,49.68
YDR002W,49.76
YER038W-A,49.78
YBR056C-B,49.82
YPL054W,49.85
YML053C,49.86
YKL172W,49.87
YML037C,49.99
YKL204W,50.03
YMR070W,50.07
YER122C,50.11
YDR163W,50.14
YKL160W,50.15
YGR280C,50.21
YDR260C,50.23
YOL038C-A,50.27
YHL024W,50.28
YGR017W,50.45
YMR311C,50.59
YER121W,50.64
YDR143C,50.71
YGR196C,50.72
YEL020W-A,50.78
YOR083W,50.82
YHR097C,50.86
YLR361C-A,50.88
YOL085W-A,50.89
YER158C,50.9
YDL186W,50.99
YPR163C,51.0
YNL004W,51.04
YCL037C,51.09
YBR157C,51.19
YER167W,51.19
YKL032C,51.2
YMR234W,51.25
YLR317W,51.27
YGL237C,51.3
YGL066W,51.5
YER033C,51.53
YGR162W,51.62
YOR379C,51.62
YER079W,51.73
YER187W,51.78
YCR018C,51.82
YCL011C,51.98
YBL093C,52.08
YML113W,52.08
YGL070C,52.14
YOR042W,52.24
YER091C-A,52.24
YPL038W-A,52.35
YKL068W,52.37
YBL028C,52.37
YNR014W,52.38
YMR206W,52.38
YDL005C,52.45
YJL166W,52.5
YFR033C,52.5
YPL250C,52.51
YNL308C,52.57
YOL054W,52.58
YDR034W-B,52.61
YDR515W,52.64
YLR146W-A,52.76
YLR222C-A,52.77
YBR190W,52.85
YOR052C,52.86
YKL093W,52.9
YGR129W,52.92
YDL169C,52.99
YGL170C,53.03
YLR149C-A,53.04
YAR035C-A,53.06
YFL010W-A,53.07
YBL058W,53.12
YOL118C,53.21
YIL084C,53.29
YJL056C,53.31
YAL025C,53.32
YOR008C,53.32
YDR482C,53.33
YLR323C,53.34
YDR043C,53.35
YMR195W,53.38
YOR091W,53.39
YDR088C,53.45
YLL018C-A,53.49
YNL124W,53.53
YHR084W,53.55
YDR313C,53.56
YGL031C,53.66
YDL099W,53.8
YGR072W,53.82
YLR068W,53.84
YMR039C,53.94
YJL144W,53.97
YIL136W,54.03
YDL153C,54.06
YNL007C,54.07
YGR029W,54.07
YDR118W-A,54.08
YKL087C,54.1
YKL214C,54.12
YDR077W,54.12
YGL049C,54.13
YDR363W-A,54.18
YGR275W,54.19
YEL007W,54.19
YGL254W,54.21
YLR104W,54.23
YKR102W,54.3
YNL016W,54.32
YER088C,54.36
YDL157C,54.36
YLR009W,54.5
YAL039C,54.55
YDR028C,54.58
YJR048W,54.6
YHL034C,54.61
YMR255W,54.62
YMR016C,54.67
YHR082C,54.73
YML007W,54.73
YLR157W-E,54.76
YJR125C,54.76
YNL215W,54.81
YPL229W,54.83
YLR281C,54.89
YAR014C,54.89
YMR124W,54.96
YDR169C-A,54.98
YBR056W-A,55.02
YOR104W,55.03
YLR280C,55.07
YDR171W,55.13
YOR239W,55.13
YPR074W-A,55.15
YKL062W,55.16
YPR107C,55.24
YJL104W,55.27
YOR376W-A,55.28
YJR146W,55.32
YMR181C,55.33
YBL039W-B,55.34
YOL133W,55.39
YGR183C,55.4
YLR204W,55.4
YNR020C,55.41
YMR260C,55.41
YCR088W,55.46
YDR045C,55.53
YMR219W,55.62
YGL174W,55.65
YGL191W,55.69
YKR090W,55.69
YBR066C,55.7
YGL019W,55.73
YKL099C,55.77
YAR002W,55.78
YHR016C,55.84
YNR047W,55.87
YAR064W,55.88
YGL122C,55.9
YER067W,56.01
YDR344C,56.03
YMR114C,56.03
YBR230W-A,56.05
YHR149C,56.08
YML093W,56.12
YOR267C,56.15
YLR375W,56.16
YKL137W,56.2
YLR029C,56.26
YMR121C,56.26
YJL216C,56.26
YGR148C,56.26
YLR178C,56.29
YHR213W-B,56.29
YLR271W,56.33
YER040W,56.35
YCL042W,56.37
YNL076W,56.37
YNL309W,56.46
YLR053C,56.46
YKL082C,56.47
YBR045C,56.5
YHR159W,56.55
YGR167W,56.57
YMR252C,56.62
YHR005C-A,56.64
YOL109W,56.67
YMR161W,56.7
YLR223C,56.71
YGR251W,56.71
YBL085W,56.72
YBL113C,56.75
YJL148W,56.76
YKL059C,56.8
YIR003W,56.87
YFL051C,56.89
YLR287C-A,56.93
YOR182C,56.93
YLR403W,56.97
YKL068W-A,56.99
YLR136C,57.0
YDL181W,57.01
YJR060W,57.04
YBL043W,57.05
YMR211W,57.06
YGL058W,57.06
YOR181W,57.08
YBR269C,57.16
YOL144W,57.21
YPL263C,57.22
YGR153W,57.22
YDR412W,57.22
YLR154C-H,57.23
YLR156C-A,57.23
YLR157C-C,57.23
YLR159C-A,57.23
YNL175C,57.26
YMR036C,57.26
YER114C,57.28
YDR231C,57.3
YGR285C,57.3
YBL031W,57.31
YHR152W,57.31
YKR045C,57.34
YNL283C,57.38
YBR007C,57.39
YDR461W,57.4
YCL051W,57.41
YOR383C,57.41
YGR051C,57.42
YBL046W,57.43
YOR020W-A,57.44
YBR126W-B,57.46
YDR512C,57.49
YNL091W,57.52
YOL148C,57.52
Q0182,57.55
YDR068W,57.57
YOL157C,57.58
YMR244W,57.59
YKL023W,57.62
YMR201C,57.63
YPL178W,57.63
YJR093C,57.67
YBR131C-A,57.69
YMR014W,57.7
YGR035C,57.72
YMR273C,57.76
YGR130C,57.79
YMR001C-A,57.8
YOL028C,57.81
YHR040W,57.84
YLR298C,57.87
YLR051C,57.88
YDL088C,57.88
YKR085C,57.98
YDL051W,57.99
YLR079W,58.01
YIL172C,58.06
YJL221C,58.06
YGR186W,58.06
YOR188W,58.07
YIL105W-A,58.09
YNL027W,58.11
YEL059C-A,58.12
YHR022C-A,58.16
YDR309C,58.27
YJR017C,58.31
YHR136C,58.41
YPL193W,58.42
YIL020C-A,58.44
YFR024C-A,58.48
YGR143W,58.52
YCR033W,58.54
YPL108W,58.56
YJL119C,58.58
YPL124W,58.58
YMR276W,58.59
YGR136W,58.6
YER102W,58.63
YBL072C,58.63
YKR100C,58.64
YOR140W,58.67
YBR201C-A,58.67
YGR287C,58.67
YOR358W,58.68
YGR202C,58.68
YNL176C,58.69
YBL007C,58.72
YNL196C,58.73
YLL011W,58.73
YOR077W,58.78
YJR053W,58.8
YDR145W,58.81
YJL026C-A,58.84
YDL173W,58.84
YKL143W,58.86
YBR071W,58.89
YNL023C,58.96
YNL227C,58.97
YJL116C,58.99
YDR478W,59.0
YDL092W,59.02
YNL161W,59.08
YMR182C,59.09
YJL203W,59.1
YNL050C,59.1
YBR049C,59.11
YJR083C,59.15
YNR051C,59.18
YGL073W,59.18
YLR257W,59.19
YPR072W,59.19
YGR229C,59.2
YBR135W,59.21
YNL278W,59.23
YPR013C,59.26
YDL161W,59.28
YKL105C,59.29
YIL122W,59.29
YGL209W,59.3
YHR177W,59.3
YNL154C,59.35
YFR036W,59.36
YGR126W,59.36
YNL173C,59.39
YPL225W,59.4
YHR212W-A,59.43
YPR008W,59.47
YDR054C,59.47
YJL105W,59.51
YJL162C,59.57
YBR299W,59.6
YIR006C,59.67
YPL180W,59.69
YML016C,59.72
YDR266C,59.74
YDL020C,59.75
YER058W,59.78
YIR025W,59.81
YNL067W-A,59.81
YLR366W,59.88
YIL063C,59.89
YLR416C,59.93
YPL255W,59.94
YOR066W,59.94
YKL070W,59.96
YIL162W,59.97
Q0092,59.97
YMR294W-A,59.98
YHL009C,60.02
YPR124W,60.03
YGR292W,60.07
YLR437C,60.12
YDL048C,60.14
YIL082W,60.15
YDR473C,60.16
YBL071W-A,60.17
YKL138C,60.2
YHR061C,60.2
YNR054C,60.24
YER048W-A,60.24
YER107C,60.25
YKR066C,60.25
YBL054W,60.26
YKL156C-A,60.31
YDR480W,60.34
YKL117W,60.36
YDR085C,60.39
YER098W,60.4
YER027C,60.48
YOR073W,60.5
YNL157W,60.51
YML032C,60.53
YAL011W,60.54
YMR081C,60.56
YBR194W,60.57
YBR057C,60.58
YER048C,60.59
YML074C,60.63
YDR003W,60.64
YGR250C,60.64
YPR018W,60.66
YDR256C,60.66
YPL025C,60.66
YBL044W,60.68
YLR154C-G,60.7
YKL112W,60.7
YNL018C,60.72
YJL078C,60.72
YEL040W,60.73
YER028C,60.76
YGR237C,60.76
YGR088W,60.78
YML081C-A,60.83
YDR485C,60.84
YOR006C,60.84
YMR135W-A,60.88
YDR005C,60.91
YGR239C,60.92
YJR059W,60.94
YKL185W,60.95
YIL119C,61.0
YOR034C-A,61.01
YPL083C,61.02
YJR043C,61.03
YBR267W,61.05
YJR094W-A,61.05
YPR043W,61.05
YOR381W-A,61.06
YHL028W,61.09
YNL152W,61.1
YML098W,61.12
YJL020C,61.12
YDL064W,61.14
YDR364C,61.16
YDL241W,61.18
YER054C,61.18
YCR028C-A,61.18
YJL174W,61.2
YPR154W,61.21
YBR212W,61.22
YKL109W,61.23
YGR145W,61.23
YBL107C,61.24
YJR107C-A,61.28
YOR099W,61.28
YOR027W,61.28
YER127W,61.32
YNL216W,61.37
YGL023C,61.38
YDR172W,61.4
YOR053W,61.4
YPR143W,61.4
YPL043W,61.41
YML008C,61.42
YKL042W,61.43
YNL074C,61.46
YIL057C,61.47
YPL027W,61.47
YNL039W,61.48
YMR042W,61.5
YJL076W,61.52
YHR185C,61.54
YGL208W,61.56
YML010W,61.57
YGR119C,61.6
YEL074W,61.61
YCL029C,61.62
YHR072W-A,61.63
YPR187W,61.68
YLR187W,61.68
YBR035C,61.68
YBR134W,61.7
YMR140W,61.7
YER123W,61.71
YNL034W,61.73
YPL021W,61.74
YMR111C,61.76
YGL189C,61.76
YJR050W,61.78
YMR180C,61.81
YGR206W,61.82
YOR054C,61.82
YOR011W-A,61.85
YJL124C,61.89
YPR170C,61.89
YHR205W,61.89
YLL043W,61.9
YBR282W,61.91
YOL155C,61.92
YPR035W,61.93
YNL144C,61.94
YCR076C,61.94
YER116C,61.96
YIL169C,61.98
YDR044W,62.0
YPR133W-A,62.01
YLR449W,62.06
YMR307W,62.07
YKL031W,62.08
YBR197C,62.08
YML122C,62.09
YOR276W,62.1
YKR013W,62.11
YGL071W,62.11
YLR149C,62.12
YFR016C,62.12
YLR390W-A,62.13
YLR457C,62.2
YLL052C,62.23
YHR219W,62.23
YOR161W-A,62.24
YJL083W,62.24
YER042W,62.26
YIL019W,62.28
YER063W,62.28
YLR255C,62.29
YNL130C-A,62.29
YCR008W,62.3
YAL044W-A,62.3
YDL213C,62.3
YDR483W,62.31
YER125W,62.32
YNR009W,62.32
YDR463W,62.32
YLR194C,62.34
YJR056C,62.35
YDR224C,62.35
YDR451C,62.36
YOR329C,62.37
YLR161W,62.37
YNL233W,62.37
YLR159W,62.37
YLR156W,62.37
YNL133C,62.4
YBR059C,62.42
YCL033C,62.43
YBR112C,62.46
YPR159W,62.47
YHL025W,62.47
YBR215W,62.47
YGR189C,62.48
YDR540C,62.48
YFL016C,62.5
YFR020W,62.53
YPR096C,62.53
YBR105C,62.53
YLR407W,62.54
YER131W,62.55
YJR151C,62.56
YER165W,62.59
YOR163W,62.61
YOR197W,62.61
YDR494W,62.64
YDR436W,62.66
YGR230W,62.68
YKL074C,62.68
YLR012C,62.69
YPR005C,62.69
YLR116W,62.71
YPR131C,62.71
YHR135C,62.72
YOR232W,62.72
YKR091W,62.73
YOR177C,62.75
YIL123W,62.75
YDL106C,62.79
YPL107W,62.81
YPL177C,62.85
YPR148C,62.88
YBL029C-A,62.89
YOR078W,62.89
YAR050W,62.89
YLR191W,62.91
YFR036W-A,62.91
YKL052C,62.93
YMR196W,62.93
YLR030W,62.94
YER002W,62.94
YEL044W,62.97
YOL029C,62.97
YLR140W,62.98
YBR162C,63.0
YOR032C,63.01
YER175C,63.03
YDR026C,63.03
YDR239C,63.05
YBL086C,63.07
YNL164C,63.08
YKR019C,63.11
YHR059W,63.12
YKR023W,63.12
YMR285C,63.15
YKL095W,63.15
YGL087C,63.17
YFL024C,63.18
YKR099W,63.23
YHR014W,63.24
YLR192C,63.27
YCR025C,63.28
YIL036W,63.29
YPR193C,63.3
YJL095W,63.32
YKL084W,63.33
YOL041C,63.33
YNL246W,63.34
YPR145C-A,63.35
YER112W,63.36
YIL161W,63.37
YPR015C,63.38
YDL065C,63.38
YBR172C,63.4
YIL085C,63.4
YNL103W,63.42
YKL077W,63.47
YDL167C,63.48
YDR146C,63.49
YNL151C,63.49
YLR203C,63.5
YCR063W,63.5
YDR475C,63.54
YIL115C,63.55
YER151C,63.56
YOR186C-A,63.56
YHR146W,63.6
YNL224C,63.62
YPL127C,63.63
YOR372C,63.63
YBR091C,63.64
YGL109W,63.64
YML014W,63.65
YGL188C-A,63.65
YBR285W,63.66
YIL024C,63.67
YMR037C,63.7
YDR183C-A,63.7
YGR097W,63.72
YNL054W,63.72
YLR273C,63.75
YPL217C,63.76
YGL035C,63.77
YHL043W,63.77
YHR213W,63.84
YIL138C,63.84
YPL212C,63.85
YOR308C,63.86
YIL052C,63.86
YLR312C,63.87
YGR160W,63.87
YNL188W,63.89
YLR154C,63.89
YBL059C-A,63.91
YKL089W,63.92
YML004C,63.92
YJL139C,63.92
YEL066W,63.92
YOL116W,63.95
YPR186C,63.98
YJL176C,64.0
YIL101C,64.0
YDR259C,64.01
YOL078W,64.01
YOL014W,64.03
YMR021C,64.04
YLR125W,64.06
YPR151C,64.06
YER032W,64.07
YNL078W,64.09
YIL061C,64.1
YGL025C,64.11
YCL046W,64.11
YNL166C,64.11
YML006C,64.15
YBR221W-A,64.23
YOL051W,64.24
YJL100W,64.24
YFL031W,64.25
YML128C,64.27
YGR001C,64.3
YGL131C,64.3
YPL105C,64.35
YNL167C,64.36
YNL110C,64.36
YJR128W,64.36
YMR102C,64.36
YCL066W,64.37
YCR040W,64.37
YPL020C,64.42
YFL023W,64.43
YDR528W,64.44
YLR183C,64.44
YLR399C,64.5
YOR028C,64.52
YJL115W,64.52
YDR464W,64.54
YOL105C,64.54
YJL184W,64.56
YBR076W,64.56
YDR017C,64.57
YNL097C,64.57
YHR184W,64.6
YGR005C,64.61
YKR061W,64.62
YIL011W,64.63
YBR156C,64.64
YLR387C,64.64
YMR030W,64.67
YGL215W,64.67
YPR073C,64.67
YMR044W,64.69
YJL177W,64.7
YDR381W,64.72
YDR096W,64.72
YDR388W,64.74
YER068W,64.76
YPL278C,64.82
YER045C,64.83
YPL077C,64.87
YDR534C,64.89
YLR445W,64.9
YMR075W,64.91
YBR231C,64.92
YOR229W,64.92
YDR169C,64.92
YLR193C,64.93
YOR242C,64.98
YHR211W,64.99
YER088C-A,65.04
YDL013W,65.05
YKL180W,65.06
YDR223W,65.07
YKL139W,65.07
YGR282C,65.07
YEL068C,65.08
YMR032W,65.08
YPL196W,65.09
YAL034C,65.13
YNL330C,65.13
YNL207W,65.21
YPR104C,65.21
YKR010C,65.25
YGL166W,65.25
YBR182C,65.26
YGR076C,65.28
YMR136W,65.29
YIL112W,65.29
YKL168C,65.29
YKL121W,65.3
YDL150W,65.31
YPL158C,65.33
YOR385W,65.33
YER128W,65.33
YNL068C,65.35
YNL180C,65.35
YNL042W,65.36
YDL217C,65.36
YHL007C,65.37
YNL108C,65.4
YDR471W,65.4
YOR304C-A,65.4
YGR014W,65.41
YOL093W,65.42
YNL197C,65.43
YPL157W,65.43
YOR107W,65.44
YDR250C,65.44
YDR346C,65.44
YBR012C,65.46
YLR244C,65.48
YMR153W,65.48
YDR083W,65.49
YER056C-A,65.52
YNL066W,65.54
YHR131C,65.56
YPR039W,65.57
YMR317W,65.58
YDL162C,65.58
YMR240C,65.61
YBL097W,65.62
YCR066W,65.63
YBR093C,65.64
YBL103C,65.64
YKL018C-A,65.64
YKL108W,65.65
YML094C-A,65.66
YNL097W-A,65.67
YPR078C,65.67
YNL145W,65.68
YGR141W,65.72
YFL050C,65.73
YJL123C,65.74
YLR337C,65.74
YLR169W,65.75
YNL298W,65.75
YIR018C-A,65.76
YIL106W,65.76
YOR178C,65.76
YDL115C,65.77
YMR132C,65.79
YNL204C,65.79
YNR044W,65.79
YDR151C,65.8
YDR246W-A,65.8
YKR058W,65.81
YBR122C,65.84
YFR034C,65.85
YJL110C,65.85
YHR086W,65.86
YOR114W,65.86
YNL183C,65.87
YBR236C,65.9
YNL098C,65.9
YML012C-A,65.9
YPL271W,65.9
YLL013C,65.9
YBL029W,65.91
YPL159C,65.91
YJL165C,65.92
YER130C,65.92
YNL155W,65.93
YPR161C,65.94
YBR205W,65.94
YBL002W,65.95
YDR051C,65.96
YOR293W,65.96
YMR230W,65.96
YLR401C,65.99
YGR066C,65.99
YNL213C,66.02
YBL074C,66.05
YBL061C,66.06
YGR079W,66.06
YFL034C-B,66.1
YDR052C,66.11
YPL116W,66.11
YJR034W,66.12
YEL036C,66.12
YPL096W,66.13
YMR194C-B,66.14
YDR167W,66.15
YDL098C,66.17
YBR062C,66.2
YJL079C,66.2
YKR042W,66.21
YNL230C,66.21
YFR001W,66.21
YPR092W,66.22
YCL049C,66.24
YOR312C,66.24
YMR242C,66.24
YGR044C,66.26
YOL130W,66.27
YPL131W,66.27
YJL068C,66.27
YNL186W,66.3
YHR119W,66.3
YDR162C,66.31
YNL052W,66.32
YOL006C,66.33
YJR092W,66.35
YJL107C,66.36
YDR014W-A,66.36
YOR065W,66.37
YGR002C,66.39
YNR069C,66.39
YAL063C,66.39
YBR199W,66.4
YCL063W,66.4
YPL141C,66.41
YBR258C,66.41
YPL053C,66.41
YNL077W,66.43
YDR505C,66.46
YKL088W,66.47
YML119W,66.47
YPL123C,66.47
YOL030W,66.49
YMR005W,66.51
YNL116W,66.52
YGR221C,66.52
YLR236C,66.52
YHR160C,66.54
YDR363W,66.54
YHR156C,66.56
YDR422C,66.57
YEL075C,66.58
YMR031C,66.58
YNL199C,66.58
YOR355W,66.59
YGR063C,66.59
YIR004W,66.61
YOR070C,66.61
YNL112W,66.62
YIL055C,66.63
YLR286W-A,66.63
YDR153C,66.64
YOR247W,66.64
YER076C,66.65
YOL097W-A,66.68
YPL138C,66.69
YOR204W,66.71
YDR296W,66.73
YDL196W,66.76
YJL066C,66.81
YER084W,66.82
YBL017C,66.82
YKL198C,66.84
YGL232W,66.85
YMR017W,66.85
YBR092C,66.87
YBR083W,66.88
YDR374C,66.88
YAL013W,66.89
YDR510W,66.9
YIL150C,66.9
YLR061W,66.9
YNR065C,66.91
YKR025W,66.92
YGR165W,66.93
YKL028W,66.93
YJL171C,66.94
YDR155C,66.95
YCR099C,66.97
YPR075C,66.97
YDR122W,66.97
YHR090C,66.98
YDR115W,66.99
YIR010W,67.0
YLR278C,67.02
YKL201C,67.03
YPL192C,67.08
YPL119C,67.09
YNR077C,67.09
YDL022C-A,67.1
YKL050C,67.1
YHL013C,67.14
YDL105W,67.14
YOR101W,67.15
YOR119C,67.18
YLR015W,67.2
YHR006W,67.21
YGL015C,67.22
YER034W,67.24
YIL038C,67.24
YCR102W-A,67.27
YKL122C,67.27
YMR072W,67.27
YDR389W,67.28
YPL204W,67.29
YIL096C,67.31
YPL085W,67.33
YBR148W,67.34
YJR089W,67.35
YDR174W,67.35
YBL067C,67.35
YPR112C,67.37
YBR005W,67.37
YLR090W,67.38
YPR111W,67.38
YOL091W,67.4
YLR330W,67.42
YDR094W,67.42
YDR229W,67.42
YGR041W,67.43
YDL188C,67.43
YPR185W,67.44
YMR190C,67.45
YPR171W,67.45
YGR092W,67.46
YKL094W,67.47
YGR023W,67.47
YKL064W,67.48
YIR020W-A,67.49
YPR088C,67.5
YPR030W,67.5
YNR036C,67.52
YOL100W,67.52
YOR289W,67.54
YGR142W,67.54
YGR180C,67.56
YBR050C,67.56
YGR058W,67.58
YOR132W,67.58
YMR091C,67.6
YCR108C,67.61
YER189W,67.61
YFL015W-A,67.63
YOR285W,67.63
YOR063W,67.63
YDR272W,67.64
YDR448W,67.64
YJR144W,67.64
YBR141W-A,67.65
YJL133C-A,67.66
YHL020C,67.67
YCL061C,67.68
YPL170W,67.68
YAR071W,67.7
YOR007C,67.7
YDR186C,67.7
YGL190C,67.71
YML105C,67.75
YML027W,67.75
YOL013W-A,67.75
YOR056C,67.76
YAL028W,67.77
YGL043W,67.77
YHR215W,67.78
YAL032C,67.79
YDR176W,67.8
YLR040C,67.82
YDR024W,67.82
YBL052C,67.85
YGR258C,67.85
YBR129C,67.89
YDR185C,67.9
YLR102C,67.9
YDR245W,67.91
YPR094W,67.91
YIL033C,67.91
YHR124W,67.91
YNL094W,67.91
YML129C,67.92
YJL141C,67.92
YDR227W,67.94
YPR061C,67.95
YKR081C,67.95
YDR289C,67.96
YOR233W,67.96
YDR464C-A,67.97
YPR115W,67.98
YDL114W-A,68.0
YKR015C,68.0
YDR469W,68.0
YPL079W,68.01
YBR280C,68.02
YDR328C,68.03
YHR173C,68.04
YJL129C,68.05
YDR175C,68.05
YDR244W,68.06
YML069W,68.09
YGR273C,68.11
YHR114W,68.11
YDL233W,68.12
YLR213C,68.12
YDL002C,68.12
YOR279C,68.12
YGL150C,68.12
YHR132W-A,68.12
YHR010W,68.13
YCR065W,68.14
YDR524W-C,68.15
YBR056W,68.16
YBR144C,68.18
YIL093C,68.19
YKL005C,68.19
YGL203C,68.21
YCL058W-A,68.22
YDR110W,68.23
YPL199C,68.23
YOR359W,68.24
YLR114C,68.26
YMR193C-A,68.26
YLR429W,68.28
YGL138C,68.28
YDL201W,68.28
YJL164C,68.29
YLR357W,68.29
YNL064C,68.29
YHR036W,68.29
YFL064C,68.3
YPL063W,68.3
YOL097C,68.31
YDL203C,68.31
YOR004W,68.32
YJR063W,68.32
YIL115W-A,68.32
YNL245C,68.33
YDR001C,68.35
YFR013W,68.35
YHR058C,68.35
YDR208W,68.35
YIL163C,68.35
YKR072C,68.35
YOR057W,68.37
YOR019W,68.37
YMR204C,68.37
YIL032C,68.37
YJL185C,68.38
YHL027W,68.39
YCR091W,68.41
YPR062W,68.41
YIL039W,68.43
YLR393W,68.43
YFL021W,68.49
YDR230W,68.5
YGL085W,68.52
YOR268C,68.53
YMR171C,68.55
YNL295W,68.55
YIR016W,68.56
YJL003W,68.56
YDL008W,68.58
YFR023W,68.59
YGR249W,68.6
YKL171W,68.6
YHR073W,68.61
YER100W,68.61
YER074W,68.62
YIL069C,68.62
YMR213W,68.64
YLR395C,68.66
YML021C,68.67
YDL076C,68.68
YDR128W,68.68
YNL317W,68.68
YMR216C,68.68
YLR299C-A,68.69
YPL247C,68.69
YGL096W,68.7
YCL054W,68.7
YPR152C,68.71
YDR025W,68.73
YBR048W,68.73
YPL146C,68.73
YER059W,68.73
YAL064C-A,68.73
YGL220W,68.75
YLR141W,68.75
YER169W,68.78
YGL228W,68.81
YDL129W,68.82
YJL019W,68.82
YJR032W,68.82
YIL022W,68.82
YDR429C,68.83
YBL047C,68.84
YNL061W,68.85
YJR021C,68.86
YGL034C,68.88
YMR291W,68.88
YNL113W,68.88
YLR131C,68.89
YMR200W,68.9
YFL037W,68.93
YGL177W,68.94
YDR310C,68.94
YDL082W,68.94
YEL032C-A,68.95
YLR353W,68.97
YOL070C,68.97
YGR176W,68.99
YKL114C,69.01
YJR002W,69.02
YIR007W,69.03
YER132C,69.05
YDL025C,69.06
YER162C,69.08
YOR252W,69.08
YDL139C,69.09
YKR011C,69.1
YPR022C,69.1
YLL027W,69.1
YGL052W,69.11
YOR168W,69.12
YDR493W,69.16
YPL064C,69.16
YOL066C,69.17
YPR174C,69.2
YDR392W,69.2
YER164W,69.21
YBR225W,69.21
YGR052W,69.22
YGR013W,69.24
YKL012W,69.24
YBR279W,69.27
YKR029C,69.28
YER180C-A,69.28
YOR361C,69.29
YPR095C,69.29
YBL091C,69.3
YEL023C,69.31
YNL118C,69.32
YOR258W,69.32
YLR111W,69.32
YHR032W-A,69.32
YPL133C,69.33
YKL096W,69.34
YJL125C,69.34
YEL060C,69.35
YMR142C,69.35
YGL175C,69.35
YER014C-A,69.36
YPR007C,69.37
YKR006C,69.38
YDL224C,69.39
YKR076W,69.4
YBL051C,69.4
YAR031W,69.4
YDR460W,69.42
YLR019W,69.42
YPR133C,69.43
YDR099W,69.47
YGR161W-C,69.48
YJR047C,69.49
YPL215W,69.5
YHL023C,69.5
YOR300W,69.51
YPL071C,69.52
YDR157W,69.52
YJL062W-A,69.52
YFL042C,69.53
YDL030W,69.53
YLR075W,69.53
YCR089W,69.54
YGL079W,69.54
YBL049W,69.57
YIL078W,69.58
YKL124W,69.58
YGL197W,69.58
YNL043C,69.58
YBL105C,69.59
YFL054C,69.61
YDR030C,69.63
YMR214W,69.64
YOL004W,69.64
YHR093W,69.67
YIL092W,69.67
YDL209C,69.67
YBR273C,69.67
YOR148C,69.7
YBR191W,69.71
YBR060C,69.71
YGL103W,69.71
YJR154W,69.72
YLR120W-A,69.72
YML109W,69.73
YNL029C,69.73
YOR048C,69.73
YOR023C,69.74
YGR037C,69.74
YGR161C,69.75
YDR409W,69.76
YNL229C,69.77
YBL101C,69.78
YDR037W,69.79
YKR075C,69.81
YKR007W,69.81
YDR182W,69.82
YOL036W,69.83
YHR079C-A,69.84
YOL052C,69.84
YER126C,69.86
YCR068W,69.87
YDL216C,69.87
YBR289W,69.88
YJL048C,69.88
YKR017C,69.89
YEL035C,69.89
YMR172W,69.89
YBR223C,69.9
YBR024W,69.92
YKR077W,69.92
YMR100W,69.93
YIL046W,69.94
YNL251C,69.95
YER001W,69.96
YOL067C,69.96
YPL163C,69.97
YFR048W,69.97
YBR262C,69.99
YCR022C,70.0
YHR071W,70.02
YLR455W,70.02
YOL040C,70.04
YJR104C,70.08
YJL127W-A,70.08
YBR198C,70.09
YKL026C,70.09
YDR215C,70.09
YNL323W,70.1
YGR113W,70.11
YGR179C,70.11
YIR018W,70.12
YER106W,70.12
YOR194C,70.13
YOL155W-A,70.13
YBR203W,70.13
YER047C,70.15
YLR462W,70.16
YGR286C,70.16
YIL086C,70.17
YGR227C-A,70.18
YGL080W,70.21
YDR326C,70.22
YNL121C,70.22
YPL080C,70.23
YIL158W,70.23
YEL037C,70.24
YOL022C,70.25
YGR056W,70.27
YOR237W,70.28
YHR080C,70.29
YOR281C,70.29
YNL058C,70.31
YML078W,70.33
YNL306W,70.33
YLR421C,70.33
YNR007C,70.33
YLL010C,70.33
YPL237W,70.33
YOL159C,70.34
YGR220C,70.37
YLL021W,70.37
YKL046C,70.38
YPR065W,70.38
YNL079C,70.41
YDL148C,70.41
YPL048W,70.42
YNL059C,70.42
YER186C,70.44
YDR299W,70.47
YDR420W,70.49
YFL015C,70.5
YOR045W,70.5
YPL187W,70.51
YBR165W,70.51
YGR174C,70.51
YOR255W,70.51
YOR357C,70.51
YNR006W,70.52
YGR081C,70.53
YNL312W,70.53
YOR386W,70.54
YOL114C,70.54
YIL045W,70.55
YIR037W,70.56
YOL138C,70.56
YKR005C,70.59
YDL130W-A,70.6
YMR079W,70.61
YMR179W,70.62
YGR140W,70.62
YOR309C,70.63
YGL156W,70.63
YFR019W,70.64
YMR165C,70.64
YBR228W,70.65
YGR215W,70.66
YML042W,70.67
YDR253C,70.69
YOR069W,70.69
YFL012W,70.7
YDR095C,70.71
YKR048C,70.72
YGL148W,70.72
YML117W,70.73
YLR190W,70.73
YNL143C,70.73
YLR427W,70.74
YBL078C,70.74
YBR081C,70.76
YDR138W,70.77
YOR064C,70.77
YJR019C,70.78
YFR010W,70.78
YNR008W,70.79
YGR007W,70.79
YDR462W,70.8
YDL070W,70.81
YPL179W,70.81
YNL165W,70.81
YJL075C,70.82
YER149C,70.82
YNL138W,70.83
YDR285W,70.85
YDR049W,70.86
YMR238W,70.87
YER178W,70.87
YAR042W,70.87
YDR373W,70.89
YHR060W,70.89
YHR165W-A,70.93
YER177W,70.95
YHR157W,70.95
YIL070C,70.95
YER129W,70.96
YJL084C,70.96
YNR052C,70.97
YDL018C,70.98
YKL072W,70.99
YER065C,70.99
YEL011W,71.0
YOR298C-A,71.01
YGR086C,71.01
YCR026C,71.02
YAL020C,71.02
YLR256W,71.03
YHR086W-A,71.04
YDL165W,71.04
YJL217W,71.04
YLL050C,71.04
YER111C,71.05
YPL098C,71.05
YLR135W,71.05
YNL222W,71.05
YLR279W,71.06
YBR244W,71.07
YDR214W,71.08
YDR452W,71.09
YGR112W,71.1
YOL112W,71.1
YPR009W,71.11
YJR100C,71.11
YGR054W,71.11
YOL131W,71.13
YCL059C,71.14
YLR072W,71.16
YBR072W,71.16
YER029C,71.16
YDL014W,71.17
YDR391C,71.17
YKL194C,71.18
YNL315C,71.18
YNL122C,71.21
YIR015W,71.23
YEL034W,71.24
YBR238C,71.25
YER005W,71.26
YGR252W,71.28
YEL077C,71.28
YKL150W,71.28
YJL016W,71.28
YMR227C,71.29
YCR084C,71.3
YBL038W,71.31
YLR465C,71.31
YOR017W,71.31
YCL027W,71.31
YNL232W,71.32
YML043C,71.32
YGR060W,71.35
YKL101W,71.36
YLR326W,71.37
YGR123C,71.37
YER180C,71.37
YOR230W,71.4
YGR018C,71.4
YGR274C,71.4
YLR196W,71.42
YMR128W,71.43
YPL228W,71.44
YJL187C,71.44
YHR161C,71.46
YDR316W,71.46
YHR102W,71.48
YKR074W,71.48
YDR113C,71.49
YOL154W,71.49
YJL158C,71.5
YPL173W,71.5
YCR016W,71.51
YBR001C,71.52
YPL160W,71.52
YDL230W,71.53
YDR377W,71.53
YJR072C,71.55
YOR127W,71.56
YGR085C,71.59
YDR277C,71.6
YLR286C,71.61
YOR280C,71.61
YNL293W,71.62
YGL226W,71.64
YFR041C,71.65
YJL101C,71.66
YCL031C,71.68
YLR234W,71.7
YOR344C,71.7
YIL004C,71.71
YOL017W,71.71
YLR332W,71.71
YDR446W,71.72
YGL082W,71.72
YHL010C,71.73
YDR152W,71.75
YMR048W,71.76
YIR008C,71.77
YGR236C,71.77
YCL010C,71.77
YGR279C,71.77
YER176W,71.77
YDR405W,71.77
YBR217W,71.8
YDR181C,71.8
YMR061W,71.81
YHR073C-B,71.81
YLR154W-A,71.81
YDL024C,71.83
YDL031W,71.83
YJL168C,71.84
YGL093W,71.85
YDR359C,71.86
YOR322C,71.86
YOL080C,71.87
YLL067C,71.87
YOL015W,71.88
YLR144C,71.89
YOR196C,71.9
YPL194W,71.9
YOL124C,71.91
YGL158W,71.91
YOR156C,71.92
YKL056C,71.92
YBR155W,71.95
YPR006C,71.95
YDR097C,71.96
YBL021C,71.97
YLR097C,71.97
YJL222W,71.97
YJL023C,71.97
YDL122W,71.98
YDR060W,71.99
YHR179W,72.0
YCL057C-A,72.0
YDL166C,72.0
YPL184C,72.01
YHR143W,72.03
YER118C,72.06
YKL186C,72.06
YOR121C,72.06
YHR103W,72.06
YPR102C,72.06
YPL032C,72.07
YML062C,72.07
YCR090C,72.09
YPR177C,72.09
YML130C,72.1
YIL107C,72.11
YDR458C,72.13
YMR082C,72.13
YDR312W,72.13
YGR235C,72.13
YJL051W,72.13
YDR320C,72.15
YCR030C,72.17
YAL003W,72.18
YLR055C,72.18
YIL173W,72.21
YDL195W,72.22
YGR064W,72.23
YJL208C,72.24
YDL036C,72.27
YDL134C,72.29
YKL063C,72.29
YDR381C-A,72.32
YDR369C,72.33
YKR003W,72.33
YPR099C,72.33
YDR123C,72.34
YFR028C,72.35
YNL286W,72.36
YCR031C,72.37
YMR146C,72.39
YHR066W,72.39
YNL272C,72.39
YIL044C,72.39
YDL218W,72.4
YGL028C,72.41
YBR090C,72.42
YER115C,72.43
YML041C,72.45
YBR173C,72.46
YDR454C,72.46
YLR074C,72.47
YER082C,72.49
YJL120W,72.5
YGR203W,72.51
YDR330W,72.51
YMR147W,72.52
YNL137C,72.54
YLR355C,72.55
YLR041W,72.56
YGR170W,72.56
YMR251W,72.58
YHR158C,72.58
YBR255W,72.59
YDR361C,72.59
YGR270W,72.61
YNL238W,72.62
YPL207W,72.63
YOR014W,72.63
YML101C,72.64
YHR015W,72.64
YGL014W,72.65
YMR133W,72.66
YBL100W-C,72.66
YGL210W,72.67
YPL166W,72.67
YOR274W,72.67
YJL098W,72.69
YNL271C,72.69
YGL153W,72.7
YPL233W,72.71
YPR204W,72.71
YOR074C,72.72
YGL099W,72.72
YFR057W,72.72
YMR305C,72.73
YOR012W,72.73
YLR077W,72.74
YJL159W,72.74
YIL111W,72.74
YCR003W,72.74
YIL091C,72.74
YMR053C,72.75
YNL310C,72.75
YOR043W,72.75
YOR290C,72.76
YDL117W,72.76
YLR371W,72.76
YMR166C,72.76
YER011W,72.76
YGR211W,72.78
YOR110W,72.78
YMR019W,72.79
YBR154C,72.8
YDR293C,72.82
YOR371C,72.83
YPR137W,72.83
YBL090W,72.87
YLR095C,72.87
YEL012W,72.88
YAL021C,72.9
YIL095W,72.91
YJL225C,72.93
YKR071C,72.93
YIL127C,72.93
YGL097W,72.95
YIL177C,72.95
YMR193W,72.96
YML034W,72.96
YDR120C,72.96
YMR222C,72.96
YML020W,72.98
YOR251C,72.98
YAL042W,72.98
YNL299W,72.99
Q0032,73.04
YKL129C,73.05
YDL028C,73.05
YBL041W,73.07
YAL064W,73.07
YDR371W,73.08
YNL212W,73.08
YIL114C,73.08
YLR014C,73.09
YMR225C,73.09
YDR010C,73.1
YBR177C,73.11
YDL221W,73.12
YGL003C,73.12
YIL015W,73.12
YGR103W,73.15
YPL117C,73.16
YLR260W,73.17
YDR347W,73.18
YDL113C,73.18
YLL046C,73.18
YMR074C,73.19
YBL024W,73.2
YLR157W-D,73.2
YER031C,73.2
YGL172W,73.21
YPL014W,73.24
YML118W,73.24
YKR012C,73.25
YLR216C,73.25
YER016W,73.25
YAR007C,73.26
YCR096C,73.27
YIR023W,73.27
YIR026C,73.28
YBR139W,73.28
YPL095C,73.28
YGL227W,73.28
YBL066C,73.29
YGL133W,73.3
YKR031C,73.31
YBR018C,73.31
YKL049C,73.32
YDR246W,73.32
YAL019W,73.33
YJL065C,73.34
YGL017W,73.35
YJL191W,73.35
YKL081W,73.35
YJL178C,73.38
YBR150C,73.38
YOR212W,73.39
YNL206C,73.39
YDR379W,73.39
YDL035C,73.4
YFL033C,73.41
YGR188C,73.41
YDR530C,73.41
YLR314C,73.41
YHL021C,73.42
YBR251W,73.43
YLR094C,73.43
YBR195C,73.43
YDL049C,73.43
YER050C,73.44
YLR300W,73.44
YDL019C,73.45
YCL036W,73.46
YOR324C,73.46
YOL007C,73.46
YLR363W-A,73.47
YBL104C,73.47
YDL060W,73.47
YDL067C,73.47
YHL049C,73.49
YDR008C,73.49
YDR334W,73.5
YLR008C,73.5
YNL006W,73.5
YBR170C,73.5
YOL024W,73.51
YDR490C,73.51
YLR343W,73.51
YMR210W,73.53
YLR435W,73.53
YPL202C,73.54
YPL251W,73.55
YCL076W,73.55
YER133W-A,73.56
YOR382W,73.57
YOL071W,73.58
YNL017C,73.58
YPR157W,73.6
YHR118C,73.6
YBL050W,73.61
YGL116W,73.62
YOR203W,73.62
YHR051W,73.63
YGR048W,73.63
YJL197W,73.64
YBR200W,73.65
YJR025C,73.66
YHR150W,73.66
YOR161W-B,73.67
YDR273W,73.68
YKL166C,73.68
YMR158C-A,73.7
YPL249C,73.7
YBR084C-A,73.71
YBL027W,73.71
YGL061C,73.71
YIL041W,73.72
YDL043C,73.72
YLR168C,73.73
YGR246C,73.75
YKL038W,73.75
YOL026C,73.77
YOR047C,73.78
YDR023W,73.78
YOR219C,73.79
YDL227C,73.79
YMR109W,73.79
YHR143W-A,73.79
YML133C,73.8
YOR286W,73.8
YHR207C,73.82
YJL035C,73.82
YLR207W,73.83
YNL138W-A,73.83
YIR042C,73.85
YBR254C,73.85
YBL010C,73.85
YCR072C,73.85
YGL130W,73.85
YPL267W,73.86
YKR049C,73.86
YBR098W,73.86
YER096W,73.88
YDR466W,73.88
YDL225W,73.88
YHR206W,73.89
YHR217C,73.9
YKR035W-A,73.91
YPL100W,73.91
YMR137C,73.91
YOR330C,73.92
YGL105W,73.94
YIR013C,73.94
YHL002W,73.95
YMR224C,73.95
YBL092W,73.96
YCR051W,73.96
YKR021W,73.96
YMR265C,73.96
YMR049C,73.97
YLL022C,73.98
YNR043W,73.98
YIL031W,74.0
YCR020C,74.0
YJL222W-B,74.01
YPL171C,74.01
YPL165C,74.01
YPL004C,74.02
YML035C,74.03
YPR202W,74.04
YPL150W,74.04
YER003C,74.04
YMR156C,74.05
YOR175C,74.07
YDL056W,74.07
YKL148C,74.08
YOR294W,74.08
YOR234C,74.08
YPL121C,74.08
YDR472W,74.08
YER119C-A,74.08
YDR240C,74.09
YMR144W,74.09
YLR099C,74.09
YKL061W,74.11
YDR527W,74.11
YDR087C,74.12
YML015C,74.12
YIL140W,74.13
YBR247C,74.13
YEL043W,74.13
YDL059C,74.14
YIL105C,74.14
YBR161W,74.15
YKL043W,74.15
YPL143W,74.17
YDR217C,74.19
YCR047C,74.22
YHR037W,74.22
YHR054W-A,74.23
YHR052W-A,74.23
YDR351W,74.23
YMR152W,74.24
YLL066C,74.25
YBR184W,74.25
YNL005C,74.26
YDL033C,74.26
YKL060C,74.26
YNL072W,74.26
YPL039W,74.28
YJL042W,74.29
YFL032W,74.29
YMR184W,74.3
YNR040W,74.3
YLR392C,74.31
YPR140W,74.32
YJR004C,74.33
YKL138C-A,74.33
YGL018C,74.33
YDL156W,74.33
YJR097W,74.33
YGR164W,74.35
YMR298W,74.36
YEL009C,74.36
YKR028W,74.38
YAL056W,74.38
YFR009W-A,74.39
YLR225C,74.39
YML054C-A,74.43
YLR085C,74.43
YNL304W,74.43
YAR018C,74.44
YKL183W,74.44
YNL083W,74.44
YHR020W,74.44
YDL089W,74.44
YOL019W,74.46
YBL059W,74.46
YIL153W,74.47
YJR091C,74.47
YGR059W,74.48
YPL005W,74.48
YGL212W,74.49
YKL002W,74.49
YDR251W,74.49
YBR174C,74.5
YGR116W,74.51
YDL087C,74.52
YDR104C,74.53
YMR215W,74.53
YIL125W,74.53
YEL052W,74.54
YOR367W,74.54
YDR274C,74.54
YPL145C,74.55
YDL039C,74.55
YNL107W,74.55
YDR213W,74.56
YGR110W,74.57
YPR045C,74.57
YBR130C,74.58
YLR250W,74.58
YGR124W,74.58
YPR031W,74.59
YLR013W,74.59
YKL075C,74.59
YNR037C,74.6
YNL221C,74.61
YML077W,74.62
YBR193C,74.62
YDL003W,74.64
YHR057C,74.64
YJL026W,74.64
YOR315W,74.65
YNR053C,74.65
YGR225W,74.66
YMR069W,74.67
YJL047C,74.67
YOR238W,74.69
YBR286W,74.69
YDL228C,74.7
YJR126C,74.71
YHR209W,74.71
YMR057C,74.71
YOL082W,74.72
YOR022C,74.73
YGL201C,74.74
YJR069C,74.75
YNL149C,74.75
YLR006C,74.75
YBR137W,74.75
YCL014W,74.76
YER093C-A,74.77
YJL069C,74.78
YIL143C,74.78
YMR052W,74.78
YLR379W-A,74.78
YOR013W,74.78
YOR244W,74.79
YPL155C,74.79
YMR278W,74.8
YCR043C,74.81
YLL057C,74.82
YER023C-A,74.84
YJL045W,74.84
YFR032C,74.86
YOR231W,74.86
YPR188C,74.86
YPL183W-A,74.86
YPR145W,74.86
YKR056W,74.87
YIL021W,74.87
YLR248W,74.9
YJR049C,74.9
YKL219W,74.9
YNL276C,74.91
YOR062C,74.93
YGL027C,74.94
YLR026C,74.94
YJR135W-A,74.95
YAL010C,74.95
YOR292C,74.96
YIR033W,74.96
YDR178W,74.96
YML095C,74.98
YOR325W,74.99
YOR185C,74.99
YDR206W,75.01
YGL207W,75.01
YBL075C,75.03
YDL177C,75.03
YHR088W,75.04
YCR004C,75.04
YNL192W,75.04
YPL140C,75.04
YJL055W,75.06
YNL042W-B,75.06
YJL127C,75.08
YJL186W,75.09
YGR146C-A,75.09
YGL173C,75.09
YLR301W,75.09
YDR156W,75.1
YDL149W,75.11
YBL006C,75.11
YKL041W,75.12
YHR076W,75.12
YLR221C,75.14
YCR059C,75.14
YLR319C,75.15
YPR134W,75.16
YLR128W,75.17
YML085C,75.17
YML112W,75.18
YLR179C,75.19
YLR189C,75.19
YGR245C,75.19
YDR393W,75.19
YPL009C,75.2
YGL013C,75.21
YML110C,75.22
YOR174W,75.23
YDR222W,75.23
YHR126C,75.24
YJL046W,75.24
YLR466W,75.24
YDR081C,75.25
YDR356W,75.25
YHL029C,75.25
YGL136C,75.27
YDL240C-A,75.27
YGL263W,75.28
YDR304C,75.29
YGR046W,75.31
YDR219C,75.31
YKL145W,75.31
YOL139C,75.32
YER049W,75.32
YDL247W-A,75.33
YER041W,75.34
YCR049C,75.34
YOR040W,75.35
YPL222W,75.35
YCR048W,75.35
YLR310C,75.35
YHR087W,75.35
YHR030C,75.35
YHR182C-A,75.36
YOR033C,75.36
YNL314W,75.37
YOR209C,75.37
YAR035W,75.45
YCL032W,75.45
YJL013C,75.45
YMR264W,75.45
YJR086W,75.45
YHR081W,75.47
YNR071C,75.47
YDL222C,75.47
YLR017W,75.47
YNL264C,75.48
YML086C,75.48
YPL070W,75.49
YER190W,75.49
YML124C,75.5
YER020W,75.51
YOL136C,75.51
YDR144C,75.51
YLR296W,75.51
YOR223W,75.52
YCL050C,75.52
YBR015C,75.53
YAR060C,75.53
YDR406W,75.53
YHR212C,75.53
YPR120C,75.54
YDR183W,75.54
YMR141C,75.54
YLR293C,75.54
YKL022C,75.54
YKL163W,75.54
YNL047C,75.55
YOR176W,75.55
YPR199C,75.55
YPR093C,75.55
YLR262C,75.56
YJL070C,75.57
YNL088W,75.57
YKR097W,75.58
YNL337W,75.59
YDR159W,75.59
YLR124W,75.6
YJR127C,75.6
YDR168W,75.63
YMR018W,75.63
YKL155C,75.63
YBR188C,75.63
YBR096W,75.65
YNL300W,75.67
YHL050C,75.68
YMR131C,75.68
YOR220W,75.68
YDL214C,75.68
YER006C-A,75.7
YBR058C,75.7
YNR023W,75.71
YOR039W,75.73
YNL169C,75.73
YGR181W,75.73
YMR199W,75.75
YLL041C,75.76
YOR216C,75.77
YEL019C,75.77
YGL092W,75.77
YNL247W,75.78
YNL093W,75.8
YDL204W,75.8
YBR290W,75.8
YDL243C,75.81
YFR037C,75.81
YDR237W,75.81
YHR132C,75.81
YDR440W,75.82
YLR016C,75.82
YDR036C,75.82
YPL084W,75.83
YPL152W,75.83
YIL066C,75.84
YBR138C,75.86
YJL103C,75.86
YNL089C,75.86
YOR304W,75.86
YDL176W,75.87
YDR379C-A,75.87
YNL104C,75.87
YPL042C,75.87
YCR020W-B,75.88
YOR190W,75.88
YJL128C,75.88
YOR150W,75.88
YMR006C,75.9
YMR272C,75.9
YGR241C,75.92
YJL210W,75.92
YLR175W,75.93
YNL291C,75.94
YOL160W,75.94
YIL152W,75.94
YBR239C,75.96
YLR082C,75.96
YOL027C,75.98
YLR346C,75.98
YGL176C,75.99
YPL093W,75.99
YIR029W,75.99
YBR270C,76.0
YLR096W,76.01
YBR010W,76.01
YBR117C,76.01
YNL031C,76.01
YDR121W,76.01
YKL179C,76.01
YGR219W,76.02
YML094W,76.03
YKL023C-A,76.03
YHR137W,76.03
YNL252C,76.04
YBR037C,76.04
YMR058W,76.05
YNL148C,76.05
R0020C,76.05
YGL213C,76.05
YPR025C,76.06
YJL036W,76.06
YCL034W,76.06
YDR533C,76.08
YBR114W,76.08
YKL045W,76.09
YHR072W,76.1
YER070W,76.1
YGR238C,76.11
YDR439W,76.13
YGR111W,76.13
YLL008W,76.13
YOR313C,76.14
YBR181C,76.14
YPL090C,76.14
YCR014C,76.16
YDR279W,76.16
YLR263W,76.16
YMR284W,76.16
YLR023C,76.16
YPL245W,76.17
YDR142C,76.18
YNL339C,76.19
YML111W,76.19
YGR296W,76.19
YPL283C,76.19
YMR316W,76.19
YKL020C,76.21
YDR009W,76.22
YMR280C,76.23
YDR545W,76.24
YLR467W,76.24
YOR396W,76.24
YJR098C,76.25
YOR265W,76.27
YJL145W,76.27
YML080W,76.28
YBR126W-A,76.29
YGL193C,76.3
YHR198C,76.31
YMR277W,76.31
YOR338W,76.32
YDR517W,76.32
YOR389W,76.32
YOR236W,76.33
YGL155W,76.34
YHR105W,76.34
YMR105C,76.34
YJL011C,76.36
YPL241C,76.38
YLR212C,76.38
YGR226C,76.38
YNL225C,76.38
YOR340C,76.39
YBL060W,76.39
YBR245C,76.4
YDR130C,76.4
YCR060W,76.41
YFR029W,76.41
YOR335C,76.41
YLR410W,76.43
YDR297W,76.44
YJR134C,76.44
YPL086C,76.44
YJR065C,76.45
YDR216W,76.45
YCL055W,76.46
YOR199W,76.46
YLL038C,76.46
YDR507C,76.47
YKL149C,76.47
YPR091C,76.47
YHL042W,76.47
YGR201C,76.48
YDL140C,76.48
YIL102C,76.48
YFL001W,76.48
YBR255C-A,76.48
YLR390W,76.48
YHR115C,76.49
YPR173C,76.49
YEL061C,76.51
YNL106C,76.52
YHR032C-A,76.52
YOL159C-A,76.54
YPL151C,76.55
YHR028C,76.55
YOR260W,76.57
YHR012W,76.57
YPL239W,76.57
YHR067W,76.57
YGR150C,76.58
YIR002C,76.58
YPL118W,76.58
YLR126C,76.58
YBR229C,76.6
YDR520C,76.6
YLR184W,76.6
YPL075W,76.61
YDL211C,76.61
YFL034W,76.63
YEL017W,76.63
YFR026C,76.63
YGL090W,76.64
YOL003C,76.64
YER159C,76.71
YPR132W,76.71
YGR118W,76.71
YBR123C,76.72
YOL110W,76.72
YHR107C,76.73
YDR465C,76.74
YLR025W,76.75
YGR024C,76.76
YPL238C,76.76
YMR191W,76.77
YLR162W,76.77
YFL045C,76.77
YGR265W,76.78
YIR009W,76.79
YIL130W,76.81
YPL106C,76.82
YLR363C,76.82
YDL096C,76.84
YDR403W,76.84
YGL100W,76.84
YIL154C,76.85
YLR451W,76.85
YLR226W,76.85
YHR001W,76.85
YJL020W-A,76.86
YOR191W,76.86
YCR057C,76.86
YDL185C-A,76.87
YJL143W,76.87
YLL003W,76.9
YBL018C,76.9
YKL018W,76.9
YKL196C,76.9
YLR052W,76.92
YOR195W,76.92
YJL211C,76.93
YLR105C,76.94
YLR364W,76.94
YPR037C,76.94
YOR283W,76.94
YBR240C,76.96
YKL157W,76.96
YER090C-A,76.97
YLL029W,76.97
YJL052C-A,76.97
YML114C,76.98
YEL020C-B,76.98
YEL051W,76.98
YBR038W,76.99
YCR024C,76.99
YGL007W,77.01
YAL035W,77.01
YJR110W,77.01
YGL137W,77.01
YJL155C,77.02
YCR094W,77.02
YPR071W,77.02
YDR148C,77.02
YMR223W,77.03
YLR238W,77.04
YOR370C,77.05
YGL045W,77.06
YJL112W,77.07
YMR009W,77.07
YOR138C,77.09
YJR119C,77.1
YPL015C,77.1
YJR131W,77.1
YMR122W-A,77.1
YJR102C,77.11
YHR166C,77.12
YIL047C,77.12
YGL038C,77.12
YOR243C,77.13
YER089C,77.13
YNL234W,77.13
YKL091C,77.13
YKL165C-A,77.14
YDR333C,77.15
YML099C,77.18
YDR200C,77.18
YHR154W,77.18
YCR097W,77.18
YJL002C,77.19
YDR074W,77.19
YKR096W,77.19
YDL017W,77.19
YNR003W-A,77.19
YLR066W,77.19
YPR070W,77.21
YFL013C,77.21
YBR014C,77.21
YDR079W,77.21
YGR019W,77.22
YOR375C,77.23
YNL292W,77.23
YDR032C,77.24
YHR021C,77.24
YAR075W,77.25
YOR003W,77.26
YML061C,77.26
YML057W,77.27
YDR415C,77.27
YOR362C,77.28
YER024W,77.28
YOR341W,77.29
YCL057W,77.3
YLR122C,77.3
YBR125C,77.3
YOR316C-A,77.3
YOR343C,77.31
YER173W,77.31
YBR079C,77.32
YJL133W,77.32
YNL241C,77.32
YDR477W,77.32
YHL033C,77.32
YMR262W,77.32
YLR433C,77.33
YLR382C,77.34
YOL132W,77.34
YDL045C,77.34
YER087W,77.34
YAL059W,77.35
YLR033W,77.35
YOL115W,77.35
YOL121C,77.36
YOR328W,77.38
YOR109W,77.39
YHR195W,77.39
YER103W,77.41
YGL231C,77.41
YPR167C,77.42
YBR011C,77.44
YDR423C,77.44
YGL113W,77.44
YOL087C,77.45
YDR501W,77.45
YKL009W,77.46
YIL005W,77.46
YLR370C,77.47
YER008C,77.47
YDR098C,77.47
YNL045W,77.48
YJL027C,77.49
YLR195C,77.49
YER009W,77.49
YKR095W,77.49
YGR127W,77.49
YFR027W,77.5
YKL128C,77.5
YJR155W,77.5
YDR486C,77.5
YJL081C,77.5
YMR160W,77.51
YLR321C,77.51
YOL063C,77.51
YML065W,77.52
YPL037C,77.53
YIL149C,77.53
YJL157C,77.54
YMR093W,77.55
YML001W,77.56
YPL256C,77.58
YOR072W-B,77.59
YER051W,77.6
YDL110C,77.61
YGL011C,77.61
YGL200C,77.62
YMR008C,77.62
YKR062W,77.63
YHR046C,77.63
YGL250W,77.63
YML079W,77.63
YOL056W,77.63
YIL035C,77.64
YNR045W,77.65
YLR177W,77.65
YBR028C,77.66
YIL100W,77.67
YJL200C,77.69
YOL011W,77.69
YNL194C,77.7
YML058W-A,77.7
YOR387C,77.7
YER156C,77.71
YML115C,77.73
YMR304W,77.73
YOR009W,77.73
YFR049W,77.74
YER139C,77.74
YBR061C,77.74
YHL018W,77.75
YBL056W,77.76
YDL040C,77.77
YNL082W,77.79
YJL140W,77.79
YNL284C,77.79
YCL026C-B,77.79
YGR222W,77.8
YML068W,77.8
YPL067C,77.81
YPR079W,77.82
YGR047C,77.83
YDR221W,77.83
YBR146W,77.85
YBL022C,77.85
YAL062W,77.86
YLR228C,77.86
YGR190C,77.86
YMR089C,77.87
YOR373W,77.87
YDR034C,77.88
YOR217W,77.88
YLR439W,77.88
YPR100W,77.88
YJR067C,77.9
YDL202W,77.91
YLR245C,77.91
YJR035W,77.91
YIL131C,77.92
YKR024C,77.92
YGR107W,77.92
YNL302C,77.93
YMR194W,77.93
YBL009W,77.94
YML050W,77.95
YMR038C,77.96
YML030W,77.97
YBR278W,77.97
YFR006W,77.97
YKL097C,77.98
YGL055W,77.99
YMR220W,78.0
YFL034C-A,78.0
YDR514C,78.0
YDL107W,78.02
YPR053C,78.03
YDR228C,78.03
YMR028W,78.03
YFR011C,78.04
YDR255C,78.04
YGR290W,78.04
YHR175W,78.05
YIL010W,78.06
YEL056W,78.06
YIL014W,78.07
YGR065C,78.07
YNL127W,78.08
YMR135C,78.09
YOR288C,78.09
YML100W-A,78.1
YLR434C,78.11
YMR297W,78.12
YCR052W,78.12
YLL018C,78.12
YOL125W,78.13
YBL023C,78.13
YER046W,78.14
YNL053W,78.14
YLR452C,78.17
YOR153W,78.17
YJR014W,78.18
YDR059C,78.18
YHR178W,78.2
YIL156W,78.21
YPR103W,78.21
YLR268W,78.21
YHR008C,78.21
YBR169C,78.23
YLR336C,78.23
YFR051C,78.24
YJL005W,78.24
YMR250W,78.24
YDR252W,78.25
YOL077C,78.27
YDR411C,78.27
YDR173C,78.29
YOL083W,78.29
YBR082C,78.29
YER046W-A,78.3
YKR063C,78.3
YKR087C,78.31
YKR014C,78.32
YNL187W,78.32
YNL223W,78.33
YIL117C,78.33
YHL032C,78.33
YLR383W,78.34
YPL062W,78.34
YML072C,78.37
YGL258W,78.37
YPL074W,78.37
YGR223C,78.38
YCL007C,78.38
YNL267W,78.39
YLR024C,78.39
YMR261C,78.4
YIL108W,78.4
YPL219W,78.4
YNR034W,78.4
YPL104W,78.41
YPR010C,78.41
YCR107W,78.42
YAL044C,78.44
YLR201C,78.44
YJL122W,78.44
YBR237W,78.44
YKL021C,78.46
YDR292C,78.46
YJR062C,78.47
YDR481C,78.47
YLR018C,78.47
YDL208W,78.48
YJL205C,78.49
YLL024C,78.49
YPL249C-A,78.49
YKL016C,78.49
YPR200C,78.51
YML089C,78.51
YKR057W,78.52
YNL301C,78.53
YOL120C,78.53
YDR109C,78.53
YGR177C,78.54
YHR001W-A,78.55
YBL019W,78.55
YGR295C,78.55
YOR377W,78.55
YHR182W,78.55
YOR218C,78.56
YGL037C,78.56
YMR245W,78.56
YBR121C,78.57
YLL006W,78.58
YGR263C,78.58
YDR125C,78.59
YNR021W,78.6
YDL045W-A,78.61
YDR150W,78.61
YNR067C,78.62
YOR206W,78.62
YML076C,78.62
YNL020C,78.63
YLL019C,78.65
YJL053W,78.66
YBL033C,78.66
YDR337W,78.66
YML088W,78.67
YCR045C,78.67
YDR195W,78.67
YDL187C,78.69
YBL055C,78.69
YDR147W,78.69
YDR455C,78.69
YGL044C,78.7
YLR425W,78.7
YLR303W,78.7
YOL057W,78.7
YPR068C,78.71
YGR089W,78.72
YFL038C,78.73
YDR421W,78.73
YJR150C,78.74
YLR418C,78.74
YEL028W,78.75
YJL131C,78.76
YNL332W,78.77
YPR184W,78.77
YHL048W,78.78
YGL157W,78.79
YNL327W,78.79
YJR061W,78.8
YNL303W,78.8
YDR524C-B,78.8
YER053C,78.8
Q0050,78.81
YNL325C,78.81
YBR234C,78.81
YAL005C,78.82
YHL038C,78.82
YBR196C,78.83
YFL058W,78.83
YLR167W,78.83
YLR200W,78.83
YGL178W,78.84
YLR237W,78.84
YKL156W,78.85
YML126C,78.85
YJR148W,78.86
YDR184C,78.87
YMR077C,78.87
YNL254C,78.88
YGR266W,78.9
YOL113W,78.9
YDL047W,78.9
YBR033W,78.91
YGL183C,78.92
YJL073W,78.93
YBL111C,78.93
YLR043C,78.94
YPL011C,78.94
YNL010W,78.95
YMR198W,78.95
YEL062W,78.95
YHR054C-B,78.95
YHR052C-B,78.95
YBR222C,78.96
YDR286C,78.96
YIR017C,78.97
YLR380W,78.97
YHR127W,78.97
YER062C,78.98
YBR209W,78.98
YLL045C,78.99
YLR069C,79.0
YKR043C,79.0
YPL081W,79.0
YHR117W,79.01
YPL203W,79.01
YNR018W,79.01
YEL002C,79.02
YDR531W,79.04
YER142C,79.05
YHR019C,79.05
YGR121W-A,79.05
YNL260C,79.07
YGL101W,79.07
YIL056W,79.07
YLR309C,79.07
YCR077C,79.08
YGR264C,79.09
YPR119W,79.1
YCR079W,79.11
YEL073C,79.12
YGR102C,79.12
YGL143C,79.13
YPR097W,79.13
YMR300C,79.13
YDL123W,79.14
YKL100W-A,79.14
YER075C,79.14
YJL087C,79.15
YGL086W,79.15
YOR108W,79.15
YDR311W,79.16
YJL022W,79.17
YOR134W,79.18
YGL253W,79.18
YAL023C,79.18
YHR200W,79.18
YNR031C,79.18
YDR261C,79.18
YGL039W,79.18
YDL239C,79.18
YDR119W-A,79.19
YOL038W,79.19
YBR189W,79.19
YNL075W,79.19
YLR132C,79.2
YKR064W,79.21
YLR117C,79.21
YER174C,79.22
YDR287W,79.22
YPR023C,79.23
YDL135C,79.24
YJR016C,79.24
YJL033W,79.26
YLR005W,79.26
YIL126W,79.26
YMR001C,79.28
YGL009C,79.28
YLR059C,79.29
YER080W,79.29
YMR108W,79.29
YBR118W,79.3
YPL209C,79.3
YER152C,79.3
YER038C,79.3
YPR080W,79.3
YGR194C,79.31
YGL202W,79.31
YKL106W,79.32
YDR011W,79.33
YFL019C,79.33
YPL169C,79.33
YPR024W,79.34
YPR042C,79.34
YBR023C,79.35
YJL032W,79.35
YOR356W,79.36
YLR032W,79.36
YDR386W,79.37
YAL037C-B,79.38
YJL043W,79.38
YPL103C,79.38
YAL040C,79.38
YDR194C,79.39
YLR394W,79.39
YJL146W,79.4
YOR151C,79.4
YBR019C,79.4
YPR110C,79.41
YNL322C,79.42
YKL212W,79.43
YBR120C,79.43
YBR034C,79.43
YNL205C,79.44
YBR192W,79.44
YGR094W,79.44
YGR057C,79.44
YPL148C,79.45
YNL162W-A,79.45
YDR006C,79.45
YKL134C,79.46
YKL067W,79.47
YMR027W,79.48
YLR304C,79.48
YML097C,79.48
YBL057C,79.49
YNL092W,79.5
YOR071C,79.5
YER018C,79.5
YPR034W,79.51
YBR131W,79.52
YJR112W,79.52
YLR165C,79.53
YEL016C,79.54
YOR106W,79.54
YAL009W,79.54
YDR314C,79.55
YAL041W,79.55
YGR050C,79.55
YFR040W,79.57
YNL214W,79.57
YER155C,79.58
YPL058C,79.58
YDR247W,79.58
YGL163C,79.59
YKL096C-B,79.59
YDL021W,79.6
YJR138W,79.63
YLR020C,79.64
YHR202W,79.64
YOL135C,79.65
YPR082C,79.65
YPR081C,79.65
YIR039C,79.66
YKL076C,79.66
YPR047W,79.67
YOR224C,79.67
YMR236W,79.68
YMR112C,79.71
YGR209C,79.72
YPR135W,79.73
YNL191W,79.73
YDL234C,79.74
YFR035C,79.74
YDL174C,79.76
YER134C,79.76
YJL182C,79.76
YHR096C,79.78
YOL165C,79.78
YHR165C,79.79
YPL132W,79.81
YGR032W,79.81
YOR227W,79.81
YPL167C,79.82
YPL050C,79.83
YDL074C,79.84
YGL249W,79.84
YKR034W,79.85
YLR058C,79.85
YMR101C,79.86
YAL042C-A,79.86
YDR376W,79.87
YNL102W,79.88
YJR008W,79.88
YLR121C,79.88
YMR183C,79.88
YPR141C,79.88
YGL012W,79.88
YJR156C,79.89
YKR037C,79.9
YER144C,79.9
YLR328W,79.9
YDR322W,79.9
YAL024C,79.9
YBL064C,79.91
YPR101W,79.92
YLL058W,79.92
YKL048C,79.92
YLR109W,79.92
YBR284W,79.92
YOR090C,79.93
YLR294C,79.95
YKL106C-A,79.95
YMR275C,79.95
YNL129W,79.96
YDR487C,79.96
YNR022C,79.96
YNR032W,79.98
YEL003W,79.99
YJL136C,79.99
YDL185W,79.99
YGR243W,79.99
YPR166C,80.0
YPL115C,80.0
YOR256C,80.0
YOR075W,80.0
YLR361C,80.01
YER166W,80.01
YDL244W,80.01
YBL084C,80.01
YGL194C,80.02
YGL219C,80.02
YDL238C,80.03
YGL067W,80.03
YEL067C,80.03
YKR022C,80.03
YBL035C,80.04
YLR215C,80.04
YOR126C,80.06
YJL106W,80.07
YJL170C,80.07
YLR349W,80.07
YKL164C,80.07
YOL145C,80.08
YGR033C,80.08
YGR100W,80.09
YNL069C,80.09
YOL164W,80.09
YGR042W,80.09
YMR318C,80.11
YOR264W,80.11
YLL012W,80.11
YJR036C,80.12
YLR176C,80.12
YPL216W,80.12
YIL034C,80.13
YDL091C,80.13
YOR154W,80.14
YDL136W,80.15
YDL050C,80.15
YML082W,80.15
YDL191W,80.15
YKR084C,80.16
YJL077W-B,80.17
YDR444W,80.17
YFL049W,80.18
YHR109W,80.18
YJR055W,80.18
YPL034W,80.18
YOR352W,80.19
YKL159C,80.2
YGR146C,80.2
YJL012C,80.2
YDR524C,80.2
YFR039C,80.2
YDR430C,80.2
YMR228W,80.2
YPL030W,80.21
YKL055C,80.21
YLL035W,80.22
YCL043C,80.22
YJL156C,80.22
YLL033W,80.23
YDL220C,80.23
YER078C,80.24
YPR087W,80.25
YGR269W,80.26
YNL159C,80.26
YER148W,80.26
YKL024C,80.26
YPR040W,80.28
YDR375C,80.28
YBR242W,80.29
YKL107W,80.29
YDR357C,80.29
YHR077C,80.3
YGL192W,80.31
YLR400W,80.33
YFR004W,80.33
YOR198C,80.33
YLR230W,80.34
YMR004W,80.34
YPL016W,80.35
YAL055W,80.35
YBR163W,80.37
YJR122W,80.39
YGR152C,80.4
YER017C,80.4
YHR163W,80.4
YPR168W,80.42
YGL098W,80.43
YLR133W,80.43
YPR041W,80.44
YHR139C-A,80.44
YNR066C,80.44
YMR092C,80.45
YPR048W,80.46
YGR205W,80.46
YCR069W,80.46
YIR011C,80.46
YPL252C,80.49
YNR059W,80.5
YJL135W,80.51
YER145C-A,80.51
YHR218W,80.52
YGL134W,80.53
YOR018W,80.54
YPL001W,80.54
YAL046C,80.54
YHR005C,80.55
YJL025W,80.55
YNL022C,80.56
YGL187C,80.56
YPL153C,80.56
YOR089C,80.57
YHR168W,80.57
YOR259C,80.57
YCR073W-A,80.57
YJL010C,80.57
YKL176C,80.57
YFL022C,80.58
YJR113C,80.59
YHR094C,80.59
YFL039C,80.6
YGR171C,80.6
YGL081W,80.6
YJR054W,80.6
YNR075W,80.61
YLR258W,80.61
YGR021W,80.61
YFR021W,80.62
YOR337W,80.62
YGR240C-A,80.64
YGR093W,80.65
YPR089W,80.65
YPL253C,80.65
YFL065C,80.67
YDL164C,80.67
YBR248C,80.68
YCR086W,80.69
YBR263W,80.69
YNL226W,80.7
YEL045C,80.7
YKR008W,80.7
YDL103C,80.71
YOR158W,80.72
YDR544C,80.72
YGL063C-A,80.72
YLR430W,80.73
YKL127W,80.73
YDR506C,80.73
YNL179C,80.74
YNR010W,80.74
YIL155C,80.75
YLR197W,80.75
YPL008W,80.75
YPR021C,80.77
YDR248C,80.78
YHL019C,80.79
YLR412W,80.79
YHR134W,80.79
YPL026C,80.8
YGL119W,80.8
YPR203W,80.81
YKR050W,80.81
YMR270C,80.82
YKR083C,80.83
YDR267C,80.83
YGR149W,80.83
YBR085C-A,80.85
YJL057C,80.85
YDL121C,80.86
YJR130C,80.86
YDL207W,80.86
YDR362C,80.87
YPR069C,80.87
YKR089C,80.87
YNL081C,80.88
YLR119W,80.88
YKL079W,80.88
YLR182W,80.89
YMR012W,80.92
YOL018C,80.92
YFR046C,80.92
YDR370C,80.93
YKL090W,80.94
YEL033W,80.94
YDR137W,80.94
YLR086W,80.94
YGL075C,80.95
YCL052C,80.96
YHR073W-A,80.96
YBR102C,80.96
YPL240C,80.97
YBR106W,80.98
YIL064W,80.98
YGR271C-A,80.99
YOR213C,80.99
YHR186C,81.0
YJL064W,81.0
YMR268C,81.0
YLR342W,81.02
YGL021W,81.02
YDR419W,81.02
YNL009W,81.03
YPL168W,81.03
YDR108W,81.04
YIL053W,81.04
YDR353W,81.05
YJL058C,81.05
YGL246C,81.05
YJR114W,81.06
YKL126W,81.06
YPL066W,81.06
YMR162C,81.08
YDL086W,81.12
YHR208W,81.13
YDL016C,81.13
YOR166C,81.15
YGL120C,81.17
Q0140,81.18
YJR096W,81.18
YPL226W,81.19
YBR260C,81.19
YGL262W,81.2
YGR082W,81.2
YBR030W,81.21
YLR210W,81.22
YDR502C,81.23
YBR052C,81.24
YJL215C,81.24
YHR176W,81.24
YPL154C,81.25
YGL102C,81.27
YGL094C,81.27
YMR241W,81.27
YPL019C,81.28
YHR210C,81.28
YHR024C,81.29
YDR132C,81.3
YNL253W,81.3
YOL149W,81.3
YKL113C,81.3
YGL245W,81.31
YGR069W,81.31
YER064C,81.31
YLR003C,81.32
YGL004C,81.32
YLR153C,81.33
YFL031C-A,81.33
YBL015W,81.34
YOR141C,81.36
YER095W,81.36
YCR019W,81.37
YKR020W,81.37
YJL049W,81.38
YDR291W,81.39
YFR014C,81.39
YPL248C,81.39
YKL096W-A,81.39
YCL044C,81.4
YAR066W,81.4
YHR214W,81.4
YPL128C,81.41
YDR543C,81.41
YPL277C,81.42
YLR351C,81.43
YMR020W,81.43
YOL053W,81.43
YOL151W,81.44
YLR151C,81.45
YLR239C,81.45
YMR178W,81.45
YNL331C,81.45
YBR261C,81.45
YCL017C,81.46
YKL184W,81.46
YPR113W,81.46
YER137W-A,81.47
YLR316C,81.47
YLR308W,81.48
YKL011C,81.48
YNL035C,81.49
YHR148W,81.49
YGL063W,81.5
YGR158C,81.5
YDR443C,81.51
YGL078C,81.51
Q0255,81.51
YLR379W,81.51
YDR283C,81.52
YMR205C,81.52
YBR094W,81.52
YOL077W-A,81.52
YDR058C,81.53
YGR184C,81.53
YPL137C,81.54
YML083C,81.55
YPR169W,81.55
YDR484W,81.56
YNL277W,81.56
YKR093W,81.57
YEL050C,81.57
YMR186W,81.57
YDL240W,81.58
YOL128C,81.58
YML034C-A,81.59
YBR167C,81.59
YIL018W,81.6
YFR031C-A,81.6
YGR257C,81.6
YCR015C,81.61
YDR345C,81.61
YOR205C,81.61
YBR300C,81.61
YIL124W,81.61
YBR022W,81.62
YBR206W,81.62
YDR165W,81.62
YKL222C,81.63
YMR127C,81.63
YLR078C,81.65
YIL098C,81.65
YBR031W,81.66
YNL146C-A,81.66
YCR013C,81.67
YIL151C,81.67
YML081W,81.68
YPL268W,81.69
YLR290C,81.69
YDL168W,81.69
YMR203W,81.7
YHR110W,81.71
YIL014C-A,81.72
YLR073C,81.72
YLR252W,81.72
YPR083W,81.74
YIL072W,81.75
YMR031W-A,81.75
YDL160C,81.76
YMR309C,81.76
YKR078W,81.76
YIL133C,81.79
YJL054W,81.79
YIR005W,81.8
YLR428C,81.81
YLR409C,81.81
YLR181C,81.81
YGL240W,81.82
YEL024W,81.82
YIL065C,81.83
YOL058W,81.83
YPR160W,81.83
YLR113W,81.83
YNL026W,81.84
YPL231W,81.84
YGR174W-A,81.84
YPR063C,81.84
YOR125C,81.85
YGL032C,81.85
YHR007C,81.85
YJL179W,81.86
YKL125W,81.89
YNL139C,81.89
YLR208W,81.89
YDR012W,81.9
YER136W,81.9
YGR247W,81.9
YAL054C,81.9
YFR015C,81.91
YER053C-A,81.91
YOR303W,81.91
YMR115W,81.92
YMR176W,81.92
YOR192C,81.92
YDR449C,81.92
YBR151W,81.94
YML100W,81.95
YKL015W,81.96
YNR003C,81.96
YFL041W,81.97
YKR094C,81.98
YDR047W,81.98
YML059C,81.98
YHR192W,81.98
YIL148W,81.98
YKL007W,81.99
YNR070W,81.99
YOR391C,82.0
YJR147W,82.02
YER006W,82.02
YDR033W,82.02
YJR108W,82.04
YDR093W,82.04
YOR162C,82.06
YGL089C,82.06
YKR052C,82.06
R0040C,82.06
YKL183C-A,82.06
YDL155W,82.08
YNL244C,82.08
YFL004W,82.08
YDL027C,82.1
YMR169C,82.1
YKL025C,82.1
YPL059W,82.11
YCL054W-A,82.11
YPR074C,82.11
YCL039W,82.12
YMR310C,82.12
YLL036C,82.12
YCR007C,82.13
YMR067C,82.13
YHR056C,82.14
YGL251C,82.14
YGL050W,82.16
YOR124C,82.17
YDR511W,82.17
YOL089C,82.17
YOL096C,82.17
YFL047W,82.19
YAL017W,82.2
YJR149W,82.2
YHR204W,82.2
YPL250W-A,82.2
YGL188C,82.21
YPR181C,82.22
YJL151C,82.23
YDL197C,82.23
YLR180W,82.23
YMR322C,82.23
YDR447C,82.24
YDR488C,82.25
YLR307W,82.25
YHR047C,82.26
YNR011C,82.27
YHL045W,82.27
YNL262W,82.28
YDR305C,82.29
YOL088C,82.29
YDR069C,82.29
YLR002C,82.3
YIL118W,82.3
YEL032W,82.3
YCR100C,82.3
YDR295C,82.34
YDR170C,82.34
YOR269W,82.34
YBR099C,82.34
YLR089C,82.34
YJL156W-A,82.35
YLR288C,82.35
YBR073W,82.36
YKL136W,82.36
YMR024W,82.36
YKR079C,82.36
YBR230C,82.37
YKL210W,82.37
YGL180W,82.38
YLR295C,82.39
YJL206C,82.39
YDR031W,82.39
YKL190W,82.4
YJL199C,82.41
YGR147C,82.41
YLR045C,82.42
YJL214W,82.43
YCR009C,82.43
YPR175W,82.43
YLR436C,82.43
YGL107C,82.43
YPR195C,82.43
Q0060,82.44
YNL003C,82.44
YJL195C,82.44
YDR382W,82.44
YBL076C,82.45
YLR253W,82.46
YOR051C,82.46
YIL146C,82.46
YMR192W,82.47
YKL208W,82.47
YHR035W,82.47
YGL053W,82.48
YDL101C,82.49
YHR023W,82.5
YDR154C,82.5
YLR162W-A,82.5
YLR447C,82.5
YDR117C,82.51
YOR081C,82.51
YLR174W,82.52
YJR142W,82.52
YGR135W,82.53
YOR222W,82.54
YPL272C,82.54
YOR058C,82.55
YKL169C,82.55
YPL280W,82.55
YDL066W,82.56
YJL092W,82.56
YHR193C,82.56
YML052W,82.58
YBR058C-A,82.58
YPR179C,82.59
YOR183W,82.6
YHR068W,82.61
YOR029W,82.62
YHR070W,82.62
YMR080C,82.62
YLR302C,82.64
YGR199W,82.64
YOR257W,82.65
YFR022W,82.67
YGR108W,82.67
YDR268W,82.67
YNL012W,82.67
YBR250W,82.68
YLR232W,82.69
YMR267W,82.7
YDR056C,82.7
YLR348C,82.71
YNL316C,82.71
YIR012W,82.71
YBL011W,82.72
YNL200C,82.72
YOR235W,82.72
YOR060C,82.73
YDR397C,82.73
YNL021W,82.74
YMR129W,82.74
YBL108W,82.75
YDR233C,82.75
YNL084C,82.75
YDL090C,82.75
YKL175W,82.76
YNL055C,82.77
YJL001W,82.78
YHR042W,82.78
YPL023C,82.78
YDL133W,82.78
YGL230C,82.78
YER184C,82.78
R0010W,82.79
YDR317W,82.8
YDL079C,82.8
YEL015W,82.8
YLR352W,82.81
YNL170W,82.81
YBR026C,82.81
YHR069C,82.84
YJL121C,82.84
YOR145C,82.85
YHR106W,82.85
YNL239W,82.86
YER188C-A,82.86
YGR038W,82.87
YHR162W,82.89
YDR331W,82.89
YHR155W,82.9
YMR007W,82.91
YPL185W,82.92
YCR071C,82.92
YLR441C,82.93
YBR020W,82.93
YHR191C,82.93
YJR143C,82.94
YLR341W,82.94
YOL034W,82.95
YBR063C,82.95
YDR063W,82.96
YDR523C,82.96
YNL243W,82.97
YBR196C-A,82.97
YDR399W,82.97
YMR194C-A,82.98
YKR055W,82.98
YGR244C,82.98
YNL103W-A,82.98
YGL199C,82.99
YBR053C,83.0
YHR029C,83.0
YOL049W,83.0
YLR146C,83.01
YHR009C,83.02
YOR201C,83.02
YMR068W,83.02
YOL142W,83.02
YOR171C,83.03
YDL194W,83.04
YJR024C,83.04
YLR098C,83.05
YCR006C,83.05
YAL061W,83.06
YKL116C,83.06
YGL110C,83.07
YER182W,83.07
YGR200C,83.08
YDR014W,83.08
YDR065W,83.08
YLR261C,83.09
YCR001W,83.09
YNL296W,83.09
YPL091W,83.1
YGR043C,83.1
YKL103C,83.11
YBL034C,83.11
YPL101W,83.11
YMR099C,83.11
YDL152W,83.11
YLR324W,83.12
YLR080W,83.12
YIL002C,83.12
YGR193C,83.13
YOL033W,83.13
YOR310C,83.14
YJR099W,83.14
YER013W,83.14
YAL001C,83.17
YFR025C,83.17
YJR141W,83.17
YPR026W,83.18
YNL231C,83.19
YLR054C,83.21
YEL001C,83.23
YPL099C,83.23
YNL184C,83.25
YDR035W,83.25
YGR169C,83.25
YJL050W,83.26
YLR057W,83.26
YAL049C,83.27
YML071C,83.27
YKR004C,83.27
YLR307C-A,83.27
YHR075C,83.28
YLL047W,83.28
YBR246W,83.29
YER183C,83.29
YPL222C-A,83.3
YMR239C,83.32
YOL005C,83.32
Q0160,83.33
YMR170C,83.34
YDR265W,83.35
YDL015C,83.35
YER163C,83.36
YLR027C,83.36
YML067C,83.36
YCR067C,83.37
YDL100C,83.38
YIL104C,83.38
YDL141W,83.39
YIL109C,83.39
YGL121C,83.39
YCR042C,83.39
YKL030W,83.4
YDR041W,83.41
YDL058W,83.41
YHR002W,83.41
YJR115W,83.42
YBL005W,83.43
YIL099W,83.43
YOL046C,83.44
YJR159W,83.45
YOR305W,83.47
YPR016W-A,83.48
YKR002W,83.49
YHR144C,83.49
YDR177W,83.49
YAL068W-A,83.5
YPL232W,83.5
YDL102W,83.5
YER120W,83.5
YJR037W,83.5
YKL162C,83.51
YDL084W,83.52
YPL172C,83.53
YLR138W,83.53
YER073W,83.54
YKL133C,83.54
YJR120W,83.54
YCR053W,83.55
YLR091W,83.57
YLR424W,83.58
YMR233W,83.59
YEL041W,83.59
YER147C-A,83.59
YHR170W,83.6
YDL083C,83.6
YDL246C,83.6
YMR143W,83.6
YPR019W,83.61
YEL034C-A,83.62
YMR104C,83.63
YFR044C,83.63
YJL088W,83.63
YDR191W,83.65
YPL094C,83.65
YBL069W,83.66
YPR196W,83.67
YKL086W,83.68
YDL132W,83.69
YBR221C,83.69
YER137C,83.69
YBR085W,83.69
YDL001W,83.7
YDL095W,83.7
YGR078C,83.7
YDL057W,83.71
YBR178W,83.71
YPR165W,83.71
YDR103W,83.71
YNL257C,83.73
YML063W,83.73
YFL008W,83.74
YKR044W,83.75
YNR073C,83.76
YEL070W,83.76
YPR064W,83.77
YGL216W,83.77
YEL076C,83.77
YPL254W,83.78
YBR055C,83.79
YBR041W,83.79
YOR037W,83.79
YLR285C-A,83.8
YHR038W,83.8
YNL071W,83.8
YAR019W-A,83.81
YDR226W,83.81
YFL062W,83.81
YBR214W,83.83
YMR150C,83.83
YGR283C,83.83
YDR218C,83.84
YIL020C,83.85
YDR322C-A,83.85
YIR031C,83.85
YFL048C,83.85
YJL090C,83.86
YDL126C,83.86
YNL036W,83.87
YML055W,83.87
YNL307C,83.88
YLR389C,83.89
YPR127W,83.89
YMR073C,83.89
YER117W,83.89
YBL087C,83.89
YNL273W,83.9
YBR086C,83.9
YHR167W,83.91
YLR443W,83.91
YHR049W,83.92
YGR070W,83.93
YLR287C,83.94
YKL029C,83.94
YIL144W,83.96
YKL058W,83.96
YLR466C-B,83.96
YGL185C,83.97
YGR109C,83.97
YPL266W,83.98
YIR032C,83.99
YLR231C,84.01
YAL058W,84.02
YGR214W,84.03
YMR116C,84.04
YPR033C,84.04
YGL124C,84.05
YGL127C,84.05
YER150W,84.05
YGR262C,84.05
YOR084W,84.05
YBR111C,84.06
YOR339C,84.07
YGL179C,84.08
YKL216W,84.08
YBR127C,84.09
YGL164C,84.09
YCL026C-A,84.09
YBR297W,84.09
YLR374C,84.09
YDR400W,84.09
YPL201C,84.1
YBL098W,84.11
YOR272W,84.11
YOR254C,84.12
YJR075W,84.12
YGL026C,84.12
YEL057C,84.13
YML024W,84.13
YHR092C,84.13
YGR185C,84.13
YDR431W,84.14
YDR536W,84.14
YPR194C,84.14
YPR172W,84.14
YOR208W,84.15
YDL029W,84.17
YOR072W,84.17
YMR097C,84.17
YEL075W-A,84.17
YDR022C,84.18
YER084W-A,84.18
YGL161C,84.18
YLR398C,84.18
YNL141W,84.19
YBR021W,84.2
YJL030W,84.2
YJL197C-A,84.21
YPL113C,84.22
YGR053C,84.22
YIL083C,84.22
YLR284C,84.23
YMR158W-B,84.24
YKR065C,84.24
YBR143C,84.24
YHR188C,84.26
YNR033W,84.26
YNL062C,84.27
YPL242C,84.27
YNL085W,84.28
YBL014C,84.29
YIL021C-A,84.3
YEL072W,84.3
YGR020C,84.32
YPL024W,84.32
YBR176W,84.33
YOL062C,84.33
Q0075,84.33
YCR095C,84.34
YOR164C,84.35
YLR442C,84.37
YMR257C,84.37
YGL242C,84.37
YOR097C,84.39
YGR010W,84.4
YER044C,84.4
YJL015C,84.41
YHR187W,84.41
YMR015C,84.42
YDR211W,84.42
YOL127W,84.43
YEL042W,84.44
YDL108W,84.44
YDR341C,84.45
YKR098C,84.46
YMR139W,84.46
YER133W,84.46
YLR063W,84.48
YDR450W,84.49
YOR241W,84.49
YFL029C,84.49
YOR291W,84.49
YHR011W,84.49
YML026C,84.49
YLR154W-E,84.5
YDR324C,84.5
YPR032W,84.51
YPL038W,84.51
YFR050C,84.52
YDL124W,84.53
YOR172W,84.53
YML102W,84.53
YOL001W,84.53
YJL167W,84.54
YIL089W,84.55
YKL051W,84.55
YER037W,84.55
YIR036W-A,84.55
YFR005C,84.55
YDR416W,84.56
YOR118W,84.56
YBR006W,84.56
YIL051C,84.56
YLR087C,84.57
YGL056C,84.58
YMR056C,84.58
YOL032W,84.6
YDR424C,84.6
YHR039C,84.61
YNL250W,84.62
YNL236W,84.64
YEL071W,84.65
YDR160W,84.66
YMR299C,84.66
YNL217W,84.67
YBL063W,84.68
YPL176C,84.68
YNL218W,84.69
YPL273W,84.69
YOL021C,84.69
YDR243C,84.7
YJL080C,84.71
YBR104W,84.71
YDR232W,84.71
YEL008C-A,84.72
YDR479C,84.73
YAR023C,84.73
YHL019W-A,84.74
YDR201W,84.74
YHR172W,84.75
YBL030C,84.76
YLR060W,84.77
YLR463C,84.77
YHL031C,84.78
YGR027C,84.79
YGL243W,84.8
YOR215C,84.8
YHR174W,84.81
YDL130W,84.82
YCL024W,84.82
YBR171W,84.82
YNL269W,84.83
YNR019W,84.85
YOR333C,84.85
YMR078C,84.86
YKL161C,84.86
YOR025W,84.86
YGL214W,84.88
YLR368W,84.88
YOR173W,84.89
YLL060C,84.89
YHL004W,84.89
YGR080W,84.89
YLR021W,84.89
YHR013C,84.9
YGR166W,84.9
YPL262W,84.92
YER091C,84.92
YDR019C,84.93
YEL046C,84.94
YMR232W,84.94
YLR120C,84.94
YLR282C,84.94
YFL002C,84.95
YGR144W,84.96
YOL055C,84.96
YGL162W,84.96
YKR075W-A,84.97
YKL151C,84.97
YAL051W,84.98
YAL031C,84.99
YJL152W,85.01
YDR194W-A,85.02
YDL044C,85.02
YNL119W,85.03
YNL099C,85.03
YNR028W,85.03
YCR073C,85.04
YPL061W,85.04
YBR002C,85.04
YDR306C,85.05
YHR189W,85.05
YDR468C,85.05
YMR294W,85.06
YDR445C,85.06
YHR151C,85.06
YGR240C,85.07
YGR090W,85.09
YDR380W,85.09
YOR346W,85.09
YDL192W,85.1
YGR061C,85.1
YBL036C,85.11
YDR057W,85.12
YNL336W,85.13
YMR289W,85.13
YFR045W,85.13
YEL021W,85.13
YOR001W,85.14
YOR061W,85.14
YDR131C,85.14
YKL182W,85.14
YER019W,85.15
YBR047W,85.15
YGL059W,85.16
YGL118C,85.16
YKL144C,85.16
YDL086C-A,85.17
YKL152C,85.17
YHR018C,85.18
YFL036W,85.19
YBR257W,85.19
YIL147C,85.19
YPL211W,85.2
YGR091W,85.2
YMR145C,85.21
YLR448W,85.22
YHR004C,85.23
YGL196W,85.23
YLR035C,85.23
YER026C,85.23
YJL137C,85.24
YKR046C,85.26
YNL311C,85.27
YHR052W,85.27
YLR406C,85.29
YOR262W,85.3
YLR214W,85.31
YDR124W,85.32
YHR098C,85.33
YOR388C,85.33
YGR288W,85.34
YLR422W,85.34
YBR182C-A,85.34
YNL203C,85.35
YDL006W,85.36
YJR161C,85.36
YNL100W,85.36
YAR028W,85.36
YNL168C,85.37
YML073C,85.37
YHR034C,85.37
YDL075W,85.38
YOL111C,85.39
YHR043C,85.4
YDL200C,85.4
YLL065W,85.4
YPR182W,85.41
YOR144C,85.44
YOR354C,85.49
YML060W,85.49
YAL026C,85.51
YGR192C,85.51
YPL129W,85.51
YLR211C,85.52
YGR156W,85.52
YPL007C,85.54
YHR183W,85.57
YFL052W,85.58
YJR137C,85.58
YER171W,85.58
YLR411W,85.58
YKL036C,85.58
YPL031C,85.59
YHR074W,85.59
YLL062C,85.59
YLR333C,85.6
YDR111C,85.6
YNR015W,85.6
YGL141W,85.61
YML025C,85.61
YLR384C,85.61
YDL109C,85.61
YBR296C-A,85.61
YMR290C,85.62
YDL229W,85.63
YNL090W,85.63
YLR420W,85.63
YOL019W-A,85.64
YDL042C,85.64
YGL205W,85.66
YMR008C-A,85.68
YBR298C,85.68
Q0055,85.69
YOR342C,85.7
YCL004W,85.7
YOL043C,85.71
YGL125W,85.71
YGR198W,85.71
YBR126C,85.71
YKL034W,85.73
YDL145C,85.73
YHR091C,85.74
YFR053C,85.75
YDL077C,85.76
YIR038C,85.76
YKL191W,85.77
YEL058W,85.78
YJL082W,85.79
YDL236W,85.79
YGL001C,85.79
YMR302C,85.8
YGL005C,85.81
YML121W,85.81
YKR009C,85.82
YDL120W,85.82
YOR011W,85.82
YMR026C,85.83
YJL096W,85.84
YDR075W,85.84
YJL060W,85.84
YHR120W,85.84
YIL012W,85.85
YNL240C,85.85
YCR005C,85.85
YGL211W,85.85
YIL164C,85.86
YNL335W,85.86
YFL061W,85.86
YMR157C,85.86
YLR093C,85.86
YDL248W,85.88
YGL229C,85.88
YLR364C-A,85.89
YPL221W,85.89
YHR111W,85.89
YOL098C,85.89
YGR253C,85.89
YJR009C,85.89
YHR050W-A,85.89
YPR051W,85.91
YGL129C,85.92
YFL044C,85.93
YDL231C,85.94
YLR108C,85.94
YKL019W,85.95
YKL098W,85.95
YBR039W,85.96
YML056C,85.96
YLR454W,85.96
YBR009C,85.96
YPL139C,85.96
YNL030W,85.96
YNL048W,85.96
YNR016C,85.96
YLR432W,85.98
YGR217W,85.98
YPL068C,85.99
YJL071W,85.99
YLR249W,86.0
YLR320W,86.01
YPR108W,86.01
YDR336W,86.01
YDL137W,86.02
YFL009W,86.02
YDL179W,86.02
YPR058W,86.02
YOL065C,86.02
YCR044C,86.05
YER090W,86.05
YOL140W,86.06
YJR107W,86.06
YNR058W,86.07
YOR273C,86.08
YPL269W,86.08
YOR155C,86.09
YGR267C,86.09
YOR165W,86.1
YMR202W,86.1
YHR039C-A,86.12
YDR076W,86.13
YFL021C-A,86.13
YGL076C,86.13
YHL002C-A,86.14
YKL008C,86.15
YDL085W,86.16
YDL127W,86.16
YDR349C,86.16
YNL014W,86.17
YGL041W-A,86.17
YNL117W,86.17
YOR050C,86.18
YOL166W-A,86.18
YER101C,86.19
YKR036C,86.2
YMR175W-A,86.2
YOR317W,86.2
YER124C,86.21
YDR072C,86.21
YLL034C,86.21
YLR056W,86.22
YJR070C,86.22
YBR115C,86.22
YMR106C,86.23
YHR031C,86.23
YNL131W,86.23
YGR101W,86.23
YML013W,86.23
YLR031W,86.23
YPR057W,86.24
YPL198W,86.24
YAL067C,86.24
YIL013C,86.27
YLR265C,86.28
YHR079C,86.28
YJR046W,86.29
YJR020W,86.29
YGL221C,86.3
YJL029C,86.31
YNL189W,86.32
YKL167C,86.32
YOR296W,86.33
YJL212C,86.34
YPL013C,86.35
YBR067C,86.35
YLR139C,86.37
YOR036W,86.37
YEL025C,86.38
YDL171C,86.38
YMR163C,86.38
YOR376W,86.38
YBR119W,86.39
YBL102W,86.39
YFR043C,86.39
YFR031C,86.39
YDR329C,86.4
YKL202W,86.4
YKR086W,86.4
YBR259W,86.41
YAR015W,86.41
YPR049C,86.42
YIL009C-A,86.43
YNL249C,86.44
YNL201C,86.44
YGL002W,86.44
YKL073W,86.44
YEL038W,86.44
YBR204C,86.45
YDR385W,86.45
YOR133W,86.45
YPL047W,86.46
YLL040C,86.47
YPL029W,86.48
YMR118C,86.48
YLR143W,86.48
YPL088W,86.49
YDL178W,86.5
YLR163C,86.51
YFR009W,86.52
YNL281W,86.52
YOR186W,86.52
YJL213W,86.53
YHR216W,86.53
YBL053W,86.53
YGL020C,86.54
YNL115C,86.54
YEL006W,86.54
YPL040C,86.54
YPL057C,86.54
YJR160C,86.54
YML116W-A,86.55
YCL016C,86.55
YJL192C,86.56
YNL049C,86.58
YOL117W,86.58
YBL016W,86.59
YLR028C,86.59
YLR417W,86.61
YOR374W,86.62
YDR398W,86.62
YJR045C,86.62
YLR331C,86.62
YDR082W,86.62
YGR040W,86.63
YCR083W,86.63
YNL209W,86.63
YKR070W,86.63
YPL072W,86.63
YDL073W,86.64
YOR152C,86.65
YOR137C,86.65
YDR179C,86.66
YPR086W,86.67
YKR047W,86.67
YOR321W,86.68
YML096W,86.72
YNL285W,86.72
YHL003C,86.72
YML046W,86.72
YDR282C,86.73
YDR027C,86.75
YOR157C,86.76
YDR470C,86.77
YOR368W,86.77
YPR169W-A,86.78
YGR096W,86.78
YGR011W,86.79
YML003W,86.79
YMR126C,86.8
YDR062W,86.8
YKL102C,86.8
YPR067W,86.8
YER093C,86.8
YHR070C-A,86.8
YML048W,86.81
YLR084C,86.82
YIL025C,86.82
YER179W,86.82
YMR306W,86.82
YIR034C,86.82
YLR224W,86.83
YDR358W,86.83
YLR453C,86.83
YLR247C,86.84
YDR496C,86.84
YFL046W,86.85
YOR086C,86.86
YDR116C,86.86
YLR362W,86.86
YMR159C,86.86
YPR060C,86.86
YDL094C,86.87
YNL032W,86.87
YHR199C,86.87
YBR249C,86.87
YNL258C,86.88
YLR199C,86.88
YBR208C,86.88
Q0110,86.89
YIR040C,86.89
YBL008W,86.9
YDR323C,86.9
YMR154C,86.9
YLR354C,86.91
YNL073W,86.92
YOR245C,86.92
YLR299W,86.92
YGR197C,86.93
YOR100C,86.93
YJR140C,86.93
YMR168C,86.93
YIL097W,86.95
YAL065C,86.95
YKL142W,86.97
YIL009W,86.99
YIL067C,86.99
YDR235W,86.99
YJL172W,86.99
YER012W,87.0
YGL165C,87.0
YKR101W,87.01
YBR202W,87.02
YJL074C,87.02
YBR158W,87.02
YPR050C,87.02
YMR212C,87.03
YDL190C,87.03
YLL004W,87.03
YMR282C,87.04
YDR294C,87.04
YOR129C,87.05
YLR118C,87.05
YKL153W,87.05
YAR073W,87.05
YPR122W,87.05
YLR048W,87.07
YOR187W,87.08
YLR107W,87.09
YDR164C,87.09
YGL033W,87.09
YGR068C,87.11
YFR008W,87.12
YDR378C,87.13
YDR066C,87.13
YNR068C,87.13
YCL022C,87.15
YGR212W,87.15
YNL198C,87.16
YDR092W,87.16
YLR408C,87.17
YDR532C,87.17
YFR047C,87.18
YLL002W,87.2
YLR110C,87.2
YIL137C,87.2
YJR012C,87.21
YMR066W,87.22
YHR113W,87.22
YGL140C,87.24
YML108W,87.25
YJR006W,87.25
YHR095W,87.25
YML107C,87.25
YPL188W,87.25
YGR134W,87.25
YLR419W,87.26
YDL080C,87.26
YGL111W,87.26
YLL032C,87.28
YMR041C,87.29
YPL208W,87.31
YDR067C,87.31
YBR211C,87.31
YKR016W,87.32
YFR054C,87.32
YKL189W,87.32
YMR119W,87.32
YDL097C,87.32
YHR164C,87.33
YPL164C,87.33
YIL006W,87.35
YBR142W,87.35
YGL083W,87.36
YKL065W-A,87.36
YMR188C,87.37
YBR141C,87.37
YFL005W,87.38
YOL104C,87.38
YGL062W,87.38
YFR038W,87.38
YAL060W,87.38
YOR161C,87.39
YDR004W,87.4
YOR116C,87.41
YBR133C,87.42
YDR350C,87.42
YIL059C,87.43
YIR017W-A,87.43
YDL010W,87.43
YLR092W,87.44
YML009C,87.45
YNL334C,87.46
YLR345W,87.46
YMR130W,87.47
YER015W,87.48
YPR147C,87.49
YGR154C,87.49
YDR242W,87.5
YOR117W,87.5
YGR075C,87.51
Q0120,87.51
YPR178W,87.52
YCL021W-A,87.52
YCL067C,87.53
YCR039C,87.53
YJL201W,87.54
YML029W,87.55
YJR153W,87.55
YDL007W,87.55
YJR145C,87.56
YHL015W,87.56
YNL248C,87.56
YHR203C,87.56
YKL006C-A,87.58
YHR108W,87.58
YPR106W,87.61
YLR129W,87.63
Q0017,87.64
YJR074W,87.64
YCR028C,87.64
YNL150W,87.65
YLR081W,87.66
YOR275C,87.66
YML054C,87.67
YNR048W,87.68
YPL120W,87.68
YOR169C,87.68
YHR003C,87.69
YLR405W,87.69
YNL147W,87.7
YLR049C,87.7
YPL259C,87.75
YLR172C,87.75
YJL132W,87.76
YOR270C,87.76
YJR078W,87.76
YNL132W,87.77
YNR055C,87.77
YMR125W,87.77
YJL007C,87.77
YGR276C,87.78
YGR004W,87.79
YLR233C,87.81
YMR105W-A,87.81
YNR001C,87.82
YBR111W-A,87.82
YDR084C,87.83
YER014W,87.83
YHR137C-A,87.84
YCL012C,87.85
YJL219W,87.85
YJR123W,87.85
YLR456W,87.85
YIR027C,87.86
YNL228W,87.86
YCR061W,87.86
YAR003W,87.87
YDL198C,87.87
YKL223W,87.88
YMR296C,87.88
YNL178W,87.89
YDR042C,87.91
YDR541C,87.91
YOR226C,87.91
YPL260W,87.92
YLR106C,87.92
YOL084W,87.92
YGL095C,87.93
YER094C,87.93
YKL040C,87.94
YFL041W-A,87.95
YJL181W,87.95
YKL192C,87.95
YDR263C,87.96
YLR067C,87.96
YNL326C,87.97
YGR256W,87.98
YJR105W,87.99
YDR332W,88.0
YBL013W,88.01
YJL085W,88.01
YHR049C-A,88.01
YGR254W,88.01
YPL046C,88.02
YFR018C,88.03
YPR017C,88.03
YDR061W,88.03
YBR268W,88.03
YNR060W,88.04
YNR035C,88.04
YPL022W,88.05
YDR040C,88.06
YAL047C,88.07
YOL141W,88.07
YOR353C,88.08
YOR301W,88.09
YHR063C,88.1
YCR101C,88.1
YMR315W,88.12
YGL171W,88.12
YOL008W,88.13
YGR271W,88.14
YGL260W,88.15
YLR291C,88.15
YOL042W,88.17
YOR005C,88.17
YIL030W-A,88.17
YJL052W,88.18
YGL257C,88.19
YMR321C,88.19
YMR094W,88.19
YOR326W,88.2
YJL089W,88.2
YMR120C,88.21
YBR074W,88.22
YNL040W,88.23
YNL177C,88.23
YBL032W,88.23
YDR039C,88.25
YDR539W,88.26
YKL217W,88.26
YNL087W,88.26
YML092C,88.27
YDR038C,88.27
YOR094W,88.27
YPR192W,88.27
YGL154C,88.28
YKL001C,88.29
YDR080W,88.3
YNL015W,88.31
YML091C,88.32
YOR041C,88.33
YGR139W,88.34
YGR248W,88.34
YGL139W,88.34
YNL001W,88.37
YKL213C,88.38
YDL247W,88.38
YNL153C,88.4
YNR064C,88.4
YOR142W,88.4
YFR032C-B,88.41
YLR270W,88.41
YBR213W,88.41
YER154W,88.41
YOL068C,88.42
YBR065C,88.43
YLR285W,88.44
YMR098C,88.45
YBR145W,88.45
YOR038C,88.46
YBR288C,88.46
YGL123W,88.46
YIL087C,88.47
YHR065C,88.47
YJR015W,88.47
YOL156W,88.48
YOR295W,88.49
YBR218C,88.49
YDR278C,88.49
YJR076C,88.49
YLR251W,88.5
YDR404C,88.52
YJL160C,88.52
YKR104W,88.53
YJR068W,88.53
YBL039C,88.54
YML101C-A,88.54
YDL119C,88.55
YBR276C,88.55
YPL002C,88.56
YMR283C,88.56
YLR277C,88.57
YMR011W,88.57
YDR492W,88.58
YDR257C,88.59
YCR002C,88.59
YKL215C,88.59
YBR095C,88.59
YNL263C,88.61
YCL040W,88.62
YGR173W,88.63
YER172C,88.63
YCR047W-A,88.64
YGR104C,88.64
YPR044C,88.64
YMR324C,88.65
YPR117W,88.66
YNR057C,88.66
YGR084C,88.67
YKR018C,88.67
YMR303C,88.68
YOL016C,88.69
YOR046C,88.69
YLR227C,88.7
YCR023C,88.7
YER036C,88.72
YOR350C,88.73
YNL181W,88.73
YOL086C,88.74
YBR116C,88.75
YKR051W,88.75
YNR026C,88.76
YKL078W,88.76
YJR101W,88.77
YOR111W,88.79
YCL047C,88.79
YKL220C,88.79
YOL086W-A,88.8
YMR054W,88.81
YML047W-A,88.82
YMR207C,88.82
YJL031C,88.82
YCL008C,88.82
YOR253W,88.82
YPR183W,88.83
YLR065C,88.84
YOR115C,88.85
YEL029C,88.85
YDL215C,88.86
YLR377C,88.87
YOR298W,88.87
YOR207C,88.87
YHR112C,88.88
YDR249C,88.88
YPL126W,88.89
YPR002W,88.89
YOR030W,88.89
YDR508C,88.9
YCR064C,88.9
YKL047W,88.91
YOL061W,88.92
YDR339C,88.93
YMR110C,88.94
YHR169W,88.94
YNL174W,88.94
YBR302C,88.95
YML132W,88.95
YAR002C-A,88.95
YDR046C,88.97
YMR084W,88.98
Q0115,88.98
YBR109C,88.98
YDR262W,88.98
YGR210C,88.99
YDR234W,88.99
YDR425W,89.0
YOR381W,89.0
YML120C,89.01
YLL063C,89.01
YMR065W,89.02
YLR267W,89.03
YDR220C,89.03
YPL220W,89.03
YMR033W,89.03
YGL135W,89.03
YBR077C,89.04
YGR115C,89.06
YIR021W,89.07
YLR276C,89.07
YKR080W,89.07
YJL153C,89.07
YBR080C,89.08
YDR254W,89.08
YLR147C,89.09
YHR194W,89.09
YIL068C,89.1
YGL252C,89.11
YCR036W,89.11
YGR133W,89.13
YPR125W,89.14
YOR120W,89.14
YOL095C,89.14
YNR050C,89.15
YAL038W,89.15
YLR313C,89.16
YBL080C,89.16
YEL030W,89.17
YDR048C,89.17
YIL026C,89.17
YLR217W,89.18
YJR080C,89.18
YLR254C,89.18
YCL001W-A,89.19
YMR229C,89.2
YOR102W,89.2
YBR166C,89.2
YOL060C,89.2
YOR393W,89.22
YPL281C,89.22
YAL029C,89.22
YGR083C,89.22
YKL123W,89.23
YDR204W,89.24
YLR359W,89.24
YMR323W,89.24
YKL069W,89.25
YIL103W,89.27
YBL079W,89.27
YJR007W,89.28
YBL045C,89.28
YDL093W,89.29
YNL128W,89.29
YDR166C,89.31
YCR095W-A,89.32
YHL046C,89.33
YOL161C,89.34
YDR457W,89.34
YEL010W,89.36
YLR246W,89.36
YNL220W,89.36
YDR442W,89.36
YBR252W,89.37
YHR101C,89.37
YGR121C,89.37
YGL106W,89.38
YLR112W,89.4
YDL131W,89.41
YMR095C,89.42
YOL081W,89.42
YOR378W,89.42
YOR221C,89.43
YJL223C,89.43
YIL176C,89.43
YHR121W,89.44
YMR062C,89.44
YJL063C,89.45
YML087C,89.45
YGR261C,89.47
YOR192C-C,89.47
YNL135C,89.48
YLR431C,89.48
YNL163C,89.49
YGR012W,89.49
YPR084W,89.5
YOR384W,89.5
YGR234W,89.5
YER147C,89.51
YJR039W,89.51
YOR364W,89.52
YCL001W-B,89.52
YLR007W,89.52
YER157W,89.53
YDL022W,89.55
YAL043C,89.58
YIL075C,89.6
YJR033C,89.6
YER068C-A,89.61
YMR189W,89.61
YHL008C,89.62
YJR073C,89.62
YOR284W,89.62
YGR260W,89.62
YGL144C,89.62
YJR090C,89.63
YHR022C,89.63
YBL026W,89.64
YBR291C,89.64
YOL076W,89.66
YHR044C,89.66
YOL039W,89.67
YLR312W-A,89.67
YGL006W,89.69
YLL064C,89.7
YNR076W,89.7
YPL258C,89.7
YGL057C,89.7
YOR360C,89.7
YPR158W,89.71
YJL034W,89.71
YHR196W,89.73
YMR319C,89.74
YHL039W,89.75
YMR246W,89.76
YFL060C,89.76
YNR002C,89.77
YDR301W,89.77
YOL108C,89.78
YPL152W-A,89.79
YLR461W,89.8
YDR127W,89.8
YMR122C,89.83
YOL045W,89.83
YDR018C,89.83
YMR022W,89.83
YMR035W,89.84
YHL026C,89.85
YBR103W,89.86
YPL210C,89.87
YMR003W,89.87
YOR010C,89.88
YIL062C,89.88
YPL006W,89.88
YMR287C,89.89
YKL010C,89.89
YAR033W,89.9
YGR067C,89.92
YLR464W,89.93
YEL076C-A,89.93
YBR294W,89.94
YKL140W,89.95
YLR076C,89.95
YOR170W,89.96
YOR380W,89.96
YLR158C,89.96
YLR155C,89.96
YLR157C,89.96
YLR160C,89.96
YGR138C,89.97
YJL061W,89.97
YMR087W,89.97
YJL077W-A,89.97
YGL256W,89.99
YFL017C,89.99
YBR054W,90.0
YNR034W-A,90.0
YOR184W,90.0
YGR157W,90.01
YPL110C,90.03
YBR275C,90.04
YJR095W,90.04
YDR016C,90.04
YDR390C,90.04
YNL274C,90.06
YML002W,90.06
YKL092C,90.07
YHR104W,90.09
YAL068C,90.09
YGL261C,90.09
YBL109W,90.1
YCR092C,90.11
YJL134W,90.11
YNL289W,90.12
YGR232W,90.12
YKL004W,90.15
YJL183W,90.15
YOR319W,90.16
YGR255C,90.19
YDR280W,90.21
YPL051W,90.22
YNL329C,90.22
YIL159W,90.22
YER168C,90.23
YLR044C,90.26
YJL138C,90.28
YOR093C,90.28
YKR059W,90.28
YOR161C-C,90.29
YGL040C,90.29
YMR266W,90.29
YHL048C-A,90.3
YJR030C,90.31
YIL016W,90.31
YBL008W-A,90.34
YBR043C,90.35
YJL130C,90.36
YPL114W,90.36
YCR105W,90.37
YJR129C,90.37
YGR068W-A,90.4
YOL146W,90.41
YLR264C-A,90.42
YCR106W,90.43
YDR516C,90.44
YJR057W,90.46
YER007W,90.46
YIL003W,90.48
YBR266C,90.48
YBR265W,90.49
YBR107C,90.5
YNL321W,90.51
YPL191C,90.51
YGR281W,90.51
YFL053W,90.52
YBR274W,90.52
YML051W,90.52
YNL046W,90.52
YER087C-A,90.52
YDR050C,90.53
YLR127C,90.54
YDR318W,90.55
YMR060C,90.56
YGR278W,90.56
YJL006C,90.56
YBR179C,90.56
YER077C,90.57
YMR155W,90.57
YJL169W,90.58
YML070W,90.59
YBR072C-A,90.59
YEL053C,90.6
YIR028W,90.6
YOR318C,90.6
YER085C,90.61
YDL237W,90.62
YER092W,90.63
YKL013C,90.64
YJR084W,90.65
YCR082W,90.65
YIL113W,90.66
YDR504C,90.67
YOR122C,90.68
YDR021W,90.68
YGL036W,90.68
YDL180W,90.7
YBL001C,90.7
YGR289C,90.7
YNL123W,90.7
YLR209C,90.72
YOL064C,90.73
YDL193W,90.73
YHR027C,90.73
YBL039C-A,90.75
YHR129C,90.76
YKL027W,90.76
YBR233W,90.76
YNR039C,90.78
YDR453C,90.78
YLR289W,90.8
YPL018W,90.8
YHR100C,90.81
YDL182W,90.81
YER105C,90.81
YBR068C,90.81
YDR428C,90.82
YNL037C,90.84
YER086W,90.86
YDR202C,90.86
YER022W,90.87
YLR205C,90.87
YBL042C,90.87
YIL068W-A,90.89
YNL056W,90.89
YGL091C,90.89
YLR397C,90.89
YCL001W,90.9
YER097W,90.91
YGL184C,90.91
YPR136C,90.92
YKR067W,90.93
YAL015C,90.93
YLL053C,90.94
YMR217W,90.95
YLR274W,90.96
YLR325C,90.97
YOR193W,90.99
YOL031C,90.99
YLL026W,90.99
YBL106C,91.0
YDR179W-A,91.0
YPL183C,91.03
YBR025C,91.03
YPR164W,91.04
YJR162C,91.04
YIL165C,91.04
YNL313C,91.06
YKR038C,91.07
YDL159W,91.07
YDL081C,91.09
YFR052W,91.1
YNL242W,91.12
YPR059C,91.12
YKL080W,91.12
YGR034W,91.12
YLR344W,91.12
YOR306C,91.13
YPR138C,91.15
YKL039W,91.17
YGL128C,91.17
YDR303C,91.18
YPR085C,91.19
YPR176C,91.19
YCL064C,91.2
YMR083W,91.21
YDR384C,91.21
YAL030W,91.21
YMR187C,91.22
YHL022C,91.24
YOR108C-A,91.24
YFR007W,91.25
YMR258C,91.27
YKL197C,91.28
YLR229C,91.28
YHR139C,91.29
YPL135W,91.31
YGR031C-A,91.33
YJR010W,91.34
YKL207W,91.34
YMR314W,91.34
YJR103W,91.34
YOL163W,91.34
YDR264C,91.34
YFL007W,91.35
YJR158W,91.35
YOL059W,91.36
YJL196C,91.41
YFL030W,91.41
YKR082W,91.44
YOR263C,91.44
YJL149W,91.45
YDR307W,91.45
YPR056W,91.45
YDR402C,91.48
YPR144C,91.49
YGR294W,91.5
YEL049W,91.5
YLR115W,91.5
YEL008W,91.51
YLR103C,91.53
YPR156C,91.54
YJR112W-A,91.55
YML028W,91.57
YML049C,91.58
YBL073W,91.58
YPL243W,91.6
YDR189W,91.6
YOR297C,91.6
YOR026W,91.61
YJL173C,91.61
YOR131C,91.63
YKL181W,91.65
YPR121W,91.65
YOR080W,91.65
YGL255W,91.65
YNL290W,91.65
YDL212W,91.66
YGL047W,91.66
YKR040C,91.66
YJR118C,91.67
YJR109C,91.67
YOR211C,91.68
YLR010C,91.68
YDR435C,91.7
YFL026W,91.7
YDR418W,91.7
YEL054C,91.7
YGL258W-A,91.71
YFL018C,91.72
YIL141W,91.72
YBR295W,91.72
YER143W,91.74
YDR342C,91.74
YDR495C,91.75
YPL195W,91.77
YPL235W,91.79
YNL002C,91.79
YHL046W-A,91.79
YNL256W,91.8
YDR489W,91.82
YPL134C,91.83
YLR423C,91.83
YOR299W,91.84
YHR201C,91.85
YPR054W,91.85
YLR350W,91.86
YBR044C,91.87
YER113C,91.87
YOR334W,91.89
YBR200W-A,91.89
YDR343C,91.9
YPR197C,91.92
YEL014C,91.92
YMR013W-A,91.93
YPL097W,91.93
YIL048W,91.93
YKL170W,91.93
YIL132C,91.94
YIL050W,91.95
YIL002W-A,91.95
YKL188C,91.95
YGR293C,91.96
YOR021C,91.97
YER043C,91.97
YOR179C,91.98
YDR013W,91.98
YLR134W,91.99
YOR167C,91.99
YJL099W,91.99
YLR145W,92.0
YBR149W,92.02
YOL037C,92.03
YDL245C,92.03
YCR075W-A,92.04
YFL059W,92.04
YGR204W,92.05
YPL012W,92.05
YHR017W,92.05
YLR340W,92.05
YER061C,92.05
YPL142C,92.06
YGL117W,92.06
YHR083W,92.06
YML036W,92.07
YOR059C,92.08
YGL051W,92.08
YDR136C,92.09
YCR045W-A,92.1
YCL045C,92.11
YJL102W,92.11
YNL265C,92.13
YNL126W,92.14
YOL083C-A,92.14
YNR038W,92.15
YBR046C,92.15
YBR185C,92.16
YCL009C,92.16
YBL025W,92.17
YHL017W,92.17
YPR011C,92.18
YOL075C,92.18
YGL248W,92.19
YIL046W-A,92.21
YIL030C,92.22
YLR373C,92.23
YER021W,92.23
YCR010C,92.24
YJL194W,92.25
YNL125C,92.25
YLR083C,92.26
YCL030C,92.28
YKL211C,92.3
YNL202W,92.3
YCL023C,92.3
YOR363C,92.31
YOR327C,92.31
YOL152W,92.31
YNL172W,92.32
YGL064C,92.32
YPL065W,92.32
YLR264W,92.32
YHR085W,92.33
YDR374W-A,92.34
YJL127C-B,92.34
YKR068C,92.35
YGL126W,92.36
YLR100W,92.36
YBR277C,92.37
YLR266C,92.39
YML104C,92.4
YEL063C,92.41
YHL037C,92.41
YMR281W,92.41
YBR281C,92.42
YGL247W,92.42
YGL182C,92.42
YER069W,92.44
YDR542W,92.44
YGR031W,92.45
YJR133W,92.46
YAL048C,92.46
YER148W-A,92.46
YNL333W,92.48
YJR052W,92.49
YDR308C,92.5
YCR098C,92.5
YDR407C,92.51
YNL080C,92.53
YGR155W,92.54
YGR015C,92.54
YNL294C,92.55
YMR059W,92.57
YAL037W,92.57
YOR112W,92.57
YNL142W,92.58
YGR117C,92.58
YDR112W,92.59
YER190C-A,92.6
YNL339W-A,92.6
YML133W-A,92.6
YPL283W-A,92.6
YGR296C-A,92.6
YBR175W,92.61
YDR498C,92.63
YPR189W,92.64
YLR440C,92.65
YJR077C,92.65
YMR197C,92.65
YPR076W,92.65
YLR070C,92.66
YKL218C,92.66
YPL156C,92.66
YHR007C-A,92.67
YFL011W,92.68
YGR036C,92.68
YMR307C-A,92.69
YDR327W,92.7
YBL088C,92.72
YPL045W,92.73
YGL236C,92.74
YBR153W,92.75
YLR329W,92.75
YNL033W,92.75
YDR198C,92.76
YKL044W,92.79
YPR162C,92.79
YDL146W,92.79
YIL129C,92.81
YKL146W,92.81
YPR001W,92.82
YFR030W,92.82
YFL066C,92.83
YNL063W,92.83
YDL125C,92.83
YHR048W,92.83
YPR153W,92.84
YNR029C,92.85
YOR210W,92.85
YBL077W,92.87
YJR051W,92.88
YKR053C,92.88
YBL095W,92.9
YPL279C,92.9
YMR218C,92.9
YMR320W,92.9
YLL054C,92.9
YKR001C,92.91
YDR368W,92.92
YNL065W,92.92
YDR459C,92.92
YCR032W,92.92
YNL019C,92.92
YPL130W,92.93
YGL123C-A,92.94
YJR042W,92.97
YDR236C,92.98
YBR301W,92.99
YBR216C,93.0
YPL028W,93.0
YGL065C,93.01
YMR247C,93.01
YIL028W,93.01
YBR264C,93.03
YDR064W,93.03
YOR390W,93.04
YDR321W,93.04
YDL052C,93.05
YCL025C,93.05
YER175W-A,93.06
YOR246C,93.08
YMR148W,93.08
YOR351C,93.08
YDL009C,93.08
YMR293C,93.09
YIL029C,93.09
YKL110C,93.1
YNL067W,93.11
YKL035W,93.14
YOR202W,93.14
YML005W,93.14
YNL261W,93.15
YKL100C,93.15
YOR034C,93.15
YJL204C,93.16
YER004W,93.16
YDR101C,93.18
YEL005C,93.2
YCL005W,93.22
YPL265W,93.22
YBL012C,93.22
YJL126W,93.22
YNL182C,93.23
YLR275W,93.23
YDL138W,93.23
YNR017W,93.24
YBR140C,93.26
YMR290W-A,93.26
YOR095C,93.27
YKR035C,93.27
YOL103W,93.27
YGL077C,93.28
YHR171W,93.28
YMR123W,93.31
YKL206C,93.33
YBR084W,93.33
YJL072C,93.36
YHL014C,93.36
YPL149W,93.37
YMR231W,93.38
YDR518W,93.41
YCR027C,93.42
YIL042C,93.42
YHR064C,93.42
YDR091C,93.42
YDL104C,93.42
YBR136W,93.44
YDL205C,93.45
YBR253W,93.45
YML125C,93.45
YLR347C,93.45
YLR170C,93.45
YNR063W,93.46
YGL233W,93.47
YMR096W,93.47
YPR055W,93.48
YGR231C,93.48
YJL209W,93.48
YGL147C,93.49
YLR305C,93.51
YHL001W,93.52
Q0065,93.52
YAL012W,93.53
YEL031W,93.56
YGL146C,93.57
YIL145C,93.57
YIL076W,93.59
YPL003W,93.59
YKL065C,93.59
YPR109W,93.59
YFR055W,93.6
YOL143C,93.6
YPL214C,93.6
YPL189W,93.61
YPR190C,93.61
YLR042C,93.64
YGL068W,93.65
YGR003W,93.67
YCL041C,93.69
YOR323C,93.7
YNL282W,93.71
YDR434W,93.72
YIL066W-A,93.74
YKR106W,93.74
YKL033W-A,93.75
YJL222W-A,93.77
YJR064W,93.78
YER076W-A,93.79
YGR045C,93.8
YKL104C,93.81
YGL145W,93.84
YMR153C-A,93.85
YGL048C,93.85
YBR132C,93.91
YPR191W,93.91
YKL006W,93.91
YLL025W,93.91
YGR071C,93.92
YIL116W,93.92
YBR128C,93.94
YIL156W-B,93.96
YDR417C,93.96
YJL067W,93.97
YFL063W,93.97
YKR054C,93.98
YHR045W,93.99
YPR027C,94.0
YNL185C,94.01
YNR072W,94.01
YOR139C,94.03
YPL224C,94.05
YJL118W,94.06
YMR076C,94.06
YCR054C,94.08
YDR197W,94.09
YNL259C,94.1
YDR118W,94.11
YDR335W,94.12
YKL057C,94.13
YMR272W-B,94.13
YBR078W,94.14
YML012W,94.16
YER052C,94.16
YLR130C,94.16
YJL111W,94.18
YNL008C,94.18
YOR096W,94.19
YBR227C,94.2
YMR316C-A,94.21
YNL025C,94.21
YEL047C,94.21
YDR020C,94.21
YML131W,94.22
YLL056C,94.22
YEL018W,94.23
YOR016C,94.25
YNL193W,94.25
YMR209C,94.27
YBR191W-A,94.27
YOR087W,94.27
YCR081W,94.28
YPL041C,94.29
YOR266W,94.29
YLL020C,94.29
YOR336W,94.3
YHL030W-A,94.3
YLR318W,94.32
YOL013C,94.32
YGR233C,94.33
YEL053W-A,94.34
YOR320C,94.34
YMR167W,94.34
YGL022W,94.36
YMR090W,94.37
YGL224C,94.37
YCR012W,94.38
YLR037C,94.4
YLR047C,94.4
YJL093C,94.41
YGR208W,94.43
YGR175C,94.44
YAL053W,94.44
YJR111C,94.49
YAR019C,94.5
YER135C,94.5
YNL013C,94.51
YBR223W-A,94.51
YPR146C,94.51
YPL109C,94.51
YDR161W,94.51
YCR021C,94.51
YLR202C,94.53
YER153C,94.53
YML031W,94.54
YOR329W-A,94.54
YGL186C,94.55
YNL288W,94.56
YHR054C,94.56
YBR292C,94.57
YHR153C,94.57
YGL234W,94.59
YPL010W,94.6
YHR180W,94.62
YGR106C,94.63
YCL073C,94.63
YGR122W,94.63
YBR013C,94.64
YLR123C,94.67
YNL160W,94.67
YFL020C,94.68
YIL160C,94.69
YNL028W,94.7
YCR011C,94.7
YDR258C,94.71
YKL119C,94.74
YHR032W,94.77
YBR226C,94.77
YBR003W,94.8
YGR006W,94.8
YDR427W,94.8
YGL142C,94.81
YPL175W,94.82
YEL069C,94.83
YNL320W,94.83
YDR089W,94.84
YPL189C-A,94.84
YIL037C,94.84
YLR367W,94.85
YJL190C,94.85
YER025W,94.85
YCR017C,94.85
YJR003C,94.86
YLR036C,94.87
YLR198C,94.88
YDR372C,94.88
YDL118W,94.88
YDR394W,94.88
YLR369W,94.9
YKL014C,94.9
YDR290W,94.9
YIL094C,94.91
YDL183C,94.92
YOL009C,94.92
YBR180W,94.94
YJR135C,94.96
YIL001W,94.96
YLR438W,94.97
YKR069W,94.97
YKL085W,94.97
YLL030C,94.98
YBL062W,95.0
YNL095C,95.0
YMR117C,95.01
YHR025W,95.01
YLR240W,95.01
YAR008W,95.02
YJR132W,95.02
YNR041C,95.03
YPR066W,95.03
YEL055C,95.03
YDR325W,95.03
YDR078C,95.04
YKL173W,95.06
YGR128C,95.07
YDL163W,95.08
YBR089W,95.09
YNL111C,95.09
YDR105C,95.11
YDR315C,95.11
YOR261C,95.12
YJR071W,95.13
YML064C,95.14
YOR332W,95.15
YHR133C,95.16
YOR282W,95.17
YBR069C,95.17
YBR160W,95.17
YPL122C,95.17
YER007C-A,95.18
YJL028W,95.21
YLL059C,95.22
YHR128W,95.22
YLR071C,95.23
YBL071C,95.25
YLR396C,95.28
YNL134C,95.28
YIL139C,95.29
YBR233W-A,95.3
YER023W,95.3
YFR002W,95.31
YOR024W,95.31
YLL049W,95.32
YBR008C,95.34
YER056C,95.36
YHR099W,95.36
YIL017C,95.39
YDR114C,95.39
YHR213W-A,95.39
YDR509W,95.39
YKL178C,95.41
YDR352W,95.41
YOR314W,95.42
YDR196C,95.42
YIL071C,95.43
YGR284C,95.43
YPR160C-A,95.44
YOR076C,95.45
YER141W,95.46
YGR026W,95.46
YBR097W,95.46
YNL096C,95.47
YPL111W,95.47
YNL275W,95.48
YPL218W,95.48
YPR105C,95.5
YLR415C,95.54
YIL043C,95.54
YIL073C,95.55
YLR022C,95.56
YOR214C,95.56
YNL287W,95.56
YMR086C-A,95.57
YPR116W,95.57
YBR219C,95.58
YCR024C-B,95.6
YDR401W,95.63
YNR042W,95.63
YKL162C-A,95.63
YIL074C,95.64
YLR358C,95.66
Q0144,95.67
YOR348C,95.69
YOR092W,95.7
YKR060W,95.7
YPL119C-A,95.71
YBR186W,95.72
YER071C,95.73
YFL003C,95.74
YGR187C,95.77
YIR036C,95.77
YGR030C,95.78
YOR293C-A,95.78
YPL213W,95.8
YAL022C,95.8
YNR046W,95.8
YER057C,95.81
YPL270W,95.82
YLR283W,95.82
YMR134W,95.82
YGL151W,95.83
YER060W,95.84
YLR259C,95.86
YNL041C,95.86
YGL223C,95.87
YLR152C,95.87
YHL006C,95.89
YDR383C,95.91
YDL004W,95.92
YDR510C-A,95.92
YOR394W,95.93
YPL282C,95.93
YOR249C,95.95
YCR050C,95.98
YCR046C,95.99
YLL001W,96.0
YMR312W,96.0
YDL154W,96.01
YAL045C,96.01
YMR237W,96.02
YOR278W,96.02
YHL041W,96.03
YDR140W,96.04
YIR020C-B,96.05
YDL034W,96.06
YJL086C,96.06
YOL012C,96.09
YER087C-B,96.12
YOR136W,96.12
YBL091C-A,96.12
YDR129C,96.12
YNL146W,96.15
YPL078C,96.17
YDR106W,96.18
YIR035C,96.2
YER066W,96.23
YCR075C,96.24
YBR235W,96.25
YJR088C,96.25
YNL140C,96.26
YMR158W,96.26
YGL008C,96.28
YCR035C,96.28
YHR147C,96.3
YPL082C,96.3
YHR021W-A,96.31
YBR032W,96.32
YKL203C,96.35
YML123C,96.37
YDR271C,96.38
YKR027W,96.39
YMR288W,96.41
YPL017C,96.44
YLL028W,96.45
YCR038C,96.45
YNL130C,96.47
YGR204C-A,96.48
YDL114W,96.49
YOR347C,96.51
YAR070C,96.51
YNL339W-B,96.52
YML133W-B,96.52
YNL268W,96.52
YHR219C-A,96.52
YDR107C,96.55
YBR256C,96.56
YER019C-A,96.57
YMR064W,96.58
YCR102C,96.58
YOL069W,96.58
YLR222C,96.6
YOR130C,96.62
YIL142W,96.62
YOR200W,96.62
YIL110W,96.62
YPR128C,96.63
YJR079W,96.65
YJR121W,96.67
YLL039C,96.69
YLR306W,96.7
YPL236C,96.72
YML075C,96.74
YKL037W,96.75
YEL022W,96.76
YAL019W-A,96.77
YDR007W,96.77
YGR218W,96.77
YER140W,96.79
YOR392W,96.8
YJR085C,96.81
YKL017C,96.84
YMR271C,96.85
YDR288W,96.85
YBL004W,96.85
YDR320C-A,96.87
YLR173W,96.87
YMR034C,96.87
YJL188C,96.89
YLR186W,96.9
YFL028C,96.92
YKL115C,96.92
YNL266W,96.93
YJR117W,96.97
YBL108C-A,96.98
YJL044C,96.99
YLR164W,96.99
YGR049W,97.0
YOR250C,97.03
YMR029C,97.03
YLR137W,97.04
YCR038W-A,97.06
YBR168W,97.09
YGL112C,97.15
YOR147W,97.17
YPR010C-A,97.21
YAL004W,97.23
YJR040W,97.23
YBR162W-A,97.24
YPL112C,97.24
YGR277C,97.24
YDL170W,97.26
YJR058C,97.27
YKR026C,97.29
YMR325W,97.3
YOR143C,97.32
YHL005C,97.33
YOR311C,97.33
YBR207W,97.34
YGL259W,97.36
YNL101W,97.37
YJR152W,97.39
YIR041W,97.4
YGL235W,97.4
YDR354W,97.41
YDR126W,97.43
YLL061W,97.44
YHR028W-A,97.44
YMR055C,97.47
YIL058W,97.48
YDR300C,97.5
YIL027C,97.5
YPL096C-A,97.51
YIL157C,97.51
YDL112W,97.52
YGR191W,97.53
YDR284C,97.53
YFL027C,97.55
YPR003C,97.56
YML127W,97.57
YLR142W,97.57
YDR188W,97.57
YGL169W,97.58
YDR538W,97.58
YOL090W,97.58
YLR039C,97.58
YER083C,97.59
YBL003C,97.6
YDR225W,97.6
YBR051W,97.61
YGL014C-A,97.61
YGL060W,97.62
YGR131W,97.63
YOL047C,97.63
YBR017C,97.64
YER081W,97.65
YAR047C,97.65
YJR116W,97.65
YCR037C,97.65
YGL006W-A,97.65
YGL160W,97.66
YNR004W,97.67
YPL036W,97.67
YHR140W,97.68
YER010C,97.69
YJL154C,97.69
YJL024C,97.71
YER170W,97.72
YMR046W-A,97.73
YNR074C,97.74
YDR055W,97.77
YPR149W,97.79
YIR024C,97.8
YIL166C,97.81
YNL237W,97.85
YNL114C,97.86
YIR030C,97.87
YDR338C,97.87
YGR259C,97.9
YNL156C,97.91
YGR087C,97.91
YLL007C,97.93
YLL051C,97.95
YEL020C,97.97
YPR139C,98.01
YMR085W,98.01
YFL013W-A,98.02
YDR529C,98.04
YJL150W,98.04
YNL051W,98.04
YOL101C,98.05
YDR119W,98.05
YHR130C,98.06
YMR313C,98.06
YML009C-A,98.07
YLR241W,98.07
YGR074W,98.07
YDL144C,98.08
YJR041C,98.08
YGR099W,98.09
YOR271C,98.1
YKR039W,98.11
YKR103W,98.11
YAL016C-B,98.11
YGL016W,98.11
YHR138C,98.12
YPL197C,98.17
YOL072W,98.2
YHL030W,98.2
YLR004C,98.21
YKL224C,98.24
YGR195W,98.24
YGR028W,98.25
YKL130C,98.25
YOL073C,98.26
YDL199C,98.27
YDL219W,98.28
YOL010W,98.29
Q0070,98.3
YER060W-A,98.32
YCR104W,98.36
YPR180W,98.41
YNL024C,98.41
YDR275W,98.43
YLR099W-A,98.43
YLL006W-A,98.44
YAL034W-A,98.46
YMR226C,98.48
YJR139C,98.49
YOR180C,98.5
YMR259C,98.5
YPL035C,98.5
YLR272C,98.52
YLL048C,98.52
YBR076C-A,98.54
YKL209C,98.54
YPL274W,98.55
YML019W,98.56
YER067C-A,98.57
YPL147W,98.58
YIL007C,98.64
YLR365W,98.68
YLR446W,98.68
YKR095W-A,98.71
YMR208W,98.72
YLR360W,98.74
YFR010W-A,98.75
YOR015W,98.76
YHR041C,98.77
YOR002W,98.79
YPL174C,98.8
YAL002W,98.8
YJL008C,98.8
YAL033W,98.81
YHL006W-A,98.83
YOR044W,98.83
YLL042C,98.84
YDR158W,98.84
YOL147C,98.84
YOR128C,98.86
YDR182W-A,98.87
YJR066W,98.87
YGL167C,98.88
YMR113W,98.92
YLR166C,98.92
YNL086W,98.93
YLR243W,98.98
YBR159W,98.98
YER110C,98.99
YIL029W-A,98.99
YNL270C,98.99
YIL177W-A,99.01
YLR154W-F,99.01
YJL225W-A,99.01
YDR360W,99.02
YPR204C-A,99.03
YGR296C-B,99.03
YPL283W-B,99.03
YER190C-B,99.03
YDR499W,99.04
YDR535C,99.04
YHR123W,99.05
YLL066W-A,99.07
YFL068W,99.07
YLL067W-A,99.07
YJR087W,99.14
YLR188W,99.14
YGL206C,99.15
YLR001C,99.19
YLR381W,99.22
YGR098C,99.23
YHR190W,99.28
YGR073C,99.3
YKL120W,99.3
YDR149C,99.33
YBR029C,99.41
YBL083C,99.42
YBR241C,99.42
YPL144W,99.42
YKL165C,99.43
YDL159C-B,99.47
YLR148W,99.48
YHR063W-A,99.5
YNR012W,99.52
YBR004C,99.53
YKR030W,99.53
YAL056C-A,99.54
YML023C,99.55
YDR073W,99.55
YDL147W,99.59
YMR235C,99.6
YDL235C,99.61
YIL156W-A,99.61
YCL048W-A,99.62
YKL071W,99.62
YDR522C,99.62
YIL120W,99.64
YHL040C,99.65
YHR199C-A,99.65
YAR027W,99.65
YMR025W,99.67
YMR301C,99.68
YJL014W,99.69
YIR022W,99.71
YOR085W,99.71
YPL052W,99.72
YAL018C,99.74
YJL161W,99.77
YNR075C-A,99.78
YBL113W-A,99.78
YML099W-A,99.78
YGL226C-A,99.79
YGR120C,99.8
YLR064W,99.8
YMR023C,99.87
YLR220W,99.87
YHR033W,99.91
YCL005W-A,99.97
YER107W-A,99.97
YPL206C,99.98
YGL132W,99.99
YJL180C,99.99
YPR118W,100.03
YDL069C,100.07
YNR056C,100.09
YLL023C,100.09
YDL062W,100.11
YPR038W,100.11
YPL033C,100.13
YMR286W,100.14
YBR271W,100.14
YHL047C,100.14
YCR093W,100.15
YPL056C,100.16
YDR135C,100.17
YNR013C,100.18
R0030W,100.21
YHL016C,100.21
YPL227C,100.23
YFL025C,100.26
YJL207C,100.27
YOL102C,100.29
YGR125W,100.31
YER039C-A,100.33
YDL071C,100.34
YJR022W,100.4
YER066C-A,100.41
YER145C,100.45
YBL099W,100.5
YOL150C,100.51
YJL039C,100.51
YGR055W,100.52
YDL242W,100.54
YPR098C,100.55
YLR450W,100.55
YIL049W,100.56
YJL009W,100.56
YDR270W,100.57
YIL090W,100.61
YNL120C,100.65
YDR413C,100.65
YBR113W,100.65
YBR272C,100.67
YLR088W,100.75
YPR020W,100.76
YLR269C,100.77
YPL092W,100.78
YBL037W,100.78
YDL116W,100.79
YPR014C,100.82
YGR216C,100.82
YNL057W,100.84
YKL154W,100.86
YBL071C-B,100.87
YBL068W,100.87
YDR408C,100.89
YBL112C,100.9
YHR218W-A,100.9
YBR220C,100.92
YLR062C,100.93
YHR062C,100.93
YLR376C,100.94
YCR034W,100.97
YOR316C,100.99
YLR356W,100.99
YJL218W,101.0
YBR164C,101.0
YOR349W,101.0
YDL159W-A,101.0
YJL198W,101.0
YMR308C,101.01
YDR441C,101.02
YNL297C,101.03
YNL171C,101.03
YOR225W,101.03
YPR016C,101.04
YMR256C,101.05
YLR386W,101.06
YKL033W,101.07
YCL018W,101.08
YJL062W,101.1
YML011C,101.1
YAL036C,101.1
YJR031C,101.13
YOL119C,101.15
YNL011C,101.17
YJR013W,101.18
YPR155C,101.2
YMR010W,101.23
YLL015W,101.25
YLR347W-A,101.26
YOL044W,101.27
YHR181W,101.28
YEL077W-A,101.31
YDR090C,101.32
YPR142C,101.34
YHL050W-A,101.35
YAL014C,101.37
YGR132C,101.38
YLL037W,101.39
YDR238C,101.39
YGR163W,101.41
YPR114W,101.44
YDR503C,101.45
YDR241W,101.47
YER152W-A,101.49
YOR314W-A,101.53
YML084W,101.57
YMR279C,101.58
YLR466C-A,101.58
YLR467C-A,101.58
YOR396C-A,101.58
YBR110W,101.65
YDR395W,101.65
YBR088C,101.66
YDR437W,101.72
YJL117W,101.79
YOL048C,101.8
YKL066W,101.82
YDR187C,101.85
YHR197W,101.85
YDR513W,101.87
YDR410C,101.88
YPR150W,101.89
YLR460C,101.92
YDR015C,101.92
YDR071C,101.95
YPL244C,101.96
YDL142C,101.97
YOL094C,102.01
YAL027W,102.02
YOL023W,102.04
YLR338W,102.04
YML090W,102.07
YGR168C,102.08
YNR030W,102.11
YNL328C,102.12
YER044C-A,102.13
YNR027W,102.16
YJL038C,102.16
YLR438C-A,102.2
YDR079C-A,102.24
YHL012W,102.25
YNL219C,102.27
YDL078C,102.28
YKL205W,102.29
YML047C,102.3
YDR545C-A,102.31
YKL132C,102.32
YBR042C,102.34
YML022W,102.36
YHR069C-A,102.37
YBR124W,102.42
YML066C,102.44
YDR190C,102.45
YBL094C,102.47
YNL277W-A,102.48
YBR296C,102.48
YEL059W,102.48
YOR307C,102.5
YGR035W-A,102.51
YAL067W-A,102.53
YJL059W,102.55
YPR170W-B,102.56
YKR032W,102.57
YMR075C-A,102.58
YDL025W-A,102.62
YOR366W,102.62
YPL044C,102.63
YDR298C,102.69
YMR030W-A,102.69
YJR011C,102.7
YDR537C,102.72
YGR182C,102.77
YIL134W,102.81
YHR180C-B,102.81
YDL210W,102.81
YDR497C,102.82
YOR345C,102.82
YML031C-A,102.88
YCL035C,102.89
YJL147C,102.92
YEL013W,102.95
YDL055C,102.97
YPL125W,102.98
YDR180W,102.98
YCL048W,103.0
YJR018W,103.05
YKL104W-A,103.1
YLL005C,103.16
YKL083W,103.17
YPL257W,103.17
YER072W,103.21
YGR270C-A,103.21
YOL137W,103.22
YBR121C-A,103.3
YIR020C,103.32
YDR212W,103.36
YBR101C,103.37
YOR365C,103.46
YNL024C-A,103.47
YEL004W,103.47
YDR281C,103.48
YPR036W-A,103.51
YOR331C,103.51
YJL108C,103.51
YDR086C,103.52
YLR372W,103.54
YML018C,103.59
YKL135C,103.62
YER099C,103.65
YPL135C-A,103.68
YDR491C,103.69
YLR292C,103.73
YDR519W,103.77
YDR302W,103.78
YGL241W,103.83
YOL020W,103.84
YLR413W,103.87
YNL280C,103.92
YGL084C,103.95
YIL121W,103.97
YJL193W,104.05
YBR187W,104.06
YEL064C,104.06
YMR182W-A,104.07
YER055C,104.07
YGL168W,104.11
YMR243C,104.13
YHR214C-E,104.16
YML116W,104.16
YIL040W,104.16
YPR046W,104.16
YGR291C,104.22
YPL087W,104.24
YOR159C,104.26
YMR138W,104.29
YDR406W-A,104.29
YDL151C,104.31
YOR049C,104.31
YMR230W-A,104.32
YOL134C,104.35
YBR183W,104.4
YIL128W,104.42
YLR315W,104.43
YKL131W,104.45
YHR131W-A,104.45
YLR101C,104.46
YLL044W,104.5
YPL073C,104.53
YNL070W,104.54
YOR008C-A,104.55
YGL088W,104.55
YAL007C,104.56
YPR004C,104.56
YNL210W,104.59
YFL067W,104.6
YGL159W,104.61
YAR030C,104.63
YJR005W,104.63
YPR028W,104.65
YKL118W,104.69
YKL147C,104.71
YKL225W,104.74
YDL063C,104.77
YBR298C-A,104.79
YMR185W,104.81
YOL025W,104.81
YKL141W,104.84
YDR141C,104.87
YNL305C,104.87
YGR228W,104.88
YGL030W,104.89
YDR102C,104.92
YGR207C,104.94
YOR103C,104.99
YGR062C,105.0
YEL065W,105.02
YOL126C,105.12
YKR073C,105.12
YHL044W,105.13
YDL143W,105.19
YCL068C,105.22
YBR036C,105.28
YHR078W,105.29
YOR067C,105.31
YAL047W-A,105.39
YDR525W-A,105.41
YHL011C,105.44
YDL023C,105.47
YOL002C,105.52
YKL187C,105.54
YDR367W,105.56
YPL102C,105.59
YNL279W,105.6
YGR227W,105.62
YIL008W,105.65
YOR228C,105.67
YGL239C,105.72
YOR160W,105.72
YER165C-A,105.74
YJR038C,105.79
YHL035C,105.8
YBL065W,105.84
YNL038W,105.86
YGR122C-A,105.87
YIR021W-A,105.88
YNL318C,105.94
YDL046W,105.95
YPL200W,106.02
YOR055W,106.09
YOR068C,106.12
YPL069C,106.14
YHR122W,106.2
YJR001W,106.21
YML106W,106.22
YKR088C,106.23
YEL009C-A,106.24
YIL054W,106.39
YBL100C,106.44
YER172C-A,106.46
YPL060W,106.47
YIL023C,106.52
YJL163C,106.54
YAL008W,106.6
YOR035C,106.6
YMR103C,106.64
YBL040C,106.65
YML057C-A,106.67
YLR011W,106.76
YOL162W,106.77
YDR521W,106.82
YBL082C,106.84
YGL238W,106.84
YDR320W-B,106.84
YGR114C,106.85
YOL122C,106.9
YLR385C,106.9
YMR177W,106.96
YOL050C,106.99
YBR087W,107.05
YLL031C,107.09
YGR172C,107.09
YGL195W,107.11
YHL015W-A,107.21
YGR151C,107.25
YDR396W,107.29
YOR149C,107.31
Q0275,107.33
YBR201W,107.4
YFL055W,107.44
YCL038C,107.45
YJR136C,107.46
YJL047C-A,107.54
YMR040W,107.56
YHL036W,107.61
YAR020C,107.69
YGR039W,107.71
YMR274C,107.76
YDR387C,107.79
Q0250,107.88
YGL114W,107.91
YOR394C-A,107.94
YKL193C,107.97
YGL225W,107.98
YJL077C,108.01
YPL246C,108.02
YML038C,108.06
YHR050W,108.09
YMR149W,108.12
YPL162C,108.14
YKL003C,108.15
YJR010C-A,108.17
YHR071C-A,108.17
YLR339C,108.21
YJL109C,108.27
YHR125W,108.31
YLL055W,108.32
YPL261C,108.35
YNL235C,108.4
YAL031W-A,108.4
YDL111C,108.41
YBL020W,108.42
YEL048C,108.45
YLL014W,108.47
YER185W,108.5
YGL115W,108.52
YMR253C,108.54
YJL037W,108.6
YOL092W,108.72
YJR157W,108.84
YPR029C,108.85
Q0143,108.85
YDR319C,108.86
YDR456W,108.86
YOR073W-A,108.92
YLR404W,108.92
YBR040W,108.93
YOR020C,108.94
YIL142C-A,108.99
YLR171W,109.06
YML103C,109.06
YPR077C,109.09
YLR426W,109.11
YDR414C,109.13
YPR036W,109.13
YOR369C,109.14
YAL034C-B,109.18
YGR213C,109.19
YNL044W,109.19
YAL026C-A,109.2
YJL091C,109.29
YGL042C,109.39
YCR085W,109.41
YNL158W,109.44
YDR526C,109.5
YGR224W,109.52
YBR070C,109.55
YJL094C,109.6
YJL136W-A,109.63
YJL004C,109.7
YKL174C,109.77
YMR304C-A,109.81
YJL202C,109.85
YFL040W,110.07
YNR061C,110.08
YGR077C,110.18
YNR032C-A,110.32
YMR173W-A,110.32
YPR198W,110.41
YMR052C-A,110.49
YKL221W,110.49
YHR175W-A,110.55
YAL059C-A,110.6
YKL177W,110.63
YPL076W,110.65
Q0010,110.74
YHR193C-A,110.75
YOL107W,110.75
YAL063C-A,110.89
YLR311C,110.97
YNL105W,111.04
YLR414C,111.06
YMR272W-A,111.06
YPL161C,111.09
YAL016W,111.12
YCL069W,111.28
YMR088C,111.33
YLR050C,111.46
YJL220W,111.47
YIL171W-A,111.47
YGL218W,111.49
YBR224W,111.51
YJR151W-A,111.53
YPL182C,111.56
YMR221C,111.56
YKR033C,111.6
YDR205W,111.62
YER146W,111.64
YER039C,111.7
Q0045,111.72
YOL158C,111.74
Q0105,111.84
YHL034W-A,111.89
YIL100C-A,111.97
YOL129W,112.0
YMR063W,112.02
YLR242C,112.03
YDR199W,112.1
YDL072C,112.12
YDR354C-A,112.17
YDR355C,112.2
YIL134C-A,112.3
YJR044C,112.37
YFR056C,112.47
YOR135C,112.53
YLR046C,112.64
YDL160C-A,112.66
YJR106W,112.77
YDL206W,112.83
YLR378C,112.87
YJL175W,112.88
YCR081C-A,112.94
YIL060W,112.95
YJR124C,113.01
YEL026W,113.05
YDL007C-A,113.08
YDR029W,113.32
YDR034C-A,113.45
YPL264C,113.54
YOR146W,113.73
YDR426C,113.79
YDL232W,113.87
YGL149W,113.9
YDR433W,113.91
YEL050W-A,114.03
YDL054C,114.08
YKR105C,114.13
YMR326C,114.14
YBL089W,114.17
YDL041W,114.21
YMR306C-A,114.28
YOL166C,114.44
YIL088C,114.48
YBR243C,114.65
YKL111C,114.7
YBR027C,114.78
YHR180W-A,114.81
YNR062C,114.81
YDR340W,114.83
YDR476C,114.98
YGL072C,115.08
YGR242W,115.13
YOL035C,115.3
YGL198W,115.32
YGL104C,115.34
YDR139C,115.37
YNL144W-A,115.39
YMR172C-A,115.51
YLR297W,115.51
YAR053W,115.52
YDR053W,115.59
YLR437C-A,115.75
YGR137W,115.79
YDR438W,115.81
YBR287W,115.86
YLR342W-A,115.9
YOL052C-A,115.99
YBL096C,115.99
YPR012W,116.19
YMR151W,116.21
YDL172C,116.41
YMR247W-A,116.41
YNR025C,116.48
YGR105W,116.53
YHR056W-A,116.62
YPR201W,116.71
YER158W-A,116.82
YIR030W-A,117.08
YMR251W-A,117.24
YGL194C-A,117.26
YOL164W-A,117.33
YLR406C-A,117.34
YGR095C,117.5
YBR147W,117.67
YGR022C,117.73
YNL109W,117.79
YCL002C,117.83
YBR210W,117.85
YGL069C,117.97
YNL324W,118.04
YBR232C,118.12
YGL204C,118.56
YBL048W,118.69
YHR142W,118.79
YDR209C,118.92
YAL016C-A,118.92
YAL037C-A,119.02
YIL071W-A,119.04
YGL074C,119.31
YBL070C,119.37
YGL152C,119.55
YCL058C,119.61
YGR016W,119.63
YDL068W,119.99
YFL017W-A,120.02
YAL069W,120.22
YIL047C-A,120.29
YBR109W-A,120.29
YCL056C,120.33
YEL030C-A,120.36
YOR277C,120.5
YGL041C,120.56
YGL010W,120.57
YFR042W,120.65
YDR100W,120.85
YBR293W,120.94
YDL158C,121.1
YEL018C-A,121.3
YNR005C,121.38
YDL026W,121.5
YGL041C-B,121.64
YPR108W-A,121.8
YGL054C,121.86
YLR444C,122.06
YFR012W,122.17
YOL106W,122.28
YDR203W,122.74
YGL217C,122.98
YCR041W,123.16
YMR119W-A,123.31
YDL128W,123.37
YOR248W,123.42
YAL064W-B,123.47
YBR283C,123.47
YPR160W-A,123.63
YOL099C,123.68
YMR071C,123.72
YDR269C,123.8
YHR145C,123.89
YLR154W-B,124.08
YDL011C,124.11
YLR458W,124.19
YBR196C-B,124.53
YHR214W-A,124.59
YDR133C,124.67
YOR032W-A,124.68
YCR097W-A,124.75
YAR068W,124.77
YKL053W,124.78
YMR315W-A,124.82
YIR014W,125.14
YOR082C,125.68
YML009W-B,125.72
YOR231C-A,125.74
YHR026W,125.88
YBR064W,125.92
YCL065W,125.93
YLR034C,126.15
YCR020C-A,126.23
YFR052C-A,126.29
YPL234C,126.55
YOR079C,126.7
YPL136W,126.8
YMR013C,127.81
YMR254C,128.07
YLR459W,128.2
YER119C,128.65
YLR402W,128.78
YMR292W,129.08
YJL097W,129.47
YGL007C-A,129.52
YDR467C,129.78
YOL013W-B,130.47
YAR069C,130.62
YHR214C-D,130.62
YMR141W-A,130.63
YJL142C,130.68
Q0080,131.08
YPR126C,131.28
YLR235C,131.8
YER078W-A,132.18
YLR399W-A,132.37
YOR105W,133.1
YDL032W,133.36
YPR170W-A,134.27
YPR130C,134.46
YNL319W,134.51
YML007C-A,134.56
YCR018C-A,134.71
YLR163W-A,135.72
YPR002C-A,136.1
YAL066W,136.21
YLR322W,136.5
YOL079W,136.89
Q0085,137.83
YER079C-A,138.31
YEL017C-A,140.38
YEL027W,140.7
YIR023C-A,141.05
YDR366C,141.81
YCR024C-A,142.99
YBL107W-A,143.24
YFL012W-A,143.34
YJR023C,144.48
YLR334C,145.43
YER138W-A,146.83
YMR013C-A,147.94
YDR193W,148.62
Q0130,150.81
YDR524C-A,150.82
YIL102C-A,152.4
YDR371C-A,152.66
YGL024W,153.3
YDR276C,153.98
YER074W-A,154.29
YPR159C-A,154.87
YER181C,157.39
YCR087W,159.96
YMR316C-B,165.12
YPR123C,169.41
YKL145W-A,205.94
