Systematic Name,CDS Length
YJR151W-A,51
YBR191W-A,75
YDL247W-A,75
YDL184C,78
YDL133C-A,78
YOR302W,78
YOR161W-A,81
YMR013W-A,81
YHR073C-B,81
YOR335W-A,81
YAR035C-A,81
YPR160W-A,81
YJL136W-A,84
YHL015W-A,84
YBL039C-A,84
YNL144W-A,84
YMR182W-A,87
YLR149C-A,87
YJL077W-A,87
YGL007C-A,87
YGR174W-A,87
YCL054W-A,87
YFR012W-A,87
YMR242W-A,90
YNL103W-A,90
YKL100W-A,90
YBR131C-A,90
YER090C-A,90
YHR022C-A,90
YDR524W-C,90
YEL008C-A,93
YAL037C-A,93
YKL145W-A,93
YLL019W-A,93
YLR299C-A,93
YNR075C-A,93
YGR068W-A,96
YOL038C-A,96
YBR141W-A,96
YBL071C-B,99
YJL077W-B,99
YPL152W-A,99
YNR003W-A,99
YFL031C-A,102
YLR120W-A,102
YPR159C-A,102
YOR008W-B,102
YHR180C-B,105
YBL107W-A,105
YDL025W-A,105
YLR399W-A,105
YBR221W-A,105
YBR196C-B,105
YER138W-A,105
YDR371C-A,105
YMR272W-B,108
YMR315W-A,108
YOR314W-A,111
YGL006W-A,111
YDL232W,111
YML007C-A,111
YDR461W,111
YMR272W-A,114
YDL114W-A,114
YER053C-A,114
YGR204C-A,114
YLR163W-A,114
YDR118W-A,117
YLR466C-B,117
YLR264C-A,117
YJL127W-A,117
YDR510C-A,117
YNL145W,117
YKL156C-A,117
YBR296C-A,120
YJL052C-A,120
YHR032C-A,120
YBL100W-C,120
YDR524C-A,120
YBR223W-A,120
YKL106C-A,120
YLR364C-A,123
YNL097C-B,123
YDR003W-A,123
YCR024C-A,123
YCR038W-A,126
YBL108C-A,129
YMR046W-A,129
YGR122C-A,129
YLR156C-A,132
YLR159C-A,132
YEL017C-A,132
YDL159W-A,132
YLR157C-C,132
YLR154C-H,132
YHL048C-A,135
YLR286W-A,135
YJL047C-A,135
YOL155W-A,135
YDL240C-A,138
YJL222W-B,138
YIR018C-A,138
YDR320W-B,138
YMR158C-A,138
Q0092,141
YIL105W-A,141
YNL067W-B,141
YOL083C-A,141
YLR347W-A,141
YGL188C-A,141
YLR154W-F,141
YBR126W-B,144
YBR103C-A,144
YMR247W-A,144
YDR354C-A,144
YOR161C-C,147
YNL067W-A,147
YNL130C-A,147
Q0080,147
YER088W-B,147
YOR293C-A,150
YGL063C-A,150
YJR140W-A,150
YDR169C-A,150
YKL096C-B,150
YLR154C-G,150
YMR013C-A,150
YBR196C-A,150
YLR406C-A,150
YHR175W-A,150
YBL006W-A,150
YPR133W-A,153
YDR194W-A,153
YKL162C-A,153
Q0143,153
YOL019W-A,153
YOL166W-A,156
YOR376W-A,156
YDR034W-B,156
Q0297,156
YNL097W-A,156
YJL189W,156
YNL338W,159
YCR095W-A,159
YBR056C-B,159
YJL127C-B,159
YML054C-A,159
YBR121C-A,159
Q0017,162
YOR072W-B,162
YHR086W-A,162
YEL032C-A,162
YGR146C-A,162
YBR072C-A,162
YGL014C-A,162
YJL205C,162
YBR200W-A,165
YER078W-A,165
YLR154W-B,165
YER175W-A,165
YIL046W-A,165
YLR157W-E,165
YAR020C,168
YDR276C,168
YOR381W-A,168
YOR394C-A,168
YLR388W,171
YDL061C,171
YLR285C-A,171
YLL066W-B,171
YHR050W-A,171
YPR074W-A,171
YML100W-A,174
YGL188C,174
YLR342W-A,174
YHR052C-B,174
YGR227C-A,174
YPL135C-A,174
YHR054C-B,174
YLL006W-A,177
YDL159C-B,177
Q0142,177
YDR034C-A,177
YHR073W-A,177
YHR072W-A,177
YFR032C-A,180
YBL039W-B,180
YDL067C,180
YMR251W-A,180
YHR032W-A,180
YML081C-A,180
YOL164W-A,183
YHR180W-A,183
YMR256C,183
YNL070W,183
YGL041C-B,183
YHR055C,186
YOR045W,186
YOL052C-A,186
YHR053C,186
YAL016C-B,186
YOL097W-A,186
YPR170W-A,186
YLR154W-A,186
YDR464C-A,189
YLR162W-A,189
YNL277W-A,189
YPL271W,189
YFR010W-A,189
YMR230W-A,189
YLR146W-A,189
YEL050W-A,192
YCR108C,192
YFL041W-A,192
YOR182C,192
YLR287C-A,192
YPL038W-A,192
YOL013W-A,192
YLR402W,192
YNL146C-A,195
YMR175W-A,195
YMR105W-A,195
YHR054W-A,195
YHR052W-A,195
YLR262C-A,195
YBR182C-A,195
YMR307C-A,195
YBR162W-A,198
YEL020C-B,198
YCR102W-A,198
YPR002C-A,198
YDR246W-A,201
YDR119W-A,201
YOR231C-A,201
YBR230W-A,201
YBR056W-A,201
YDR524C-B,201
YGR183C,201
YOR032W-A,201
YGR240C-A,201
YLR154W-E,204
YOR167C,204
YLR264W,204
YDR182W-A,204
YPR036W-A,204
YHR212W-A,204
YBR201C-A,204
YGL041C,204
YIL134C-A,204
YOL077W-A,207
YPL096C-A,207
YML058W-A,207
YCR047W-A,207
YLR412C-A,207
YMR174C,207
YBR126W-A,207
YOR011W-A,207
YPL189C-A,207
YDL085C-A,207
YOR186C-A,210
YKL138C-A,210
YOR329W-A,210
YLL009C,210
YOR316C-A,210
YIL002W-A,210
YOR108C-A,210
YGR226C,210
YER023C-A,213
YHR143W-A,213
YKL183C-A,213
YOR210W,213
YIR021W-A,213
YML129C,213
YOL085W-A,213
YPR108W-A,213
YLR157W-D,213
YML009C,213
YGR121W-A,216
YHR007C-A,216
YER158W-A,216
YPR010C-A,219
YER039C-A,219
YNL162W-A,219
YGR270C-A,219
YDR079C-A,219
YNR001W-A,219
YPR169W-A,219
YDR320C-A,219
YNL024C-A,219
YGR291C,222
YER091C-A,222
YGR035W-A,222
YJL156W-A,222
YNR032C-A,222
YNL259C,222
YHR199C-A,222
YJL026C-A,222
YCL005W-A,222
YBR298C-A,222
YMR194C-B,222
YIL156W-B,222
YKL065W-A,222
YAR029W,225
YJL133C-A,225
YMR141W-A,225
YEL059C-A,225
YOR008C-A,225
YMR194C-A,225
YBR109W-A,225
YNL015W,228
YDL185C-A,228
YLR437C-A,228
YJL222W-A,228
YDR210W,228
YCR075W-A,228
YKL023C-A,228
YIL102C-A,228
YAL067W-A,228
YGL123C-A,231
YOR304C-A,231
Q0130,231
YLR222C-A,231
YGL260W,231
YMR001C-A,231
YKL165C-A,234
YGR105W,234
YHR001W-A,234
YFL017W-A,234
YDR139C,234
YOR073W-A,234
YHR213W-A,234
YGL258W-A,234
YBL068W-A,237
YJR107C-A,237
YLR395C,237
YPR145C-A,237
YCR081C-A,237
YCR020W-B,237
YKL068W-A,237
YLR325C,237
YOR192C-C,237
YDR525W-A,240
YMR175W,240
YCL048W-A,240
YDR379C-A,240
YDR015C,240
YBL008W-A,240
YIR020W-A,243
YDR461C-A,243
YBR058C-A,243
YDL160C-A,243
YGL194C-A,243
YDR086C,243
YOR034C-A,243
YMR324C,243
YPL222C-A,246
YDR406W-A,246
YHR131W-A,246
YER087C-B,249
YDL022C-A,249
YKL156W,249
YOR072W-A,249
YBL071W-A,249
YHR021C,249
YLR038C,252
YNL337W,255
YMR122W-A,255
YCL001W-B,255
YGR008C,255
YKL104W-A,255
YAL068W-A,255
YPR012W,255
YNR077C,255
YCR018C-A,255
YNL042W-B,258
YBR085C-A,258
YER180C-A,258
YER074W-A,258
YNL138W-A,258
YJL062W-A,258
YLR363W-A,258
YDR183C-A,258
YPR170W-B,258
YJL020W-A,258
YDL007C-A,258
YFR009W-A,258
YDL181W,258
YPR016W-A,261
YOR161W-B,261
YDR378C,261
YDL130W-A,261
YKL053C-A,261
YNL211C,261
YGL226C-A,261
YMR286W,261
YPR182W,261
YLR327C,261
YJR135W-A,264
YKR057W,264
YGL032C,264
YJL136C,264
YLR099W-A,264
YEL020W-A,264
YLR307C-A,264
YGR037C,264
YFR032C-B,264
YPL119C-A,264
YKR095W-A,267
YLR185W,267
YBR076C-A,267
YCR024C-B,267
YER019C-A,267
YCR097W-A,267
YDR500C,267
YCR020C-A,267
YKR075W-A,270
YIL021C-A,270
YDR374W-A,270
YLR438C-A,270
YDR363W-A,270
YOL159C-A,273
YOL086W-A,273
YLR379W-A,273
YOR020W-A,273
YNR037C,276
YHR079C-A,276
YDR250C,276
YDR424C,279
YGR169C-A,279
YPR043W,279
YKL096W-A,279
YGR161W-C,279
YJR094W-A,279
YJL197C-A,282
YDR070C,282
YPL183W-A,282
YPR052C,282
YER146W,282
YHR005C-A,282
YJR005C-A,282
YAL064W,285
YIL058W,285
YER048W-A,285
YDR016C,285
YJL166W,285
YOR159C,285
YBL029C-A,285
YPR160C-A,285
YJL015C,285
YBR233W-A,285
YJR010C-A,285
YFL010W-A,285
YDL045W-A,288
YBL026W,288
YDR241W,288
YGR236C,288
YFR034W-A,288
YPL250W-A,288
YOL013W-B,291
YAL063C-A,291
YBR111W-A,291
YDR322C-A,291
Q0032,291
YMR030W-A,291
YDR220C,294
YCL057C-A,294
YKL006C-A,294
YAR069C,294
YHR214C-D,294
YHR049C-A,297
YMR225C,297
YLL018C-A,297
YLR361C-A,297
YNR034W-A,297
YAR053W,297
YAR064W,300
YIL008W,300
YPL046C,300
YHR214C-E,300
YKL018C-A,300
YHR213W-B,300
YDR543C,300
YAR070C,300
YBR089C-A,300
YER188C-A,300
YLR012C,300
YPL047W,300
YMR194W,303
YPL251W,303
YDL163W,303
YNL198C,303
YPL249C-A,303
YOR248W,303
YOL035C,303
YBR032W,303
YNL146W,303
YDR355C,303
YDR340W,303
YLR444C,303
YML116W-A,303
YIR020C,303
YDL016C,303
YPR096C,303
YDR114C,303
YPL278C,303
YGR025W,303
YPL102C,303
YJL150W,303
YGR206W,306
YGL204C,306
YOR146W,306
YDR377W,306
YBL108W,306
YOR318C,306
YLR230W,306
YOR170W,306
YKR047W,306
YHR125W,306
YGL149W,306
YER137W-A,306
YMR320W,306
YKL102C,306
YPR092W,306
YFR052C-A,306
YLR346C,306
YLR147C,306
YPL056C,306
YLL020C,306
YEL014C,306
YLR252W,306
YGL052W,306
YIL102C,306
YLR366W,306
YGL042C,306
YOR121C,306
YDR510W,306
YIL086C,309
YBL071C,309
YNL086W,309
YLR465C,309
YNL300W,309
YOR300W,309
YDR112W,309
YMR326C,309
YPL261C,309
YMR316C-B,309
YAL045C,309
YFL065C,309
YBL096C,309
YDL158C,309
YOR277C,309
YGR242W,309
YMR141C,309
YGR063C,309
YDR455C,309
YJL022W,309
YEL059W,309
YPR126C,309
YOL118C,309
YPR203W,309
YJL188C,309
YAL031W-A,309
YAL066W,309
YCR050C,309
YMR254C,309
YML084W,309
YKL118W,312
YGR039W,312
YBL073W,312
YLR043C,312
YDL026W,312
YDL032W,312
YOL150C,312
YDR431W,312
YGL193C,312
YBL048W,312
YHR139C-A,312
YMR316C-A,312
YBR009C,312
YNL030W,312
YBR190W,312
YHR165W-A,312
YBL100C,315
YBL001C,315
YLR322W,315
YML058W,315
YBR174C,315
YDR029W,315
YKR032W,315
YCR001W,315
YOR072W,315
YMR244C-A,315
YDR048C,315
YOR235W,315
YBR144C,315
YNL296W,315
YAL069W,315
YGL239C,315
YAL016C-A,315
YDR281C,315
YIL014C-A,315
YEL030C-A,315
YGR209C,315
YJL007C,315
YJL032W,315
YJL144W,315
YJL182C,318
YBR209W,318
YMR321C,318
YNL028W,318
YJL135W,318
YIL054W,318
YFL015W-A,318
YPL142C,318
YMR230W,318
YER006C-A,318
YJR085C,318
YBR268W,318
YBL112C,318
YHR218W-A,318
YDR203W,318
YDR115W,318
YGR181W,318
YOR293W,318
YDR278C,318
YML108W,318
YML101C-A,318
YGL030W,318
YKR073C,321
YNL043C,321
YDL023C,321
YOR020C,321
YBL028C,321
YLR041W,321
YPR087W,321
YKL044W,321
YOL050C,321
YAR047C,321
YOR265W,321
YOR282W,321
YOL039W,321
YDL130W,321
YHR071C-A,321
YNL162W,321
YBR262C,321
YDL081C,321
YHR141C,321
YBL070C,321
YMR158W-B,321
YER107W-A,321
YFL032W,321
YHR028W-A,321
YER181C,324
YER088C-A,324
YEL073C,324
YJL120W,324
YLR236C,324
YDL009C,324
YGL109W,324
YOR234C,324
YLR217W,324
YCL046W,324
YBR206W,324
YPR094W,324
YGR051C,324
YER058W,324
YDR269C,324
YIR023C-A,324
YGL182C,324
YJL119C,324
YDL011C,324
YDL012C,324
YER067C-A,324
YOR024W,324
YPL143W,324
YDR467C,327
YMR031W-A,327
YLR202C,327
YJL199C,327
YHL046W-A,327
YGR269W,327
YOR105W,327
YLR296W,327
YLL014W,327
YGL074C,327
YDR327W,327
YJL009W,327
YLR053C,327
YPL080C,327
YNL244C,327
YLR333C,327
YNL184C,327
YGR027C,327
YOR343C,327
YOL131W,327
YGR011W,327
YML009C-A,327
YLR140W,327
YJR034W,327
YLR261C,327
YDL096C,327
YLR123C,330
YER046W-A,330
YOR199W,330
YGR018C,330
YJR112W-A,330
YGR022C,330
YOR314W,330
YDR290W,330
YML099W-A,330
YJL179W,330
YDR525W,330
YPR014C,330
YOR225W,330
YJR079W,330
YJR048W,330
Q0144,330
YAL047W-A,330
YBL059C-A,330
YPR195C,330
YJR022W,330
YER097W,330
YBR091C,330
YDL068W,330
YLR364W,330
YFL014W,330
YPR146C,330
YDL196W,330
YLR294C,330
YDL187C,330
YLR111W,333
YJR020W,333
YIL142C-A,333
YLR154C,333
YLR365W,333
YGR215W,333
YCL035C,333
YAR019W-A,333
YGL168W,333
YBR027C,333
YEL068C,333
YBL094C,333
YJR086W,333
YDR382W,333
YLR275W,333
YAL044W-A,333
YKL223W,333
YDR102C,333
YCR041W,333
YNL057W,333
YIR040C,333
YDR045C,333
YDR010C,333
YGR069W,336
YDR094W,336
YDR079W,336
YDR133C,336
YMR153C-A,336
YML031C-A,336
YCR060W,336
YGL132W,336
YDR521W,336
YHR212C,336
YPR039W,336
YEL003W,336
YGR151C,336
YOR029W,336
YIR009W,336
YPR170C,336
YHR063W-A,336
YBL109W,336
YAR060C,336
YLR204W,336
YJL028W,336
YGL024W,336
YGR164W,336
YHR130C,336
YHR087W,336
YKL137W,336
YKL111C,336
YOL166C,339
YLR415C,339
YIL020C-A,339
YOR379C,339
YIL030W-A,339
YLR390W,339
YNL017C,339
YMR086C-A,339
YIL100C-A,339
YER079C-A,339
YHR173C,339
YEL074W,339
YGR139W,339
YKL177W,339
YLR406C,342
YOR053W,342
YLR282C,342
YDL075W,342
YOL109W,342
YGR219W,342
YOR082C,342
YER133W-A,342
YCL058W-A,342
YKL061W,342
YIL012W,342
YEL039C,342
YOL160W,342
YOL085C,342
YLL030C,342
YAR030C,342
YPL098C,342
YGL217C,342
YJR082C,342
YOR135C,342
YOL026C,342
YDR286C,345
YLR428C,345
YGR228W,345
YCR022C,345
YDR381C-A,345
YNL135C,345
YHR039C-A,345
YLR124W,345
YPL205C,345
YFR035C,345
YBL065W,345
YDL034W,345
YOR068C,345
YLR161W,345
YLR200W,345
YHR138C,345
YLR156W,345
YER121W,345
YLR159W,345
YMR290W-A,348
YKL225W,348
YOR050C,348
YGR176W,348
YLR184W,348
YER076W-A,348
YDR230W,348
YPL035C,348
YGL177W,348
YHL045W,348
YNL147W,348
YNL303W,348
YJL202C,348
YMR107W,348
YPR020W,348
YPR166C,348
YDR509W,348
YNL122C,348
YEL053W-A,348
YOR327C,348
YLR311C,348
YCL023C,348
YLR232W,348
YMR304C-A,351
YDR008C,351
YEL010W,351
YJR120W,351
YJL067W,351
YLR269C,351
YOR102W,351
YGR035C,351
YCR045W-A,351
YLR280C,351
YLL065W,351
YDR154C,351
YBR051W,351
YJR162C,351
YJR087W,351
YKL084W,351
YOR189W,351
YOR345C,351
YAL056C-A,351
YCR085W,354
YOL037C,354
YLR255C,354
YIL100W,354
YBL078C,354
YAL030W,354
YHL006W-A,354
YPR044C,354
YJR146W,354
YLR169W,354
YGR182C,354
YML101C,354
YAL034C-B,354
YOR203W,354
YIL163C,354
YDL041W,354
YOL106W,354
YFL019C,354
YOR366W,354
YDL242W,354
YJL003W,357
YLR162W,357
YGR050C,357
YPR099C,357
YER165C-A,357
YGR020C,357
YMR082C,357
YIL032C,357
YKL037W,357
YDL157C,357
YDL162C,357
YHR145C,357
YAL046C,357
YGL072C,360
YOR015W,360
YBR124W,360
YCR096C,360
YMR294W-A,360
YBR232C,360
YJL215C,360
YPR038W,360
YJR128W,360
YJL152W,360
YCL042W,360
YGL189C,360
YIL165C,360
YNR025C,360
YLR198C,360
YER131W,360
YOL005C,363
YJR038C,363
YHL046C,363
YIL176C,363
YOL161C,363
YJL223C,363
YAL068C,363
YHR069C-A,363
YBR301W,363
YGL029W,363
YMR103C,363
YGL261C,363
YLR461W,363
YLR302C,363
YNR076W,363
YGL089C,363
YHL018W,363
YDL191W,363
YGR294W,363
YGL220W,363
YEL049W,363
YDR542W,363
YGR045C,363
YBR255C-A,363
YJR018W,363
YDL136W,363
YNL111C,363
YLL064C,363
YJR157W,363
YGL088W,366
YOL133W,366
YMR075C-A,366
YDR199W,366
YDL152W,366
YGR190C,366
YMR052C-A,366
YDR031W,366
YIL052C,366
YPL013C,366
YIL059C,366
YML047W-A,366
YBR253W,366
YGL034C,366
YER056C-A,366
YIR013C,366
YLR061W,366
YHL015W,366
YOR376W,369
YJL086C,369
YGR064W,369
YJL169W,369
YML089C,369
YGL070C,369
YPL136W,369
YNL171C,369
YJL173C,369
YOR364W,369
YEL075C,369
YKL058W,369
YBL044W,369
YJR071W,369
YIL047C-A,369
YBR090C,369
YLR408C,369
YER189W,369
YFL034C-A,369
YMR123W,369
YFL020C,369
YDR357C,369
YCL065W,369
YFR056C,369
YPR077C,372
YMR057C,372
YKL224C,372
YNL285W,372
YDL241W,372
YJL184W,372
YDR493W,372
YGR073C,372
YIL029W-A,372
YDR417C,372
YDR274C,372
YBR292C,372
YIL115W-A,372
YPR177C,372
YFR049W,372
YDR271C,372
YNL114C,372
YBR194W,372
YDL050C,372
YJR108W,372
YER119C-A,372
YGL226W,372
YIL025C,375
YBR178W,375
YOL014W,375
YLR295C,375
YMR119W-A,375
YMR122C,375
YKL053W,375
YBL053W,375
YCR104W,375
YIR041W,375
YLR379W,375
YHR193C-A,375
YLR037C,375
YPR076W,375
YFR036W,375
YMR325W,375
YGR137W,375
YFL012W-A,375
YDL071C,375
YLR154W-C,375
YLL025W,375
YCL021W-A,378
YKR012C,378
YKL192C,378
YJR063W,378
YAL042C-A,378
YLR062C,378
YGL007W,378
YML012C-A,378
YLR122C,378
YER092W,378
YDR426C,378
YLR331C,378
YER009W,378
YNL013C,378
YMR007W,381
YAL064C-A,381
YLL037W,381
YDL118W,381
YLR334C,381
YGL121C,381
YER071C,381
YCR097W,381
YLR458W,381
YEL026W,381
YEL008W,381
YER172C-A,381
YML122C,381
YKL123W,381
YER038W-A,381
YOR309C,381
YAL064W-B,381
YBL062W,381
YOR122C,381
YGR034W,384
YCR083W,384
YKL086W,384
YMR172C-A,384
YLR344W,384
YKL076C,384
YPL182C,384
YJR037W,384
YGL127C,384
YLR434C,384
YMR195W,384
YIL068W-A,384
YBR099C,384
YLL047W,384
YIR030W-A,384
YDR504C,384
YDR529C,384
YBR219C,384
YKL169C,384
YCR043C,384
YMR059W,387
YPR059C,387
YIL148W,387
YBR016W,387
YMR193C-A,387
YER084W,387
YKR094C,387
YML090W,387
YCR082W,387
Q0010,387
YAL065C,387
YIL141W,390
YMR306C-A,390
YLR171W,390
YLR374C,390
YLR297W,390
YER072W,390
YER057C,390
YGR114C,390
YOL134C,390
YNL149C,390
YNL153C,390
YLR279W,390
YOR183W,390
YHR162W,390
YPL238C,390
YBR013C,390
YGL191W,390
YML057C-A,390
YCL007C,393
YKL036C,393
YNL143C,393
YPR200C,393
YJL190C,393
YJL142C,393
YHR059W,393
YHL005C,393
YDR442W,393
YGL015C,393
YOR139C,393
YJR114W,393
YBL092W,393
YER135C,393
YLR367W,393
YKL115C,393
YGL080W,393
YOR103C,393
YMR112C,396
YKL003C,396
YDR053W,396
YPL185W,396
YBL002W,396
YNL324W,396
YKL138C,396
YDR224C,396
YNL170W,396
YNL269W,396
YLR104W,396
YLR101C,396
YJL077C,396
YJL064W,396
YHR132W-A,396
YNL276C,396
YDR193W,399
YOR200W,399
YKL136W,399
YML034C-A,399
YOR268C,399
YOL079W,399
YBL003C,399
YIL028W,399
YLR385C,399
YDR225W,399
YLR416C,399
YLR235C,399
YDR366C,399
YPL192C,402
YKR083C,402
YBL012C,402
YDR511W,402
YDR157W,402
YBL018C,402
YHR191C,402
YML094C-A,402
YBR134W,402
YJL151C,402
YLR110C,402
YBR277C,402
YHL037C,402
YLR437C,402
YJR023C,402
YKR049C,402
YIL156W-A,402
YIR036W-A,402
YNR005C,405
YBR230C,405
YMR252C,405
Q0182,405
YPL062W,405
YOL012C,405
YCL012C,405
YER074W,408
YPR130C,408
YEL009C-A,408
YIL069C,408
YOR263C,408
YNL150W,408
YCR028C-A,408
YDR519W,408
YDR482C,408
YDR445C,408
YNR046W,408
YNL226W,411
YDR095C,411
YHR010W,411
YLR125W,411
YPL250C,411
YDR471W,411
YBR010W,411
YNL031C,411
YKL097C,411
YBR226C,411
YGR265W,411
YML024W,411
YCR025C,411
YCR064C,411
YDR447C,411
YER147C-A,411
YHR070C-A,411
YDR156W,414
YGL087C,414
YER093C-A,414
YER117W,414
YCR031C,414
YKL031W,414
YBL087C,414
YOR012W,414
YGR230W,414
YKL167C,414
YDR215C,414
YPL197C,414
YDR209C,414
YPR050C,414
YJL075C,417
YJL027C,417
YBL049W,417
YGL054C,417
YOR333C,417
YER050C,417
YMR292W,417
YIL040W,417
YBR269C,417
YKL170W,417
YHL001W,417
YKL006W,417
YJL191W,417
YNL266W,420
YBR012C,420
YNR022C,420
YOR218C,420
YEL033W,420
YLR112W,420
YPR064W,420
YOR285W,420
YPL114W,420
YAL059C-A,423
YPR063C,423
YDR308C,423
YPR100W,423
YPR153W,423
YJR044C,423
YLR076C,423
YDL123W,423
YDR437W,423
YGL108C,423
YBR167C,423
YBR188C,423
YNL205C,423
YER187W,426
YLR013W,426
YJR067C,426
YEL045C,426
YIL027C,426
YKR033C,426
YDL062W,426
YBL083C,426
YBR258C,429
YBR064W,429
YIL029C,429
YIL004C,429
YBR210W,429
YDR544C,429
YER159C,429
YGL102C,429
YOL040C,429
YNL113W,429
YNR042W,429
YNL105W,429
YLR245C,429
YOL127W,429
YBL077W,432
YLL050C,432
YPR082C,432
YOR369C,432
YOR041C,432
YER046W,432
YPR017C,432
YNL081C,432
YMR143W,432
YER068C-A,432
YNL235C,432
YDL083C,432
YDR100W,432
YDR513W,432
YOL165C,432
YBL021C,435
YIL060W,435
YOR055W,435
YPR123C,435
YDL086C-A,435
YIR015W,435
YCL056C,435
YOR186W,435
YOL121C,435
YLR317W,435
YHR056W-A,435
YBR285W,435
YNL302C,435
YDR360W,435
YKL160W,438
YAL026C-A,438
YIL051C,438
YMR074C,438
YER035W,438
YGR118W,438
YMR151W,438
YBL025W,438
YER145C-A,438
YNL179C,438
YPR132W,438
YGL118C,438
YNL328C,441
YNL319W,441
YGR243W,441
YGR259C,441
YBR282W,441
YCR071C,441
YOR224C,441
YDR450W,441
YNR004W,441
YDR433W,441
YML026C,441
YDL092W,441
YPL225W,441
YDR397C,441
YGR074W,441
YDR462W,444
YGR290W,444
YGL230C,444
YDR344C,444
YBR109C,444
YOR392W,444
YKL066W,444
YJL211C,444
YBR252W,444
YFR033C,444
YJR058C,444
YIL066W-A,444
YPL144W,447
YER150W,447
YBR173C,447
YER137C,447
YER044C,447
YMR148W,447
YDR059C,447
YHR051W,447
YBR082C,447
YGR203W,447
YHR136C,447
YLL044W,447
YIR005W,447
YCR049C,447
YFL012W,447
YGL106W,450
YGR107W,450
YDL121C,450
YLL052C,450
YHL041W,450
YNR010W,450
YDR063W,450
YJL104W,450
YOR286W,450
YDR252W,450
YGL103W,450
YJL220W,453
YIL171W-A,453
YDL219W,453
YOR052C,453
YBR135W,453
YBR266C,453
YLR218C,453
YPL059W,453
YMR298W,453
YHL006C,453
YMR159C,453
YDL110C,453
YHL042W,453
YDR064W,456
YIL111W,456
YHR021W-A,456
YHR116W,456
YFL063W,456
YOL108C,456
YPR053C,456
YLR068W,456
YFR057W,456
YOR298C-A,456
YLR167W,459
YLL053C,459
YEL048C,459
YNL131W,459
YPL170W,459
YCL058C,459
YHR217C,462
YNR036C,462
YOR382W,462
YDR092W,462
YCL001W-A,462
YNL052W,462
YER030W,462
YHL030W-A,462
YCR087C-A,462
YNL255C,462
YNL281W,462
YER014C-A,462
YLR315W,462
YGR293C,462
YHL034W-A,462
YMR260C,462
YKL067W,462
YEL028W,462
YGL041W-A,465
YJR104C,465
YOR169C,465
YGL069C,465
YMR181C,465
YIL062C,465
YCR099C,468
YIL098C,468
YGL187C,468
YGR148C,468
YMR158W,468
YFR003C,468
YPR187W,468
YIL065C,468
YGL031C,468
YMR008C-A,468
YKR074W,468
YLR281C,468
YOR013W,471
YOR339C,471
YLR170C,471
YLR421C,471
YGL199C,471
YPL071C,471
YDL208W,471
YDR025W,471
YPL200W,471
YDR526C,471
YBR048W,471
YMR002W,471
YOR226C,471
YPR193C,471
YOR044W,474
YLR400W,474
YGR076C,474
YGR275W,474
YEL034W,474
YDL064W,474
YJR047C,474
YPR168W,474
YIL087C,474
YMR236W,474
YCR006C,474
YOR325W,474
YPL037C,474
YAR075W,474
YHR182C-A,474
YCR063W,474
YPR062W,477
YNL089C,477
YNL185C,477
YJL143W,477
YDL125C,477
YML009W-B,477
YGR030C,477
YIL071W-A,477
YDL172C,480
YML077W,480
YIL016W,480
YHR126C,480
YML030W,480
YFL017C,480
YDR545C-A,480
YHL050W-A,483
YEL027W,483
YLL067W-A,483
YPL079W,483
YMR040W,483
YPR204C-A,483
YLL066W-A,483
YFL051C,483
YBL113W-A,483
YEL077W-A,483
YFL068W,483
YER190C-B,483
YGR296C-B,483
YML133W-B,483
YLR466C-A,483
YLR467C-A,483
YNL339W-B,483
YOR396C-A,483
YPL283W-B,483
YBR113W,483
YHR219C-A,483
YJL225W-A,483
YIL177W-A,483
YBR191W,483
YDL004W,483
YLR010C,483
YOR276W,486
YDR024W,486
YOR257W,486
YPL073C,486
YER067W,486
YLR042C,486
YHR214W-A,486
YPR098C,486
YAR068W,486
YLR050C,486
YJL011C,486
YIL138C,486
YNL120C,486
YPR073C,486
YJL096W,486
YGL214W,486
YBR244W,489
YHL002C-A,489
YOL071W,489
YDR155C,489
YBR077C,489
YDR014W-A,489
YBR120C,489
YDR179C,489
YOR357C,489
YDR491C,492
YML094W,492
YGR031C-A,492
YIR037W,492
YHR180W,492
YOL099C,492
YPR188C,492
YOR150W,492
YOR394W,495
YJR055W,495
YFL015C,495
YPL234C,495
YCL041C,495
YPL282C,495
YKR020W,495
YHR095W,495
YIL057C,495
YMR022W,498
YPL135W,498
YGL259W,498
YDR201W,498
YBR300C,498
YPL034W,498
YEL054C,498
YPL187W,498
YDL008W,498
YDR418W,498
YEL035C,501
YLR074C,501
YER066C-A,501
YDR535C,501
YDR396W,501
YEL044W,501
YKR040C,504
YKL056C,504
YJL065C,504
YMR071C,504
YLL042C,504
YKL122C,504
YML098W,504
YDL235C,504
YKL026C,504
YIR022W,504
YKL063C,504
YPL223C,507
YLL059C,507
YCL033C,507
YLR349W,507
YLR164W,507
YLR008C,507
YPL108W,507
YNL157W,507
YCR046C,510
YKL070W,510
YDL094C,510
YDR073W,510
YJR115W,510
YFR026C,510
YKL153W,510
YOL143C,510
YOL163W,510
YFR011C,513
YJR017C,513
YAL044C,513
YHL043W,513
YER084W-A,513
YJL175W,513
YPR136C,513
YGR174C,513
YDR260C,513
YDL177C,513
YOL159C,516
YCR087W,516
YKL013C,516
YDR404C,516
YCL022C,516
YBR224W,516
YJR097W,519
YJL124C,519
YDR187C,519
YMR242C,519
YGL058W,519
YPL252C,519
YNL046W,519
YOR312C,519
YOL024W,519
YAL033W,522
YPL148C,522
YER085C,522
YHR152W,522
YPR150W,522
YKL131W,522
YPR149W,522
YDL046W,522
YNL133C,522
YKL016C,525
YNL310C,525
YGR131W,525
YFL064C,525
YDL120W,525
YGR273C,525
YHR193C,525
YGL010W,525
YGR085C,525
YPR102C,525
YCR040W,528
YBR254C,528
YJL122W,528
YDR469W,528
YLR193C,528
YOR097C,528
YBR116C,528
YCL066W,528
YBR047W,528
YGL222C,528
YKL190W,528
YFL067W,528
YBL091C-A,528
YPR101W,528
YDR163W,528
YGL262W,528
YPR051W,531
YLR448W,531
YOR253W,531
YML073C,531
YNL044W,531
YLR109W,531
YBR022W,534
YJR025C,534
YEL018C-A,534
YMR135W-A,534
YBR122C,534
YML011C,534
YOL067C,534
YMR042W,534
YMR035W,534
YBL090W,534
YPL038W,534
YML055W,537
YLR370C,537
YOR252W,537
YGL235W,537
YER134C,537
YNL245C,540
YMR009W,540
YEL066W,540
YBR137W,540
YLL049W,540
YDR540C,540
YAR023C,540
YLR021W,540
YDR185C,540
YBR062C,543
YAL055W,543
YPR028W,543
YJL161W,543
YBL006C,543
YKL069W,543
YDR441C,546
YPL211W,546
YGL242C,546
YML036W,546
YLR065C,546
YER007C-A,546
YIL009C-A,546
YDL192W,546
YDL137W,546
YPR046W,546
YDR178W,546
YHR060W,546
YNL109W,546
R0030W,546
YML078W,549
YCR090C,549
YHR093W,549
YPL044C,549
YHR157W,549
YCR101C,549
YPL099C,549
YOR094W,552
YER087C-A,552
YLR463C,552
YBR164C,552
YGR102C,552
YMR072W,552
YGR133W,552
YHR148W,552
YDL221W,552
YCR003W,552
YGR082W,552
YKR045C,552
YLR339C,552
YGL018C,555
YKL186C,555
YER042W,555
YLR066W,555
YKR007W,555
YOL129W,555
YHR081W,555
YJL177W,555
YKL180W,555
YER066W,558
YOR331C,558
YOR215C,558
YPR067W,558
YDL053C,558
YPL025C,558
YHR100C,558
YER034W,558
YOR148C,558
YBR217W,561
YOL120C,561
YNL301C,561
YNR024W,561
YLR031W,561
YER112W,564
YPR142C,564
YDR401W,564
YLR358C,564
YIR017C,564
YGR049W,564
YDR454C,564
YML022W,564
YDR512C,564
YPL021W,564
YPR197C,564
YHR121W,564
YER152W-A,567
YBR106W,567
YCL001W,567
YLR306W,567
YMR255W,567
YOR163W,567
YLR445W,567
YOR179C,567
YDL200C,567
YBL027W,570
YAL019W-A,570
YPL010W,570
YLR254C,570
YHR175W,570
YNL140C,570
YGR029W,570
YBR084C-A,570
YDR339C,570
YIL024C,570
YMR150C,573
YPL218W,573
YHR189W,573
YNL174W,573
YNL096C,573
YDR136C,573
YGR016W,573
YOR096W,573
YCR086W,573
YGL231C,573
YDR373W,573
YNL067W,576
YGR296C-A,576
YDR071C,576
YML133W-A,576
YDR253C,576
YLR229C,576
YDR413C,576
YNL339W-A,576
YGL147C,576
YER190C-A,576
YER115C,576
YMR138W,576
YPL283W-A,576
YDL165W,576
YLR011W,576
YOR297C,579
YGL165C,579
YNL090W,579
YFR054C,579
YER148W-A,579
YPL257W,582
YLR292C,582
YCL026C-A,582
YCL026C-B,582
YBL059W,582
YDR248C,582
YKL202W,582
YKR068C,582
YDL151C,582
YJL024C,585
YDR328C,585
YDL098C,585
YOL146W,585
YGL068W,585
YKR085C,588
YPR131C,588
YFR017C,588
YBR189W,588
YEL067C,588
YIR032C,588
YNL282W,588
YDR022C,591
YMR118C,591
YDR066C,591
YBL107C,591
YML028W,591
YJL030W,591
YDR121W,591
YPR037C,591
YGR251W,591
YDR453C,591
YJL218W,591
YER029C,591
YHL019W-A,594
YPL081W,594
YJR069C,594
YIL157C,594
YGL247W,594
YKR065C,594
YDL166C,594
YLR251W,594
YMR295C,594
YLR356W,594
YNL056W,594
YJR014W,597
YJL217W,597
YHR153C,597
YER012W,597
YNL260C,597
YDR032C,597
YPL067C,597
YNL158W,597
YMR003W,597
YKL141W,597
YDR478W,597
YHR213W,597
YGR268C,597
YMR184W,597
YPL051W,597
YAL008W,597
YNL069C,597
YNL214W,600
YDR084C,600
YIL133C,600
YBR264C,600
YIL164C,600
YMR142C,600
YNL208W,600
YDL082W,600
YNL079C,600
YIR017W-A,600
YLR009W,600
YGR078C,600
YBR089W,600
YOR367W,603
YPL239W,603
YFR042W,603
YBL072C,603
YER102W,603
YEL034C-A,603
YKL196C,603
YLR073C,603
YPR172W,603
YDR042C,603
YLR179C,606
YMR073C,606
YLR145W,606
YJR112W,606
YBR278W,606
YDR537C,606
YML079W,606
YMR263W,606
YDR002W,606
YOL029C,606
YKL030W,606
YLR462W,609
YOL114C,609
YFR012W,609
YJR102C,609
YKL001C,609
YGL047W,609
YDL135C,609
YGL200C,612
YJR118C,612
YGR160W,612
YOR294W,612
YLR036C,612
YDL002C,612
YHR214W,612
YER128W,612
YMR264W,612
YBR014C,612
YEL075W-A,612
YKL214C,612
YAR066W,612
YNL203C,612
YJL004C,612
YDR041W,612
YDL072C,612
YKR035W-A,615
YNL190W,615
YIL158W,615
YMR121C,615
YLR456W,615
YLR029C,615
YKL083W,615
YLR016C,615
YMR052W,615
YFR001W,615
YOR383C,615
YKL024C,615
YDR231C,618
YDR056C,618
YHR089C,618
YLR435W,618
YIL089W,618
YER094C,618
YHR057C,618
YKL147C,618
YFL038C,621
YKL065C,621
YGL258W,621
YAL003W,621
YDR167W,621
YJR073C,621
YPR151C,621
YNL222W,621
YIL127C,621
YBR171W,621
YPL229W,621
YOR387C,621
YMR245W,621
YDL217C,624
YFL046W,624
YPL041C,624
YOR016C,624
YOL008W,624
YJR012C,624
YML001W,627
YMR132C,627
YDR013W,627
YPL178W,627
YER104W,627
YPR107C,627
YBL057C,627
YDR487C,627
YCR027C,630
YIL113W,630
YJL170C,630
YPR165W,630
YPL267W,630
YJR133W,630
YDL212W,633
YOR089C,633
YDR003W,633
YHR041C,633
YER079W,633
YML095C,633
YGR081C,633
YCL067C,633
YCR039C,633
YBR052C,633
YBR067C,633
YOR247W,633
YNR049C,633
YER183C,636
YMR182C,636
YBR071W,636
YBR201W,636
YMR269W,636
YML012W,636
YFL010C,636
YOR236W,636
YKL159C,636
YPR071W,636
YGR146C,636
YNR014W,639
YKL144C,639
YDR298C,639
YML053C,639
YAL059W,639
YHR110W,639
YOL111C,639
YDL228C,642
YJL072C,642
YHR026W,642
YIL132C,642
YOL139C,642
YBR005W,642
YLR119W,642
YKR035C,642
YOR319W,642
YMR117C,642
YOR021C,642
YPL166W,642
YLR268W,645
YHR105W,645
YDR408C,645
YNL213C,645
YBR072W,645
YHR147C,645
YOR078W,645
YGL033W,645
YAL004W,648
YBL102W,648
YJL001W,648
YCR013C,648
YPR154W,648
YIL010W,648
YDR177W,648
YOL162W,648
YFL005W,648
YGL101W,648
YGR129W,648
YEL024W,648
YKL119C,648
YAL007C,648
YBR154C,648
YCR020C,648
YLR262C,648
YLR350W,651
YKL117W,651
YGL037C,651
YLR464W,651
YFR036W-A,651
YGL218W,651
YPL233W,651
YEL076C-A,651
YEL076C,651
YGL002W,651
YHR137C-A,651
YHR128W,651
YJR057W,651
YIR024C,651
YOR258W,654
YPL220W,654
YDR305C,654
YMR197C,654
YJL097W,654
YGR153W,654
YGL135W,654
YNL306W,654
YLR051C,654
YBR197C,654
YJR074W,657
YOR131C,657
YLR363C,657
YEL012W,657
YDR236C,657
YER063W,657
YGL079W,657
YBL040C,660
YGL183C,660
YDR246W,660
YJL118W,660
YOR064C,660
YNR061C,660
YJL038C,660
YLR178C,660
YDR302W,660
YAR002C-A,660
YLR293C,660
YKL142W,660
YBR066C,663
YBL093C,663
YIL007C,663
YOR185C,663
YPR113W,663
YNL110C,663
YOR202W,663
YLR221C,663
YNL093W,663
YPR174C,666
YCR018C,666
YMR077C,666
YER018C,666
YJL140W,666
YNL036W,666
YDR367W,666
YDR140W,666
YDR399W,666
YLR075W,666
YFR008W,666
YGL210W,669
YNR017W,669
YPL121C,669
YFL060C,669
YNL334C,669
YMR202W,669
YGR038W,669
YCR051W,669
YDR226W,669
YOL135C,669
YMR147W,672
YMR222C,672
YDR078C,672
YGR095C,672
YHL031C,672
YER031C,672
YDL139C,672
YPL130W,672
YBR193C,672
YDL169C,672
YLR040C,675
YKL041W,675
YDR476C,675
YDR468C,675
YDR007W,675
YJL037W,675
YKL087C,675
YMR095C,675
YOL046C,675
YMR161W,675
YDR067C,675
YNR018W,675
YDL213C,678
YDR304C,678
YGL152C,678
YJR123W,678
YNL335W,678
YGR201C,678
YGL166W,678
YEL001C,678
YDL018C,678
YFL061W,678
YER170W,678
YNL107W,681
YMR233W,681
YML106W,681
YDR296W,681
YLR211C,681
YER139C,681
YDR381W,681
YMR271C,684
YLR118C,684
YMR090W,684
YEL038W,684
YJL158C,684
YLR407W,687
YHR181W,687
YOR232W,687
YGR232W,687
YBR035C,687
YOR295W,687
YHR071W,690
YKL049C,690
YNL038W,690
YDR486C,690
YMR311C,690
YDL069C,690
YDR183W,693
YOL102C,693
YHR038W,693
YBR096W,693
YOR283W,693
YLL033W,693
YLR168C,693
YGR126W,693
YLR298C,696
YIL118W,696
YEL072W,696
YDR043C,696
YOL149W,696
YBR111C,696
YHR122W,696
YDL010W,696
YER002W,696
YER004W,696
YOR111W,699
YBR261C,699
YKL002W,699
YBL038W,699
YDR020C,699
YER163C,699
YDR391C,699
YOR077W,699
YFR020W,699
YPL002C,702
YJL148W,702
YHR008C,702
YJL195C,702
YEL057C,702
YOR125C,702
YGR167W,702
YOR332W,702
YGR271C-A,702
YLL060C,702
YGR235C,702
YLR250W,705
YMR314W,705
YNL100W,705
YKR014C,705
YJL192C,705
YAR033W,705
YIR038C,705
YER010C,705
YGL051W,705
YAR028W,705
YDR412W,708
YDR275W,708
YHL044W,708
YAR027W,708
YGL198W,708
YIL161W,708
YDR149C,708
YGL020C,708
YJR050W,708
Q0160,708
YIL152W,708
YPL090C,711
YOR214C,711
YKL033W-A,711
YIR042C,711
YBR181C,711
YJR056C,711
YDR162C,711
YOL147C,711
YKL009W,711
YJR099W,711
YDR533C,714
YGR024C,714
YBR070C,714
YMR322C,714
YFR043C,714
YGL053W,714
YMR188C,714
YOL110W,714
YOR391C,714
YHR185C,714
YPL280W,714
YMR134W,714
YNR057C,714
YJL063C,717
YDR383C,717
YBR242W,717
YBR256C,717
YJL121C,717
YLR390W-A,717
YPL213W,717
YFL031W,717
YNL099C,717
YMR156C,717
YHR013C,717
YOR126C,717
YDL059C,717
YPR202W,717
YDR410C,720
YGR036C,720
YHR140W,720
YCR007C,720
YER188W,720
YGR033C,720
YMR063W,720
YKL096W,720
YJR135C,720
YGR247W,720
YNL178W,723
YOL142W,723
YPL199C,723
YLR025W,723
YNL129W,723
YLR326W,723
YPL077C,723
YER148W,723
YBL041W,726
YDR196C,726
YGR136W,726
YLR411W,726
YGL250W,726
YPL024W,726
YNL010W,726
YIR014W,729
YDR538W,729
YOR305W,729
YOR358W,729
YLR376C,729
YPL065W,729
YGR057C,729
YGR075C,729
YHR049W,732
YGR267C,732
YHR127W,732
YOR284W,732
YPL078C,735
YIR020C-B,735
YER120W,735
YPL129W,735
YER182W,735
YIR030C,735
YPL198W,735
YLR078C,735
YKL154W,735
YER174C,735
YGL076C,735
YLR301W,735
YBR153W,735
YJR024C,735
YPR016C,738
YBR107C,738
YIR018W,738
YML064C,738
YGL098W,738
YIL139C,738
YJL055W,738
YOL028C,738
YPL027W,738
YKR091W,741
YKL130C,741
YHR043C,741
YGR195W,741
YNL024C,741
YNL200C,741
YAL049C,741
YHR044C,741
YDR174W,741
YOL032W,741
YGL061C,744
YJR113C,744
YCR004C,744
YKL152C,744
YLL038C,744
YCL076W,744
YPR015C,744
YGR172C,747
YML113W,747
YOR213C,747
YPL107W,747
YGR001C,747
YDR050C,747
YMR038C,750
YNR009W,750
YLL046C,750
YER039C,750
YOL154W,750
YHR163W,750
YDL202W,750
YKR041W,753
YIR001C,753
YER100W,753
YLR052W,753
YLR022C,753
YML092C,753
YGR158C,753
YLL027W,753
YGL240W,753
YIL053W,753
YCR076C,753
YER062C,753
YDR098C,753
YPR143W,753
YKL099C,753
YJL035C,753
Q0250,756
YGR006W,756
YNL151C,756
YOR010C,756
YOR289W,756
YLR126C,756
YGL011C,759
YJL066C,759
YLR048W,759
YLR186W,759
YGR214W,759
YPR158W,759
YLR312W-A,762
YLR093C,762
YKL207W,762
YPL159C,762
YPL124W,762
YIL049W,762
YGL123W,765
YLR165C,765
YFR031C-A,765
YLR194C,765
YOR004W,765
YFL045C,765
YOL038W,765
YER153C,765
YIR035C,765
YIL018W,765
YER011W,765
YNL148C,765
YMR157C,768
YLR441C,768
YML063W,768
YAL014C,768
YGR248W,768
YNL314W,768
YBR157C,768
YMR200W,771
YEL051W,771
YOR152C,771
YPR060C,771
YKL071W,771
YHR022C,771
YCL005W,771
YHL033C,771
YNR040W,771
YLL045C,771
YKL040C,771
YBL043W,774
YOR060C,774
YIL064W,774
YJL043W,774
YBL036C,774
YGR135W,777
YCR059C,777
YBR088C,777
YCL047C,777
YOR095C,777
YPL127C,777
YMR193W,777
YNL228W,777
YOR039W,777
YNL168C,780
YCL010C,780
YLR323C,780
YAL009W,780
YGR115C,780
Q0085,780
YGR253C,783
YCL068C,783
YPL163C,783
YCR075C,783
YLR201C,783
YDR428C,786
YGR262C,786
YDL087C,786
YHR167W,786
YER126C,786
YOR157C,786
YJR145C,786
YJR011C,786
YLR285W,786
YNL195C,786
YGR207C,786
YIL020C,786
YBL064C,786
YAL027W,786
YHR203C,786
YPR167C,786
YGR120C,789
YPL246C,789
YMR084W,789
YLR414C,792
YLR030W,792
YCL002C,792
YDR405W,792
YGR161C,792
YIR036C,792
YNL246W,795
YIL093C,795
YKR006C,795
YLR329W,795
YDR152W,798
YGL237C,798
YGL117W,798
YOR220W,798
YLR102C,798
YLR192C,798
YGR106C,798
YCR009C,798
YIR016W,798
YDL111C,798
YOR280C,801
YGL174W,801
YLL041C,801
YJR101W,801
YIL070C,801
YDL043C,801
YFR050C,801
YER180C,804
YMR226C,804
YKL206C,804
YER177W,804
YEL019C,804
YPR183W,804
YFL013W-A,804
YAL037W,804
YEL021W,804
YKL007W,807
YOR115C,807
YPR134W,807
YOR062C,807
YDL049C,807
YPR009W,807
YHR200W,807
YPL241C,807
YLR128W,810
YJR144W,810
YLR059C,810
YKR034W,810
YAL039C,810
YGR220C,810
YIL011W,810
YHR134W,810
Q0275,810
YNL210W,813
YBL095W,813
YNL108C,813
YNL050C,813
YLR046C,813
YNR020C,813
YGR280C,816
YJL178C,816
YKL208W,816
YHL049C,816
YOR180C,816
YGR042W,816
YJL210W,816
YKR043C,816
YOL009C,816
YDR262W,819
YLR243W,819
YNR068C,819
YGR152C,819
YGL154C,819
YKR030W,822
YLR150W,822
YMR312W,822
YDR099W,822
YDL086W,822
YNL312W,822
YGL050W,822
YLR064W,822
YML105C,822
YPL162C,822
YPL196W,822
YGL085W,825
YDR272W,825
YER116C,825
YNL155W,825
YMR178W,825
YDR503C,825
YKR060W,825
YLR412W,825
YBR213W,825
YLR271W,825
YFR052W,825
YPL094C,825
YDR429C,825
YOR145C,825
YDR319C,825
YCR047C,828
YDR384C,828
YAR008W,828
YOR278W,828
YDL051W,828
YGL096W,831
YLR199C,831
YJL174W,831
YER026C,831
YPR027C,834
YPR116W,834
YLR290C,834
YBR165W,834
YDL186W,834
YOL088C,834
YKL023W,834
YKL095W,837
YKL055C,837
YGR026W,837
YHR192W,837
YBR146W,837
YDR087C,837
YBR185C,837
YGL019W,837
YOR255W,837
YLR393W,840
YML014W,840
YGL005C,840
YNL289W,840
YLL023C,840
YJL115W,840
YJR116W,840
YEL018W,840
YBR257W,840
YJL203W,843
YML041C,843
YHR067W,843
YBL010C,843
YBR187W,843
YLR284C,843
YGL224C,843
YPL076W,843
YFR027W,846
YEL009C,846
YIL114C,846
YPL033C,846
YDL006W,846
YDR315C,846
YNL252C,846
YNL032W,846
YJR096W,849
YOR104W,849
YEL005C,849
YHR012W,849
YKR025W,849
YNR002C,849
YHR090C,849
YHR160C,852
YNL055C,852
YOR106W,852
YDR472W,852
YKR046C,852
YCR010C,852
YGL128C,852
YGR053C,852
YDL142C,852
YDR361C,852
YJR111C,852
YFL021C-A,855
YLR079W,855
YNL003C,855
YNL320W,855
YOR174W,855
YNL033W,855
YNL019C,855
YDR106W,855
YIL043C,855
YMR087W,855
YPL156C,855
YLR136C,858
YMR069W,858
YNL286W,858
YDR116C,858
YIL050W,858
YER083C,858
YLR404W,858
YOR040W,858
YPL237W,858
YLR338W,858
YDL201W,861
YOR194C,861
YER023W,861
YBR002C,861
YML025C,861
YOR281C,861
YDR337W,861
YMR149W,861
YMR043W,861
YDR313C,861
YPR103W,864
YFL034C-B,864
YJL160C,864
YBR011C,864
YGL057C,864
YGR132C,864
YIL034C,864
YPR093C,867
YGL221C,867
YPL117C,867
YJR155W,867
YOR036W,867
YGR147C,867
YGR239C,867
YOR362C,867
YOL080C,870
YNL159C,870
YAL034W-A,870
YFR032C,870
YGL232W,870
YFL028C,870
YDR284C,870
YGR021W,873
YCR016W,873
YIL082W,873
YML003W,873
YPL232W,873
YNR064C,873
YOR385W,873
YGR205W,873
YNL075W,873
YOR311C,873
YLR132C,873
YBR101C,873
YHR014W,876
YBR152W,876
YDL129W,876
YKR055W,876
YLR003C,876
YLR351C,876
YOR344C,876
YOL077C,876
YHR209W,876
YHR133C,876
YDR130C,876
YNL202W,879
YBL050W,879
YJR088C,879
YMR039C,879
YDR287W,879
YDR237W,879
YOR223W,879
YNL232W,879
YOR130C,879
YKL052C,879
YGR066C,879
YPL052W,879
YPL068C,882
YGR222W,882
YHR062C,882
YPR069C,882
YJL185C,882
YIL003W,882
YOL093W,882
YOL001W,882
YLR091W,882
YDR184C,885
YDR489W,885
YPR199C,885
YDL076C,885
YPR109W,885
YJL145W,885
YHL034C,885
YPR005C,885
YOR114W,885
YPL149W,885
YHR029C,885
YFR041C,888
YBR037C,888
YOR083W,888
YKL128C,888
YDR054C,888
YHR058C,888
YHR046C,888
YMR183C,888
YDR233C,888
YHR088W,888
YOR028C,888
YFR047C,888
YMR025W,888
YKR037C,888
YDL173W,888
YML112W,891
YBR147W,891
YGL044C,891
YIL076W,891
R0040C,891
YER142C,891
YER055C,894
YMR099C,894
YMR096W,894
YPL173W,894
YNL305C,894
YCL031C,894
YGR017W,894
YPL131W,894
YIL124W,894
YLR208W,894
YIL044C,897
YLL056C,897
YAR031W,897
YJR150C,897
YBR040W,897
YNL265C,897
YFL059W,897
YLR348C,897
YNL333W,897
YBR119W,897
YNL196C,897
YBR160W,897
YGL162W,900
YJL068C,900
YJL079C,900
YGL254W,900
YER175C,900
YBR291C,900
YLR018C,900
YPR066W,900
YNL156C,900
YPL132W,903
YLR172C,903
YDL198C,903
YOR287C,903
YER053C,903
YGR044C,903
YIL061C,903
YPR139C,903
YNL204C,903
YLR146C,903
YBR024W,906
YFL044C,906
YLR307W,906
YPR061C,906
YNL194C,906
YPL054W,906
YPL064C,906
YDR446W,909
YOR228C,909
YKL150W,909
YMR130W,909
YER076C,909
YML052W,909
YER106W,909
YDR288W,912
YBR231C,912
YNL006W,912
YOR238W,912
YDL052C,912
YOL056W,912
YER185W,912
YMR281W,915
YLR455W,915
YDR123C,915
YOR074C,915
YKR052C,915
YBR228W,915
YOR251C,915
YDL179W,915
YPR147C,915
YJR007W,915
YMR079W,915
YPL186C,915
YGR277C,918
YKR026C,918
YDR280W,918
YPL031C,918
YPR192W,918
YAL025C,921
YDR374C,921
YDL108W,921
YAR015W,921
YMR055C,921
YFR004W,921
YPL177C,921
YDL045C,921
YKL183W,921
YER186C,921
YKR104W,921
YNL072W,924
YKR075C,924
YGR104C,924
YBR251W,924
YML110C,924
YPR058W,924
YJL126W,924
YBR085W,924
YOR222W,924
YHL013C,924
YDL119C,924
YNR028W,927
YDL114W,927
YDL127W,927
YDR075W,927
YOL092W,927
YOR107W,930
YDL222C,930
YFR045W,930
YOR101W,930
YMR056C,930
YHR187W,930
YJR083C,930
YIL145C,930
YKL107W,930
YCL009C,930
YGR208W,930
YGR060W,930
YOR292C,930
YGL043W,930
YOR065W,930
YNL177C,930
YJL196C,933
YPL134C,933
YBR061C,933
YML121W,933
YKL091C,933
YMR267W,933
YDR090C,933
YNR007C,933
YGR284C,933
YGR231C,933
YDR068W,933
YOR279C,933
YHR199C,933
YGL161C,933
YDL015C,933
YJL117W,936
YJR077C,936
YDL021W,936
YIL134W,936
YDL047W,936
YLR209C,936
YML050W,936
YGL146C,936
YBR039W,936
YBR176W,939
YHR144C,939
YGR127W,939
YLR340W,939
YER133W,939
YCL049C,939
YEL029C,939
YDL124W,939
YML087C,939
YMR299C,939
YFR034C,939
YLR308W,939
YOL096C,939
YOL101C,939
YDL236W,939
YDR368W,939
YOR164C,939
YOR120W,939
YML125C,939
YMR262W,942
YOR079C,942
YGR282C,942
YKL110C,942
YKL094W,942
YOR006C,942
YNL322C,942
YMR206W,942
YIL106W,945
YJR021C,945
YMR241W,945
YNL263C,945
YNL063W,945
YGR096W,945
YLR283W,945
YHR061C,945
YJL133W,945
YDR336W,945
YKL216W,945
YPL157W,948
YBR175W,948
YHL026C,948
YMR274C,948
YCR073W-A,948
YPR114W,948
YBR183W,951
YGL212W,951
YBR151W,951
YHR142W,951
YPL039W,951
YGR062C,951
YNL058C,951
YCR100C,951
YCL059C,951
YDR492W,951
YKL019W,951
YNR054C,951
YPL087W,954
YMR310C,954
YDL218W,954
YMR048W,954
YGR213C,954
YNR003C,954
YNR027W,954
YDR352W,954
YCR015C,954
YLR205C,954
YPR013C,954
YOL002C,954
YIL117C,957
YOR288C,957
YCR069W,957
YOR158W,957
YER099C,957
YNL315C,957
YIL021W,957
YPL266W,957
YBL030C,957
YIR011C,960
YOR143C,960
YLR457C,960
YDR353W,960
YOR342C,960
YDR175C,960
YMR116C,960
YLR439W,960
YHL011C,963
YNL215W,963
YKR080W,963
YGL136C,963
YDL183C,963
YGL081W,963
YDR033W,963
YBR265W,963
YMR180C,963
YIL077C,963
YNR034W,966
YDR460W,966
YLR242C,966
YHR195W,966
YBR290W,966
YCL050C,966
YPL206C,966
YDR347W,966
YER037W,966
YLR257W,966
YHR198C,966
YLR220W,969
YLR316C,969
YOL073C,969
YNL098C,969
YJR095W,969
YKR022C,969
YCR002C,969
YNL284C,969
YGL115W,969
YNL002C,969
YOL094C,972
YDR480W,972
YJL006C,972
YNL025C,972
YGR007W,972
YDR124W,975
YLL062C,975
YKL120W,975
YBR211C,975
YAL037C-B,975
YAL018C,978
YHR143W,978
YPL273W,978
YJR070C,978
YDR530C,978
YJL180C,978
YDR151C,978
YPR176C,978
YKL163W,978
YLR426W,981
YOR340C,981
YNL217W,981
YPR011C,981
YGR144W,981
YDR058C,981
YIL041W,981
YML004C,981
YHR139C,981
YKL218C,981
YBL068W,981
YDL014W,984
YOR271C,984
YJR093C,984
YHR104W,984
YJL031C,984
YDL205C,984
YOR100C,984
YIL084C,984
YNR062C,984
YIL063C,984
YJR100C,984
YMR060C,984
YGR015C,987
YGL091C,987
YDR435C,987
YPR128C,987
YDL037C,987
YLR239C,987
YBR129C,987
YKR062W,987
YJR107W,987
YDL057W,987
YDR044W,987
YHR083W,990
YKL018W,990
YOR142W,990
YJL208C,990
YKR013W,990
YDL243C,990
YBR104W,990
YDR267C,993
YOR246C,993
YHL009C,993
YLR181C,993
YNL097C,993
YNL180C,996
YJL213W,996
YJL052W,999
YCR021C,999
YML019W,999
YHL025W,999
YPL055C,999
YJR009C,999
YGR192C,999
YGR080W,999
YCR036W,1002
YGR043C,1002
YER161C,1002
YPL111W,1002
YAL020C,1002
YKL085W,1005
YDR051C,1005
YHR085W,1005
YNL316C,1005
YML107C,1005
YER179W,1005
YBR046C,1005
YPL227C,1005
YDL230W,1008
YMR041C,1008
YHR101C,1008
YPR110C,1008
YDR204W,1008
YCL055W,1008
YLR354C,1008
YPL215W,1008
YGR058W,1008
YPL069C,1008
YFR025C,1008
YEL006W,1008
YDR126W,1011
YIL096C,1011
YNL326C,1011
YLR007W,1011
YMR316W,1011
YKL151C,1014
YJL116C,1014
YBR141C,1014
YGL225W,1014
YEL017W,1014
YDR265W,1014
YDR392W,1014
YLR017W,1014
YKR088C,1014
YJL088W,1017
YER156C,1017
YOR313C,1017
YOR261C,1017
YBL031W,1017
YMR081C,1017
YJR008W,1017
YDR077W,1017
YMR127C,1017
YPR056W,1017
YKL193C,1017
YBR050C,1017
YPL244C,1020
YOR061W,1020
YGR086C,1020
YKL093W,1020
YDL209C,1020
YGR084C,1020
YJR129C,1020
YDL244W,1023
YFL058W,1023
YDR400W,1023
YJR156C,1023
YHR156C,1023
YNL290W,1023
YML037C,1023
YLR026C,1023
YLR151C,1023
YJR105W,1023
YFR055W,1023
YNL332W,1023
YOL007C,1026
YDL099W,1026
YGL153W,1026
YHR210C,1026
YGR283C,1026
YGR163W,1026
YDR411C,1026
YPL004C,1026
YPR057W,1026
YKL164C,1026
YOR026W,1026
YMR228W,1026
YNR035C,1029
YOL048C,1029
YMR126C,1029
YHR106W,1029
YMR144W,1029
YLR265C,1029
YPL088W,1029
YNR071C,1029
YJR142W,1029
YOL107W,1029
YOL151W,1029
YEL004W,1029
YDL065C,1029
YGR031W,1029
YGL040C,1029
YLR375W,1032
YOR352W,1032
YIR029W,1032
YDL078C,1032
YGR113W,1032
YMR101C,1032
YHR076W,1032
YKR081C,1035
YPR004C,1035
YBR054W,1035
YDR541C,1035
YER016W,1035
YPL118W,1035
YBR128C,1035
YHR034C,1035
YBR149W,1035
YLR097C,1035
YDL175C,1035
YDR372C,1038
YPR127W,1038
YGL138C,1038
YGR165W,1038
YBL033C,1038
YGL175C,1038
YLR447C,1038
YLR372W,1038
YPR086W,1038
YOR091W,1038
YKR087C,1038
YGR180C,1038
YCL032W,1041
YIL023C,1041
YIL019W,1041
YOR315W,1041
YOR007C,1041
YOR075W,1041
YML015C,1041
YIL154C,1041
YJR154W,1041
YGR101W,1041
YMR146C,1044
YJL023C,1044
YGL157W,1044
YNL141W,1044
YPR180W,1044
YBR159W,1044
YCR034W,1044
YLR100W,1044
YOR262W,1044
YDR439W,1044
YJR141W,1044
YMR234W,1047
YBR034C,1047
YOL086C,1047
YGL039W,1047
YKR071C,1047
YLR377C,1047
YMR303C,1047
YGL100W,1050
YMR315W,1050
YGL001C,1050
YNL084C,1050
YJR019C,1050
YDR297W,1050
YPR129W,1050
YDR214W,1053
YNL274C,1053
YNL264C,1053
YOR085W,1053
YDR279W,1053
YJR043C,1053
YLR270W,1053
YBR145W,1056
YIL122W,1056
YNL231C,1056
YDL107W,1056
YJR060W,1056
YDR202C,1056
YNL164C,1056
YNL007C,1059
YKR070W,1059
YJL167W,1059
YOL104C,1059
YDL226C,1059
YML067C,1059
YML047C,1059
YPL138C,1062
YDR451C,1062
YKL051W,1062
YBL016W,1062
YPL011C,1062
YDL115C,1062
YJR068W,1062
YKR011C,1062
YOR173W,1062
YPL264C,1062
YKL011C,1062
YFR007W,1062
YCL034W,1065
YNL160W,1065
YDL100C,1065
YNL229C,1065
YBR087W,1065
YBR076W,1065
YOR049C,1065
Q0075,1065
YHR054C,1065
YKR100C,1068
YBL074C,1068
YDR173C,1068
YLR287C,1068
YMR244W,1068
YPR040W,1071
YGR154C,1071
YLR070C,1071
YDL144C,1071
YOL047C,1071
YJL131C,1071
YHR002W,1074
YOL064C,1074
YML119W,1074
YJR159W,1074
YHR025W,1074
YER127W,1074
YCR044C,1074
YDL246C,1074
YNL191W,1074
YNL187W,1074
YKL098W,1074
YPL015C,1074
YJR147W,1077
YBR053C,1077
YPL152W,1077
YKL060C,1080
YGL211W,1080
YLR246W,1080
YJR139C,1080
YML021C,1080
YHR069C,1080
YPR075C,1083
YIL079C,1083
YNL037C,1083
YOR221C,1083
YJR094C,1083
YLR215C,1083
YPL191C,1083
YCL064C,1083
YMR318C,1083
YDL055C,1086
YCR105W,1086
YJR153W,1086
YGR048W,1086
YKR066C,1086
YFR046C,1086
YDR494W,1086
YCR095C,1089
YLR157C,1089
YGR028W,1089
YLR160C,1089
YDR047W,1089
YDR012W,1089
YBR105C,1089
YDR414C,1089
YBR031W,1089
YLR158C,1089
YLR155C,1089
YFR018C,1092
YKR077W,1092
YLR141W,1092
YCR107W,1092
YOL042W,1092
YCR019W,1092
YIR021W,1092
YKL042W,1092
YPL096W,1092
YOR338W,1092
YPL236C,1095
YLR420W,1095
YIR026C,1095
YBR065C,1095
YCL018W,1095
YDR065W,1098
YDR273W,1098
YKR042W,1098
YDR158W,1098
YER107C,1098
YLR056W,1098
YLR063W,1098
YML131W,1098
YMR270C,1098
YMR152W,1098
YIL083C,1098
YOR037W,1101
YHR097C,1101
YNL080C,1101
YBR221C,1101
YHR040W,1101
YMR028W,1101
YBR018C,1101
YKL043W,1101
YBR057C,1101
YGR257C,1101
YNL173C,1101
YMR251W,1101
YER118C,1104
YDR531W,1104
YDR322W,1104
YOL010W,1104
YLR137W,1104
YMR097C,1104
YLR405W,1104
YPL209C,1104
YKL114C,1104
YDR318W,1107
YPR065W,1107
YNR032W,1107
YMR114C,1107
YPR191W,1107
YMR166C,1107
YBL081W,1107
YGR173W,1107
YFL029C,1107
YCR102C,1107
YGR040W,1107
YIR025W,1107
YML066C,1110
YLR224W,1110
YPL018W,1110
YDL134C,1110
YAL036C,1110
YGL248W,1110
YOR136W,1110
YGR052W,1110
YDR191W,1113
YGL063W,1113
YKR076W,1113
YBR249C,1113
YGL159W,1113
YDR035W,1113
YGR079W,1113
YPR035W,1113
YMR139W,1113
YDR438W,1113
YMR201C,1116
YLR216C,1116
YOR242C,1116
YIL094C,1116
YNL005C,1116
YDR517W,1119
YIL035C,1119
YPR078C,1119
YDL211C,1119
YNR041C,1119
YDR249C,1122
R0020C,1122
YNL288W,1122
YIL006W,1122
YDR113C,1122
YMR294W,1122
YIR034C,1122
YPL165C,1122
YMR276W,1122
YMR191W,1122
YDR415C,1125
YPL001W,1125
YNR075W,1125
YDR459C,1125
YMR289W,1125
YNL307C,1128
YDR171W,1128
YDR142C,1128
YOL128C,1128
YBR204C,1128
YDL193W,1128
YPL279C,1128
YFL039C,1128
YMR083W,1128
YOR390W,1128
YGR286C,1128
YGL155W,1131
YML060W,1131
YLR460C,1131
YBL029W,1131
YJR148W,1131
YHR052W,1131
YGR168C,1131
YGL148W,1131
YNL331C,1131
YOR388C,1131
YMR030W,1131
YGL105W,1131
YLR332W,1131
YGL255W,1131
YOR193W,1131
YBR161W,1131
YNL134C,1131
YDL188C,1134
YOL126C,1134
YKR004C,1134
YMR214W,1134
YIL110W,1134
YBR192W,1134
YLR105C,1134
YHR112C,1137
YOL003C,1137
YNR074C,1137
YOR008C,1137
YJL053W,1140
YGL185C,1140
YBR302C,1140
YML132W,1140
YNL230C,1140
YAL032C,1140
YFL062W,1140
YHR063C,1140
YDR268W,1140
YDR354W,1143
YCL016C,1143
YBR026C,1143
YGR109C,1143
YPL203W,1143
YOL043C,1143
YJL137C,1143
YGL263W,1143
YGL126W,1143
YHL048W,1146
YNL336W,1146
YPL014W,1146
YPR140W,1146
YGL082W,1146
YPR079W,1146
YBL032W,1146
YLR291C,1146
YDR321W,1146
YLL039C,1146
YPL193W,1146
YGR295C,1146
YGL209W,1149
YOL116W,1149
YPL057C,1149
YGL256W,1149
YAL060W,1149
YDR088C,1149
YKL113C,1149
YJL147C,1149
YLR180W,1149
YJL125C,1152
YJL108C,1152
YML008C,1152
YDR259C,1152
YOL044W,1152
YDR309C,1152
YDR498C,1152
YDL248W,1152
YJR161C,1152
YGL067W,1155
YMR272C,1155
YOL065C,1155
YHR129C,1155
YDR502C,1155
YNR015W,1155
YBR234C,1155
YBR155W,1158
YDR532C,1158
YGR046W,1158
YML027W,1158
YHR017W,1158
YJR072C,1158
YPL255W,1158
YIL116W,1158
YCL008C,1158
YLL022C,1158
YFL030W,1158
Q0105,1158
YGR279C,1161
YLR191W,1161
YNL001W,1161
YKR038C,1161
YDL168W,1161
YOR084W,1164
YBR246W,1164
YLR244C,1164
YGL246C,1164
YOR063W,1164
YJL107C,1164
YEL046C,1164
YGR072W,1164
YGL075C,1164
YHR068W,1164
YDR161W,1164
YMR203W,1164
YPR054W,1167
YMR005W,1167
YGR112W,1170
YMR305C,1170
YNL035C,1170
YDR197W,1170
YDL237W,1173
YMR024W,1173
YDL022W,1176
YDL029W,1176
YHR123W,1176
YER048C,1176
YPL230W,1176
YCR094W,1176
YKL080W,1179
YML062C,1179
YLR082C,1179
YKL077W,1179
YLR449W,1179
YFL066C,1179
YDR083W,1179
YOR099W,1182
YOR176W,1182
YBR267W,1182
YJR032W,1182
YBR125C,1182
YGR012W,1182
YIL153W,1182
YHR208W,1182
YNR048W,1182
YEL050C,1182
YDR245W,1182
YDL204W,1182
YLR418C,1182
YML018C,1182
YIL136W,1182
YPR025C,1182
YNL130C,1182
YDR427W,1182
YGR185C,1185
YJR080C,1185
YLR099C,1185
YIL042C,1185
YGR187C,1185
YAL012W,1185
YCR035C,1185
YPL112C,1185
YER028C,1185
YLR459W,1185
YMR173W-A,1185
YHL004W,1185
YBR025C,1185
YKR059W,1188
YDR005C,1188
YLR355C,1188
YOR057W,1188
YPL050C,1188
YJL138C,1188
YOR184W,1188
YGR010W,1188
YLR226W,1188
YLR453C,1188
YOL053W,1188
YPL113C,1191
YNL042W,1191
YNR043W,1191
YJR075W,1191
YOL052C,1191
YDR018C,1191
YJL171C,1191
YGL181W,1191
YJL048C,1191
YHR201C,1194
YLR019W,1194
YJL164C,1194
YOL018C,1194
YGL025C,1194
YMR017W,1194
YGL213C,1194
YOL136C,1194
YBR042C,1194
YKL166C,1197
Q0140,1197
YEL037C,1197
YPL028W,1197
YHL022C,1197
YLR312C,1197
YAL015C,1200
YDR021W,1200
YMR026C,1200
YGR234W,1200
YJL026W,1200
YKL189W,1200
YER095W,1203
YGR111W,1203
YGL243W,1203
YPL171C,1203
YGR005C,1203
YHR075C,1203
YDR019C,1203
YHR179W,1203
YNL092W,1203
YEL056W,1206
YOR368W,1206
YBL013W,1206
YPR023C,1206
YKL004W,1206
YLR328W,1206
YNL254C,1206
YKL162C,1209
YJL193W,1209
YDL105W,1209
YGR122W,1209
YER154W,1209
YNL292W,1212
YKL195W,1212
YAR073W,1212
YNL051W,1212
YJR013W,1212
YNL175C,1212
YML048W,1212
YHL020C,1215
YLR107W,1215
YER145C,1215
YKR053C,1215
YJR149W,1215
YPR201W,1215
YBR063C,1215
YBR205W,1215
YGR169C,1215
YNR021W,1215
YKL149C,1218
YPL154C,1218
YHL014C,1218
YPR041W,1218
YAL013W,1218
YCL028W,1218
YGL048C,1218
YMR010W,1218
YOL054W,1221
YDR076W,1221
YNL165W,1221
YGR179C,1221
YPR124W,1221
YKR092C,1221
YNL181W,1224
YIL119C,1224
YMR235C,1224
YKL219W,1224
YHR107C,1224
YDL104C,1224
YNL078W,1224
YLR225C,1224
YLR380W,1227
YER044C-A,1227
YJR125C,1227
YJL059W,1227
YOL022C,1227
YDR423C,1230
YNL064C,1230
YNL152W,1230
YIR008C,1230
YJL134W,1230
YJL046W,1230
YDR289C,1230
YOR134W,1230
YGR142W,1233
YGR193C,1233
YBR036C,1233
YPR133C,1233
YHL003C,1236
YOR303W,1236
YOR042W,1236
YDR153C,1236
YDL128W,1236
YGR210C,1236
YML074C,1236
YPR118W,1236
YDR331W,1236
YLL057C,1239
YOL083W,1239
YOR051C,1239
YKL081W,1239
YOR201C,1239
YLR174W,1239
YDR465C,1239
YJL159W,1242
YBR168W,1242
YAL034C,1242
YPL060W,1242
YGL170C,1242
YBR233W,1242
YGL143C,1242
YNL323W,1245
YDR432W,1245
YOR196C,1245
YDR317W,1245
YMR253C,1245
YGR159C,1245
YPL188W,1245
YDR282C,1245
YOL082W,1248
YGL208W,1248
YPL048W,1248
YNL248C,1248
YJR076C,1248
Q0060,1248
YAL042W,1248
YDR222W,1248
YMR067C,1251
YPL202C,1251
YHR115C,1251
YCL052C,1251
YCR012W,1251
YIL033C,1251
YKR048C,1254
YMR021C,1254
YNL304W,1254
YIL160C,1254
YLR423C,1254
YER027C,1254
YCL044C,1254
YDL033C,1254
YAL061W,1254
YGL004C,1254
YGL223C,1254
YKL008C,1257
YOR245C,1257
YKR051W,1257
YML083C,1257
YBL055C,1257
YLR027C,1257
YBR271W,1260
YER178W,1263
YNL309W,1263
YOL058W,1263
YER149C,1263
YNL066W,1263
YER059W,1263
YDL027C,1263
YMR204C,1263
YNL009W,1263
YGL090W,1266
YOL031C,1266
YDR255C,1266
YJR136C,1266
YBL091C,1266
YLR213C,1269
YBR195C,1269
YJL183W,1269
YDL150W,1269
YLR130C,1269
YNL253W,1269
Q0110,1272
YJL036W,1272
YBL058W,1272
R0010W,1272
YCL063W,1272
YML080W,1272
YHR033W,1272
YDR528W,1272
YJR084W,1272
YDR218C,1272
YOL140W,1272
YOR266W,1272
YOR212W,1272
YLR438W,1275
YGR202C,1275
YGR263C,1275
YIL103W,1278
YKR061W,1278
YGR156W,1278
YNL207W,1278
YBR130C,1278
YNL136W,1278
YNL234W,1281
YGL169W,1281
YMR068W,1281
YAR003W,1281
YLL006W,1281
YLR321C,1281
YMR113W,1284
YGR244C,1284
YKL181W,1284
YBR287W,1284
YKL172W,1284
YDL155W,1284
YLL010C,1284
YCL011C,1284
YDL066W,1287
YJL139C,1287
YOR274W,1287
YLR049C,1287
YMR133W,1287
YDR394W,1287
YGL196W,1287
YER143W,1287
YDR300C,1287
YDL182W,1287
YNR029C,1290
YBL069W,1290
YER003C,1290
YHR003C,1290
YBR078W,1290
YOR209C,1290
YPR108W,1290
YPR186C,1290
YEL002C,1293
YER101C,1293
YBR095C,1293
YDR263C,1293
YPL168W,1293
YDR192C,1293
YDL001W,1293
YKL132C,1293
YMR173W,1293
YHR132C,1293
YOR264W,1293
YDL005C,1296
YMR187C,1296
YIL022W,1296
YHR169W,1296
YFL026W,1296
YDL090C,1296
YIR012W,1296
YHR176W,1299
YIR004W,1299
YGR149W,1299
YOL097C,1299
YMR085W,1299
YLR387C,1299
YOR197W,1299
YKL161C,1302
YLR446W,1302
YOL124C,1302
YBR004C,1302
YGL134W,1302
YNR052C,1302
YNL188W,1302
YDR277C,1302
YGR285C,1302
YNL220W,1302
YNL330C,1302
YOR032C,1305
YOR117W,1305
YDR448W,1305
YOR237W,1305
YNL128W,1305
YCL037C,1305
YKL082C,1305
YPL123C,1305
YMR034C,1305
YDL097C,1305
YPL145C,1305
YML051W,1308
YPR148C,1308
YLR113W,1308
YOR301W,1308
YPR120C,1308
YOR110W,1308
YHR118C,1308
YAR018C,1308
YMR091C,1308
YLL002W,1311
YMR240C,1311
YLR203C,1311
YBR236C,1311
YIL135C,1311
YNR066C,1311
YPR163C,1311
YBR273C,1311
YBR143C,1314
YPL281C,1314
YOR259C,1314
YOR187W,1314
YHR174W,1314
YDL133W,1314
YOR393W,1314
YPR173C,1314
YMR323W,1314
YDL007W,1314
YGR254W,1314
YOR230W,1314
YHR001W,1314
YNL280C,1317
YLR085C,1317
YLR360W,1320
YGR252W,1320
YOR316C,1320
YDR527W,1320
YCL029C,1323
YGL164C,1323
YDL044C,1323
YOL059W,1323
YDR449C,1323
YDL131W,1323
YHR111W,1323
YDL216C,1323
YDR329C,1326
YKL059C,1326
YMR062C,1326
YBL046W,1326
YFL001W,1329
YML038C,1329
YCR079W,1329
YDR483W,1329
YER061C,1329
YDR370C,1329
YMR243C,1329
YKR044W,1332
YKL090W,1332
YPR106W,1332
YPR085C,1332
YER152C,1332
YER130C,1332
YMR208W,1332
YMR268C,1335
YDR055W,1335
YHR190W,1335
YNL011C,1335
YIL071C,1335
YOR047C,1335
YJL060W,1335
YLR080W,1335
YLR303W,1335
YDR165W,1335
YFL048C,1338
YOR250C,1338
YOR244W,1338
YML124C,1338
YOR190W,1338
YBR279W,1338
YGR110W,1338
YDL147W,1338
YHR004C,1341
YPL053C,1341
YPL133C,1341
YFR014C,1341
YDL084W,1341
YHR011W,1341
YNR050C,1341
YOR025W,1344
YKL027W,1344
YDR515W,1344
YOL016C,1344
YML085C,1344
YJR124C,1347
YLR443W,1347
YBR243C,1347
YNL166C,1347
YLR300W,1347
YER119C,1347
YFR005C,1347
YGR223C,1347
YKR003W,1347
YER020W,1350
YJR065C,1350
YKL046C,1350
YBR110W,1350
YMR210W,1350
YER043C,1350
YGL129C,1353
YOR155C,1353
YOR059C,1353
YKL075C,1353
YBR240C,1353
YJL049W,1353
YKL106W,1356
YOL069W,1356
YPL151C,1356
YER136W,1356
YML097C,1356
YBR177C,1356
YMR220W,1356
YJL155C,1359
YBR182C,1359
YHL002W,1359
YGL215W,1359
YNL074C,1359
YPL049C,1359
YGL194C,1359
YBR166C,1359
YPL175W,1359
YHR066W,1362
YLR431C,1362
YDR229W,1362
YDR312W,1362
YJR078W,1362
YOR307C,1362
YKL108W,1362
YLR231C,1362
YJR117W,1362
YHR177W,1362
YNL016W,1362
YDR125C,1362
YNL004W,1365
YPR125W,1365
YPL245W,1365
YDL161W,1365
YNL239W,1365
YOR375C,1365
YMR135C,1368
YDR364C,1368
YDL091C,1368
YNL206C,1368
YPL146C,1368
YOL072W,1368
YBR162C,1368
YLR195C,1368
YOR323C,1371
YPL101W,1371
YDR393W,1371
YPR084W,1371
YDR363W,1371
YPL095C,1371
YDR375C,1371
YNL040W,1371
YGR249W,1371
YJR062C,1374
YBR029C,1374
YBL045C,1374
YFL037W,1374
YDL189W,1374
YAL062W,1374
YMR209C,1374
YOR166C,1377
YBR118W,1377
YDL233W,1377
YJL044C,1377
YMR238W,1377
YBL082C,1377
YPR080W,1377
YCL069W,1377
YPL092W,1377
YDR254W,1377
YGL130W,1380
YLR090W,1380
YOR056C,1380
YBL089W,1380
YFR024C-A,1380
YGL219C,1380
YOL041C,1380
YNL237W,1380
YPL139C,1383
YDR004W,1383
YCR005C,1383
YOR272W,1383
YIR027C,1383
YLR210W,1383
YBL098W,1383
YLR005W,1386
YPL201C,1386
YMR265C,1386
YDR247W,1386
YML005W,1389
YPL003W,1389
YDR023W,1389
YGR004W,1389
YDL036C,1389
YMR111C,1389
YKL194C,1389
YPL172C,1389
YLR163C,1389
YGL111W,1392
YDR190C,1392
YKL133C,1392
YKL143W,1392
YDR179W-A,1392
YDR148C,1392
YCL048W,1392
YHR018C,1392
YER038C,1395
YBR199W,1395
YER089C,1395
YOR177C,1395
YML068W,1395
YMR293C,1395
YOR123C,1395
YHR146W,1398
YGL184C,1398
YBR207W,1398
YDR219C,1398
YPR152C,1398
YHL021C,1398
YFL052W,1398
YPR178W,1398
YNL317W,1398
YKL184W,1401
YBL086C,1401
YGR141W,1404
YEL040W,1404
YOR229W,1404
YDR223W,1404
YBR093C,1404
YAR071W,1404
YMR033W,1404
YHR215W,1404
YKL145W,1404
YPR157W,1404
YPL083C,1404
YBR092C,1404
YBR297W,1407
YDL024C,1407
YPL103C,1407
YBL056W,1407
YKL021C,1407
YHR016C,1407
YGR212W,1407
YML102W,1407
YER081W,1410
YPR047W,1410
YIL074C,1410
YLR058C,1410
YDR473C,1410
YJL146W,1410
YPR196W,1413
YMR027W,1413
YPR045C,1413
YPR068C,1413
YOR334W,1413
YOR198C,1413
YKL178C,1413
YEL047C,1413
YNR026C,1416
YML032C,1416
YHR036W,1416
YMR239C,1416
YGR108W,1416
YOL132W,1416
YGR019W,1416
YPL235W,1416
YDR316W,1416
YMR223W,1416
YGL172W,1419
Q0255,1419
YHR005C,1419
YIL039W,1422
YKL221W,1422
YDR105C,1422
YBR003W,1422
YGL012W,1422
YGR288W,1422
YLR034C,1422
YLR212C,1422
YLR288C,1425
YLL063C,1425
YBR293W,1425
YPL259C,1428
YMR153W,1428
YMR044W,1428
YMR211W,1428
YLR116W,1431
YGR117C,1431
YOL125W,1431
YGR002C,1431
YLR142W,1431
YJL002C,1431
YIL123W,1431
YPL063W,1431
YDL103C,1434
YLR341W,1434
YPR034W,1434
YER019W,1434
YJL123C,1437
YDR306C,1437
YNL062C,1437
YOR003W,1437
YLR238W,1437
YPR036W,1437
YJL054W,1437
YMR094W,1437
YDR198C,1440
YNR001C,1440
YGR255C,1440
YPL066W,1440
YNL261W,1440
YOR298W,1440
YEL064C,1443
YLR378C,1443
YNR058W,1443
YGL038C,1443
YBR272C,1443
YFR044C,1446
YDR181C,1446
YDR346C,1446
YLR359W,1449
YLR394W,1449
YNL071W,1449
YDR524C,1449
YOR046C,1449
YGL097W,1449
YHR024C,1449
YDR388W,1449
YKL028W,1449
YBR247C,1452
YDR514C,1452
YLR175W,1452
YCR052W,1452
YPL091W,1452
YBR288C,1452
YKL211C,1455
YNL026W,1455
YOL030W,1455
YDL089W,1455
YOR119C,1455
YIL131C,1455
YHR030C,1455
YOR216C,1455
YOL144W,1455
YPL224C,1455
YLR108C,1458
YFR053C,1458
YNR053C,1461
YBR083W,1461
YNL137C,1461
YDL054C,1461
YNL277W,1461
YGL104C,1461
YPR001W,1461
YGR211W,1461
YER141W,1461
YGL253W,1461
YOR043W,1461
YBL103C,1461
YJR006W,1464
YCR066W,1464
YOR009W,1464
YPL277C,1464
YPL254W,1467
YPL262W,1467
YBR241C,1467
YLR183C,1470
YNR045W,1470
YJL081C,1470
YDL238C,1470
YPR138C,1470
YER045C,1470
YHR183W,1470
YNR069C,1470
YMR140W,1470
YNL053W,1470
YDR402C,1470
YLL011W,1470
YJL091C,1473
YDL048C,1473
YNL022C,1473
YDR523C,1473
YBR263W,1473
YHR113W,1473
YMR070W,1473
YBR283C,1473
YIL088C,1473
YOL049W,1476
YNL240C,1476
YIL090W,1476
YOL062C,1476
YGL059W,1476
YLR190W,1476
YDL146W,1476
YML126C,1476
YOR320C,1476
YDR182W,1476
YPR119W,1476
YCR045C,1476
YGR256W,1479
YPL219W,1479
YPL097W,1479
YCR024C,1479
YER051W,1479
YOL112W,1479
YPR169W,1479
YDR240C,1479
YNL124W,1479
YGR121C,1479
YHL012W,1482
YDR376W,1482
YLR227C,1482
YAL010C,1482
YEL016C,1482
YNL119W,1482
YER122C,1482
YGR091W,1485
YOR269W,1485
YNL083W,1485
YPL204W,1485
YDR257C,1485
YNL223W,1485
YDR082W,1485
YDR132C,1488
YEL041W,1488
YBR126C,1488
YGR175C,1491
YPL100W,1491
YEL071W,1491
YOL061W,1491
YCL017C,1494
YOL137W,1494
YJR054W,1494
YBR006W,1494
YOR351C,1494
YFL027C,1494
YJR122W,1494
YPL072W,1500
YNL142W,1500
YDR348C,1500
YHR070W,1500
YFR010W,1500
YFL018C,1500
YPL017C,1500
YKL035W,1500
YNL169C,1503
YAL038W,1503
YGL202W,1503
YEL036C,1503
YDR516C,1503
YFR021W,1503
YDR036C,1503
YCL040W,1503
YDR330W,1503
YPL061W,1503
YJR051W,1506
YGL119W,1506
YNR012W,1506
YOL119C,1506
YDL079C,1506
YHR065C,1506
YBR056W,1506
YOL070C,1506
YMR115W,1506
YDR470C,1509
YKR063C,1509
YEL070W,1509
YPL026C,1509
YAL058W,1509
YLR033W,1509
YDR522C,1509
YLR094C,1509
YNR073C,1509
YOL068C,1512
YDR539W,1512
YGL017W,1512
YKL175W,1512
YGL065C,1512
YLL036C,1512
YNL283C,1512
YFL022C,1512
YMR065W,1515
YMR221C,1515
YLR197W,1515
YGL035C,1515
YHR159W,1515
YMR290C,1518
YML118W,1518
YER064C,1518
YLR015W,1518
YGR229C,1518
YNL241C,1518
YDR168W,1521
YDR030C,1521
YMR169C,1521
YPL140C,1521
YDL160C,1521
YMR170C,1521
YPL181W,1521
YOR347C,1521
YGR093W,1524
YDR111C,1524
YGR189C,1524
YML043C,1524
YGR155W,1524
YER090W,1524
YIL104C,1524
YDL017W,1524
YMR020W,1527
YOR231W,1527
YLR121C,1527
YBR139W,1527
YEL052W,1530
YLR345W,1530
YFR039C,1533
YJR015W,1533
YFL021W,1533
YMR300C,1533
YGL055W,1533
YML114C,1533
YMR177W,1533
YMR131C,1536
YMR004W,1536
YFL016C,1536
YDR371W,1536
YJR010W,1536
YER078C,1536
YJR121W,1536
YOR310C,1536
YER096W,1539
YGR059W,1539
YGL158W,1539
YCR028C,1539
YCL027W,1539
YJL194W,1542
YHR137W,1542
YIL001W,1542
YDR169C,1542
YDL101C,1542
YPL122C,1542
YGR123C,1542
YML120C,1542
YMR283C,1542
YMR093W,1542
YML128C,1542
YMR018W,1545
YKL103C,1545
YJL025W,1545
YHR048W,1545
YCR053W,1545
YJL013C,1548
YMR285C,1548
YOR378W,1548
YCR072C,1548
YDR256C,1548
YNR051C,1548
YDR323C,1548
YDL159W,1548
YOR149C,1551
YIL097W,1551
YKL047W,1551
YGL112C,1551
YPR002W,1551
YIL085C,1554
Q0115,1554
YAL022C,1554
YPL272C,1554
YBR127C,1554
YDR518W,1554
YEL042W,1557
YHR168W,1557
YMR064W,1557
YHR170W,1557
YER007W,1557
YKL116C,1557
YCR098C,1557
YLR392C,1557
YMR013C,1560
YDR463W,1560
YMR014W,1560
YOR374W,1560
YJR003C,1560
YER073W,1563
YER006W,1563
YLR314C,1563
YBR227C,1563
YBL019W,1563
YCR068W,1563
YDR009W,1563
YCL004W,1566
YOR306C,1566
YDR501W,1566
YNL029C,1569
YCL043C,1569
YDL156W,1569
YNL116W,1569
YOR355W,1569
YHR086W,1572
YHR009C,1572
YPL247C,1572
YMR029C,1572
YHR216W,1572
YGL078C,1572
YKL039W,1572
YOR359W,1572
YLR324W,1572
YLR004C,1572
YBR184W,1572
YBR250W,1572
YER021W,1572
YLR432W,1572
YMR215W,1575
YBR138C,1575
YML056C,1575
YER123W,1575
YNL295W,1575
YOR377W,1578
YGR227W,1578
YKR005C,1578
YML096W,1578
YBR028C,1578
YBL054W,1578
YMR217W,1578
YDL197C,1578
YGL122C,1578
YBL015W,1581
YML086C,1581
YNL138W,1581
YHR151C,1581
YGL190C,1581
YMR023C,1581
YOR360C,1581
YHR207C,1581
YGL056C,1584
YKL074C,1584
YBR214W,1584
YBR274W,1584
YIL142W,1584
YDR072C,1584
YER025W,1584
YER052C,1584
YDL170W,1587
YAL028W,1587
YKL045W,1587
YNL077W,1587
YKL139W,1587
YBR020W,1587
YDL143W,1587
YDR534C,1587
YCL038C,1587
YER060W,1587
YDL088C,1587
YPR162C,1590
YIL146C,1590
YBR239C,1590
YJR049C,1593
YHR007C,1593
YDL030W,1593
YER060W-A,1593
YLR313C,1593
YKR023W,1593
YDL178W,1593
YLL055W,1596
YDL020C,1596
YMR110C,1599
YMR297W,1599
YIL162W,1599
YHL017W,1599
YDR488C,1602
YNL294C,1602
YJL153C,1602
YDR195W,1602
YER056C,1602
YKL191W,1605
YDR147W,1605
YDR434W,1605
YGR260W,1605
Q0045,1605
YJL014W,1605
YDR299W,1605
YNL199C,1605
YOL123W,1605
YBR103W,1608
YFR006W,1608
YGR177C,1608
YML115C,1608
YOL033W,1611
YDR403W,1611
YIR039C,1614
YBR286W,1614
YIL045W,1617
YDL207W,1617
YHR135C,1617
YMR015C,1617
YHR064C,1617
YLR020C,1617
YOR161C,1620
YER014W,1620
YDR145W,1620
YDR061W,1620
YAR002W,1620
YFL040W,1623
YKR016W,1623
YNL318C,1623
YPL214C,1623
YMR279C,1623
YHR006W,1626
YGR119C,1626
YPR088C,1626
YBL080C,1626
YMR011W,1626
YGL028C,1629
YNL189W,1629
YIL166C,1629
YNL249C,1629
YIL121W,1629
YGL045W,1629
YDR057W,1629
YML116W,1629
YJL058C,1632
YJR152W,1632
YPR198W,1632
YBR222C,1632
YLR023C,1632
YOR002W,1635
YBR223C,1635
YPL212C,1635
YDR235W,1635
YPL256C,1638
YBL099W,1638
YBR270C,1638
YDL085W,1638
YOR380W,1641
YFL011W,1641
YPR033C,1641
YFR051C,1641
YER168C,1641
YDR188W,1641
YMR199W,1641
YNL154C,1641
YHL036W,1641
YNL112W,1641
YGR197C,1644
YGR041W,1644
YMR155W,1644
YDL180W,1644
YOR241W,1647
YDR232W,1647
YNL291C,1647
YBR008C,1647
YNL048W,1647
YKL140W,1647
YER054C,1647
YHR050W,1650
YKR097W,1650
YPL228W,1650
YPL179W,1650
YBR158W,1650
YDR242W,1650
YIL099W,1650
YKL089W,1650
YJR131W,1650
YJL111W,1653
YMR171C,1653
YOL013C,1656
YJL110C,1656
YOL019W,1656
YDL225W,1656
YOR132W,1656
YOL055C,1656
YNR030W,1656
YPL258C,1656
YPL260W,1656
YFR028C,1656
YGR023W,1656
YBR200W,1656
YEL015W,1656
YKR017C,1656
YML069W,1659
YBR248C,1659
YBR030W,1659
YHR078W,1659
YMR319C,1659
YPR144C,1659
YLR433C,1662
YMR258C,1662
YGR276C,1662
YHR019C,1665
YER082C,1665
YIR031C,1665
YNL117W,1665
YKL109W,1665
YMR036C,1665
YGL176C,1665
YDR479C,1665
YBR196C,1665
YOR372C,1665
YLR343W,1668
YNL182C,1668
YDR387C,1668
YJL163C,1668
YNL219C,1668
YPL042C,1668
YOL105C,1671
YDR131C,1671
YOR205C,1671
Q0065,1671
YER140W,1671
YML023C,1671
YPL120W,1674
YDR358W,1674
YLL018C,1674
YFR037C,1674
YEL058W,1674
YPL086C,1674
YER065C,1674
YMR296C,1677
YFL055W,1677
YGL257C,1677
YNL193W,1677
YGL244W,1677
YMR307W,1680
YDR212W,1680
YDL106C,1680
YGL084C,1683
YBR220C,1683
YHR045W,1683
YMR145C,1683
YPR072W,1683
YGR166W,1683
YMR136W,1683
YGL179C,1683
YEL020C,1683
YJL105W,1683
YJL016W,1686
YNR056C,1686
YDR062W,1686
YGL064C,1686
YGR088W,1689
YMR088C,1689
YPL128C,1689
YDL042C,1689
YKR072C,1689
YDR261C,1689
YJR064W,1689
YLR286C,1689
YGL077C,1692
YGR087C,1692
YLR044C,1692
YLR134W,1692
YML130C,1692
YCR054C,1692
YIL120W,1692
YGL171W,1695
YPR111W,1695
YNR072W,1695
YCR065W,1695
YEL069C,1695
YBR186W,1695
YDR117C,1698
YJR052W,1698
YOR386W,1698
YLR417W,1701
YPR070W,1701
YNR023W,1701
YGL003C,1701
YDL003W,1701
YDR110W,1701
YOR023C,1701
YDR481C,1701
YCL036W,1701
YOL156W,1704
YDR345C,1704
YDL245C,1704
YJR158W,1704
YOR118W,1704
YPL030W,1704
YJL219W,1704
YJL008C,1707
YKR015C,1707
YGR241C,1707
YKR002W,1707
YMR105C,1710
YJL214W,1710
YDR536W,1710
YLR120C,1710
YLR253W,1710
YKL127W,1713
YDR026C,1713
YGL160W,1713
YHR094C,1713
YDR120C,1713
YDR342C,1713
YLR267W,1713
YDR343C,1713
YKL088W,1716
YHR184W,1716
YOR128C,1716
YIL150C,1716
YDL210W,1716
YGR092W,1719
YBR044C,1719
YOR090C,1719
YLR259C,1719
YBR180W,1719
YPR121W,1719
YPR145W,1719
YGR124W,1719
YOL027C,1722
YER158C,1722
YER124C,1722
YLL012W,1722
YNL270C,1722
YPR137W,1722
YGR055W,1725
YJL071W,1725
YBL020W,1725
YJR053W,1725
YLR081W,1725
YBR296C,1725
YHR196W,1728
YGR171C,1728
YHR037W,1728
YPR006C,1728
YOL122C,1728
YLL058W,1728
YNL251C,1728
YJL172W,1731
YNL275W,1731
YER087W,1731
YLR152C,1731
YNL073W,1731
YHR092C,1731
YPR171W,1731
YLR196W,1731
YER086W,1731
YIR010W,1731
YGR278W,1734
YGL095C,1734
YGL228W,1734
YOR067C,1734
YER165W,1734
YEL013W,1737
YOR260W,1737
YJR103W,1737
YLR361C,1737
YPR083W,1740
YHR150W,1740
YKL124W,1740
YHR194W,1740
YBL039C,1740
YGL186C,1740
YBR170C,1743
YNR059W,1743
YMR282C,1743
YAL040C,1743
YJL216C,1746
YHR032W,1746
YML127W,1746
YNL225C,1746
YLR133W,1749
YDR440W,1749
YKR105C,1749
YCR014C,1749
YKL012W,1752
YLL061W,1752
YPL208W,1752
YJL162C,1752
YLR077W,1752
YCL051W,1752
YML070W,1755
YGR292W,1755
YNL076W,1755
YDR497C,1755
YOL115W,1755
YBR299W,1755
YML013W,1755
YMR250W,1758
YHR108W,1758
YKR078W,1758
YHL010C,1758
YJR016C,1758
YHR109W,1758
YBR163W,1758
YHL039W,1758
YDL227C,1761
YOL015W,1761
YGR068C,1761
YNL065W,1761
YNR055C,1761
YLL028W,1761
YMR291W,1761
YJL186W,1761
YOR154W,1764
YKL100C,1764
YDL174C,1764
YER068W,1764
YML123C,1764
YNL218W,1764
YNL094W,1764
YIL015W,1764
YOR308C,1764
YIL036W,1764
YPL274W,1764
YKL185W,1767
YGL252C,1767
YPL007C,1767
YDR243C,1767
YIL172C,1770
YOL157C,1770
YDR294C,1770
YJL221C,1770
YGR287C,1770
YGR077C,1770
YOR027W,1770
YEL063C,1773
YOR073W,1773
YMR227C,1773
YNL227C,1773
YMR213W,1773
YDR037W,1776
YOL066C,1776
YNL308C,1776
YFL053W,1776
YLR028C,1776
YML054C,1776
YLR089C,1779
YOL020W,1779
YHR096C,1779
YMR120C,1779
YCR088W,1779
YML017W,1782
YGR065C,1782
YAL067C,1782
YJR002W,1782
YKR069W,1782
YGR225W,1782
YDR101C,1782
YKL005C,1785
YJL069C,1785
YMR198W,1785
YLR276C,1785
YNL039W,1785
YLR060W,1788
YBR132C,1791
YDR144C,1791
YGR246C,1791
YDR349C,1791
YKL032C,1794
YBR015C,1794
YOR071C,1797
YLR368W,1797
YLR237W,1797
YJL201W,1800
YPL169C,1800
YPL243W,1800
YOR192C,1800
YGL125W,1803
YGL192W,1803
YGR194C,1803
YKR093W,1806
YJR001W,1809
YLR055C,1809
YHR202W,1809
YJR160C,1809
YKR039W,1809
YOR324C,1809
YMR284W,1809
YOR370C,1812
YCR008W,1812
YHR218W,1812
YGR191W,1812
YLR353W,1812
YJR046W,1815
YDR046C,1815
YOR108W,1815
YDR200C,1815
YJL083W,1815
YOR204W,1815
YML057W,1815
YOL148C,1815
YGR103W,1818
YIL072W,1818
YNR039C,1818
YHL019C,1818
YHL028W,1818
YPL005W,1821
YPR018W,1821
YFL002C,1821
YOL158C,1821
YDR341C,1824
YJL100W,1824
YNR063W,1824
YML071C,1824
YPL265W,1827
YDR506C,1827
YDR091C,1827
YLR173W,1827
YMR168C,1827
YGR216C,1830
YOL091W,1830
YDL247W,1830
YDL080C,1830
YOL103W,1830
YBR068C,1830
YBR148W,1830
YPL189W,1830
YGL116W,1833
YHR188C,1833
YER036C,1833
YDL153C,1833
YDR143C,1833
YCR048W,1833
YLR248W,1833
YNL268W,1836
YFR023W,1836
YCR023C,1836
YKR084C,1836
YJL181W,1836
YPL184C,1839
YMR098C,1839
YDR244W,1839
YPL194W,1839
YNL034W,1839
YPL070W,1839
YNL018C,1839
YLR206W,1842
YOR092W,1842
YNL209W,1842
YGR224W,1842
YDL229W,1842
YBR298C,1845
YGR138C,1845
YLR088W,1845
YEL062W,1848
YCL073C,1848
YMR092C,1848
YKR019C,1848
YKR106W,1848
YKL217W,1851
YGR289C,1851
YPR155C,1851
YKR058W,1851
YGL142C,1851
YLL004W,1851
YNL121C,1854
YPL119C,1854
YPR081C,1857
YJL103C,1857
YKL174C,1857
YNL061W,1857
YOR175C,1860
YOR030W,1860
YBR069C,1860
YNL104C,1860
YDL013W,1860
YHL047C,1863
YDR085C,1863
YGR013W,1863
YOL152W,1863
YDL063C,1863
YBR060C,1863
YMR100W,1863
YDL025C,1863
YAR007C,1866
YPL020C,1866
YDR292C,1866
YAL047C,1869
YHR206W,1869
YPR156C,1869
YMR278W,1869
YOR137C,1869
YFL041W,1869
YOR147W,1869
YGR221C,1869
YNR006W,1869
YDL203C,1872
YPR048W,1872
YKL212W,1872
YJL085W,1872
YFL049W,1872
YOR171C,1875
YOR389W,1875
YGL110C,1875
YMR119W,1875
YHR219W,1875
YER147C,1875
YDR425W,1878
YHL027W,1878
YKR008W,1878
YBR215W,1878
YAL011W,1878
YDR228C,1881
YHR166C,1881
YHR124W,1884
YHL040C,1884
YER080W,1884
YKL125W,1884
YIL055C,1884
YOR348C,1884
YHL008C,1884
YKL155C,1887
YDR365C,1887
YOR239W,1887
YEL065W,1887
YLR177W,1887
YMR106C,1890
YOR066W,1890
YML046W,1890
YNR038W,1890
Q0070,1893
YHR035W,1893
YHR171W,1893
YIL014W,1893
YHL038C,1893
YKL062W,1893
YER005W,1893
YNL012W,1896
YOR356W,1896
YCR061W,1896
YDR386W,1899
YLL035W,1899
YDR419W,1899
YDR049W,1899
YKL204W,1899
YIL092W,1902
YPL161C,1902
YOR181W,1902
YDR477W,1902
YBR021W,1902
YDR456W,1902
YHR114W,1902
YNL293W,1902
YCL025C,1902
YJL045W,1905
YEL060C,1908
YDR380W,1908
YIR028W,1908
YGL023C,1908
YAL016W,1908
YNL176C,1911
YDR390C,1911
YMR058W,1911
YOR070C,1914
YHR161C,1914
YBR280C,1914
YNL020C,1917
Q0120,1917
YDL070W,1917
YKR056W,1920
YBR045C,1920
YLL024C,1920
YJR130C,1920
YDR266C,1920
YHR117W,1920
YBL042C,1920
YKL148C,1923
YKL048C,1923
YJL127C,1923
YDL113C,1923
YPL210C,1923
YIL056W,1923
YIL046W,1923
YGL099W,1923
YGL060W,1926
YDR484W,1926
YNL095C,1929
YNR019W,1929
YGR054W,1929
YAL005C,1929
YER103W,1929
YCR038C,1929
YDR311W,1929
YNL299W,1929
YMR313C,1929
YDR129C,1929
YLR139C,1932
YKR036C,1932
YDR398W,1932
YHR091C,1932
YPL269W,1935
YNL115C,1935
YHR039C,1935
YER049W,1935
YGL124C,1935
YEL030W,1935
YOL117W,1938
YLR289W,1938
YJL106W,1938
YJL073W,1938
YFL054C,1941
YGL107C,1941
YOL164W,1941
YPL093W,1944
YNL167C,1944
YPL253C,1944
YIL101C,1944
YDL109C,1944
YDR014W,1944
YLR273C,1947
YLR098C,1947
YML082W,1950
YBR123C,1950
YBL075C,1950
YDL224C,1950
YIL155C,1950
YML007W,1953
YLR103C,1953
YJR004C,1953
YGR083C,1956
YLR429W,1956
YGR009C,1956
YPL263C,1956
YDR118W,1959
YJR045C,1965
YPR190C,1965
YDR389W,1965
YKR101W,1965
YJL209W,1965
YOL113W,1968
YPR179C,1968
YML031W,1968
YJR098C,1971
YLR234W,1971
YKL079W,1971
YIL037C,1971
YNL047C,1971
YDR496C,1971
YGL066W,1974
YPL109C,1974
YPL023C,1974
YLR369W,1974
YPR161C,1974
YPL104W,1977
YHR015W,1980
YER173W,1980
YOR273C,1980
YLR299W,1983
YOL025W,1983
YNL279W,1986
YMR137C,1986
YOR275C,1986
YNL197C,1986
YNR008W,1986
YKL198C,1989
YAL048C,1989
YFR048W,1989
YDR307W,1989
YOR254C,1992
YDR508C,1992
YDR458C,1992
YDR137W,1992
YOR350C,1992
YLR002C,1992
YJL149W,1992
YML020W,1995
YDR194C,1995
YMR008C,1995
YLL007C,1998
YJL010C,2001
YBR260C,2001
YDR189W,2001
YEL007W,2001
YLR083C,2004
YBR121C,2004
YJL057C,2004
YBL111C,2004
YJL128C,2007
YDR320C,2007
YLR401C,2007
YBL051C,2007
YML088W,2007
YGL113W,2007
YMR032W,2010
YBR041W,2010
YGL236C,2010
YLL043W,2010
YKL029C,2010
YLR427W,2013
YML042W,2013
YER088C,2013
YOR138C,2016
YLR330W,2016
YNL045W,2016
YDR107C,2019
YNL103W,2019
YBR212W,2019
YDR362C,2019
YNL125C,2022
YDR452W,2025
YDR295C,2025
YBR216C,2025
YOR054C,2025
YFL042C,2025
YLR413W,2028
YOR087W,2028
YOR069W,2028
YOL023W,2031
YBL009W,2031
YPL089C,2031
YOR243C,2031
YNL008C,2031
YMR061W,2034
YMR104C,2034
YMR232W,2034
YFR029W,2037
YNL027W,2037
YIL067C,2037
YJL101C,2037
YIR003W,2040
YHL029C,2040
YKL179C,2040
YKL025C,2040
YPR007C,2043
YPR074C,2043
YKL126W,2043
YBR117C,2046
YJL019W,2049
YEL023C,2049
YJL034W,2049
YKL017C,2052
YLR403W,2052
YLR153C,2052
YDR350C,2055
YMR075W,2055
YBL024W,2055
YGL144C,2058
YLR143W,2058
YDR172W,2058
YOR249C,2058
YPL043W,2058
YLR047C,2061
YLR399C,2061
YIL105C,2061
YOL011W,2061
YLR214W,2061
YDR444W,2064
YLR117C,2064
YBL060W,2064
YMR108W,2064
YLR260W,2064
YER022W,2064
YAR035W,2064
YDL199C,2064
YHR084W,2067
YJR110W,2067
YPL222W,2067
YHR020W,2067
YBR259W,2067
YER077C,2067
YGR099W,2067
YBR043C,2070
YDR332W,2070
YPR175W,2070
YGL071W,2073
YMR301C,2073
YDL141W,2073
YBR098W,2076
YHR042W,2076
YLR396C,2076
YIL144W,2076
YJL093C,2076
YML016C,2079
YMR224C,2079
YFL013C,2079
YKL146W,2079
YDR314C,2079
YOR354C,2079
YBR169C,2082
YLR072W,2082
YPL106C,2082
YDR234W,2082
YIL009W,2085
YBR255W,2085
YPR008W,2085
YOR384W,2085
YMR246W,2085
YOL141W,2088
YLR035C,2088
YLR188W,2088
YDR338C,2088
YBL061C,2091
YIL108W,2091
YHL050C,2094
YPL116W,2094
YDL039C,2097
YBR156C,2097
YDR108W,2097
YLR452C,2097
YLR233C,2100
YJL156C,2100
YDL214C,2100
YBR019C,2100
YJR005W,2103
YOR317W,2103
YDL074C,2103
YLR266C,2106
YIL005W,2106
YGR266W,2106
YGL145W,2106
YDR221W,2109
YDR176W,2109
YOR033C,2109
YOR365C,2112
YMR037C,2115
YKR001C,2115
YDR052C,2115
YGL249W,2115
YEL011W,2115
YBR131W,2115
YMR001C,2118
YKL222C,2118
YMR186W,2118
YLR258W,2118
YMR163C,2118
YBL035C,2118
YER113C,2121
YKR090W,2121
YNL021W,2121
YMR006C,2121
YPL155C,2121
YOL095C,2121
YOL060C,2121
YGR145W,2124
YGL026C,2124
YJR134C,2124
YFR015C,2127
YLR424W,2127
YDL176W,2127
YGL245W,2127
YHL032C,2130
YPL240C,2130
YAR014C,2130
YDR146C,2130
YLR440C,2130
YDR436W,2133
YOR206W,2133
YKL220C,2136
YOR381W,2136
YOL057W,2136
YLR006C,2139
YCL057W,2139
YLL051C,2139
YDR211W,2139
YGR128C,2142
YNL101W,2142
YHL024W,2142
YAL054C,2142
YCR084C,2142
YJL061W,2142
YJL112W,2145
YOL017W,2145
YHR074W,2145
YFL047W,2145
YDR109C,2148
YPL164C,2148
YKL213C,2148
YOR022C,2148
YLR362W,2154
YKL104C,2154
YKR098C,2154
YGL022W,2157
YMR172W,2160
YNR060W,2160
YDL167C,2160
YCR091W,2163
YPR159W,2163
YMR192W,2163
YLR335W,2163
YIL091C,2166
YJL012C,2166
YGR178C,2169
YDR333C,2172
YHR031C,2172
YKL168C,2175
YDR164C,2175
YLR054C,2175
YDR205W,2175
YMR237W,2175
YKR018C,2178
YJR106W,2178
YGL114W,2178
YNR044W,2178
YKL135C,2181
YOR156C,2181
YDL116W,2181
YMR154C,2184
YLR219W,2187
YJR119C,2187
YGL203C,2190
YPR141C,2190
YLR149C,2193
YER040W,2193
YOR019W,2193
YJL082W,2196
YHR072W,2196
YKL112W,2196
YBR238C,2196
YOR080W,2199
YMR277W,2199
YFR022W,2202
YEL053C,2202
YJL168C,2202
YOR001W,2202
YLR381W,2202
YIL078W,2205
YHR149C,2205
YGR186W,2208
YHL016C,2208
YKL078W,2208
YBR007C,2211
YML002W,2214
YLL019C,2214
YPL029W,2214
YPR185W,2217
YKL054C,2217
YNL144C,2223
YBR172C,2223
YMR078C,2226
YMR216C,2229
YKR024C,2229
YCR026C,2229
YKR067W,2232
YDL093W,2232
YHR178W,2232
YJR042W,2235
YER015W,2235
YGR003W,2235
YCL039W,2238
YJR030C,2238
YJL099W,2241
YDL234C,2241
YOR299W,2241
YOR076C,2244
YBL067C,2244
YPR024W,2244
YDR499W,2244
YGL205W,2247
YPR031W,2247
YLR135W,2247
YGL086W,2250
YOR034C,2250
YLL029W,2250
YOR081C,2250
YOR208W,2253
YJL132W,2253
YKL187C,2253
YDR001C,2256
YKR029C,2256
YGR264C,2256
YFR009W,2259
YLL008W,2259
YDR138W,2259
YBR102C,2262
YOR321W,2262
YBR094W,2262
YER098W,2265
YNL258C,2265
YPR003C,2265
YBL097W,2265
YER162C,2265
YPL074W,2265
YNL059C,2268
YDL164C,2268
YNL161W,2271
YOR014W,2274
YLL001W,2274
YBR080C,2277
YMR164C,2277
YBL084C,2277
YKL034W,2277
YMR179W,2277
YJL206C,2277
YPL158C,2277
YER041W,2280
YGR199W,2280
YOR267C,2280
YAL023C,2280
YNL272C,2280
YBL011W,2280
YOR337W,2280
YCL045C,2283
YAL031C,2283
YGL021W,2283
YER017C,2286
YOR112W,2286
YLR069C,2286
YOL036W,2286
YER001W,2289
YDL206W,2289
YJR143C,2289
YNL311C,2292
YOR361C,2292
YHR197W,2292
YDL138W,2292
YDR264C,2295
YIR007W,2295
YLR114C,2295
YJL090C,2295
YDL028C,2295
YKR027W,2298
YKL072W,2301
YOR140W,2301
YDR490C,2301
YNL247W,2304
YER091C,2304
YGL120C,2304
YNL224C,2304
YGR245C,2304
YPR181C,2307
YDR119W,2307
YOL006C,2310
YMR167W,2310
YPR091C,2313
YJL033W,2313
YLR131C,2313
YGR143W,2316
YKR010C,2316
YKL134C,2319
YDR520C,2319
YPL270W,2322
YBR142W,2322
YML006C,2325
YLR274W,2328
YDR324C,2331
YOR165W,2331
YER171W,2337
YLR304C,2337
YFL009W,2340
YLR144C,2340
YGL009C,2340
YJR040W,2340
YLR277C,2340
YDR208W,2340
YLR397C,2343
YBR001C,2343
YGR250C,2346
YBR058C,2346
YNL212W,2349
YMR212C,2349
YLR241W,2349
YPL176C,2352
YAL053W,2352
YMR016C,2358
YGR237C,2358
YHR182W,2358
YAL043C,2358
YPL075W,2358
YOR172W,2361
YDR239C,2364
YFR013W,2364
YNR033W,2364
YDL060W,2367
YGR200C,2367
YLR319C,2367
YJL200C,2370
YOR035C,2370
YNL183C,2373
YDL239C,2373
YBR114W,2373
YDR034C,2373
YOR353C,2376
YOR144C,2376
YBL113C,2379
YNL186W,2379
YOR178C,2382
YPL221W,2382
YER184C,2385
YDR485C,2388
YER169W,2391
YOL076W,2391
YHR204W,2391
YFL023W,2391
YCR077C,2391
YBR284W,2394
YPL045W,2397
YBR198C,2397
YCL030C,2400
YJL212C,2400
YPL180W,2400
YMR257C,2403
YOR017W,2403
YOR233W,2403
YER157W,2406
YGL234W,2409
YPL190C,2409
YGL139W,2409
YLR182W,2412
YGL083W,2415
YGR067C,2415
YIL068C,2418
YGL216W,2418
YER144C,2418
YMR049C,2424
YJL141C,2424
YBR276C,2424
YLR352W,2424
YER125W,2430
YDL122W,2430
YOR256C,2430
YGR261C,2430
YOR168W,2430
YBR049C,2433
YML035C,2433
YIL095W,2433
YOR162C,2433
YPL207W,2433
YDL148C,2433
YDR258C,2436
YKR099W,2436
YJR126C,2436
YLR176C,2436
YMR309C,2439
YLR095C,2439
YLR228C,2445
YNL238W,2445
YDL132W,2448
YDR422C,2448
YGR130C,2451
YMR160W,2451
YGR196C,2454
YDL095W,2454
YGR198W,2454
YLR222C,2454
YLR337C,2454
YGL229C,2457
YJR059W,2457
YOR322C,2457
YHR028C,2457
YJL102W,2460
YJL187C,2460
YOR195W,2466
YPL153C,2466
YJL051W,2469
YJL029C,2469
YIL140W,2472
YHR172W,2472
YJL041W,2472
YHR205W,2475
YNL256W,2475
YPL032C,2478
YJL176C,2478
YLL032C,2478
YMR089C,2478
YLR263W,2484
YIL107C,2484
YBR133C,2484
YNL216W,2484
YJL087C,2484
YKL176C,2487
YFL004W,2487
YJL089W,2490
YDR251W,2493
YJL157C,2493
YNL085W,2493
YJL062W,2493
YBL052C,2496
YFL024C,2499
YCR106W,2499
YPR029C,2499
YGL027C,2502
YLR207W,2502
YGL073W,2502
YDL056W,2502
Q0050,2505
YML034W,2505
YMR102C,2505
YDL126C,2508
YPL019C,2508
YIL038C,2511
YDR207C,2511
YLL034C,2514
YOR018W,2514
YAL021C,2514
YML029W,2517
YKR079C,2517
YNL041C,2520
YFR002W,2520
YOR270C,2523
YJL204C,2523
YBL008W,2523
YKL022C,2523
YDR505C,2526
YCL054W,2526
YJL047C,2529
YNL298W,2529
YDR385W,2529
YOR133W,2529
YIL143C,2532
YMR031C,2532
YLL054C,2532
YPL084W,2535
YBR202W,2538
YNL126W,2541
YBR237W,2550
YLR057W,2550
YPL105C,2550
YMR053C,2553
YMR302C,2553
YHR131C,2553
YOR373W,2556
YER167W,2556
YHR103W,2559
YKL121W,2559
YDR160W,2559
YKL188C,2562
YFR038W,2562
YLR127C,2562
Q0055,2565
YDR369C,2565
YAL041W,2565
YDL040C,2565
YJL165C,2568
YBR179C,2568
YHR047C,2571
YFL050C,2577
YNL201C,2577
YGL178W,2580
YBR294W,2580
YLR115W,2580
YDR416W,2580
YML061C,2580
YOL130W,2580
YGR071C,2583
YPL008W,2586
YPR105C,2586
YLR347C,2586
YMR125W,2586
YOR217W,2586
YMR165C,2589
YLR001C,2589
YNL068C,2589
YER069W,2592
YKR064W,2592
YGR150C,2595
YDR351W,2595
YPL141C,2598
YLL005C,2607
YPL174C,2607
YBL023C,2607
YPL268W,2610
YIL066C,2610
YDR089W,2610
YGR157W,2610
YCR030C,2613
YPL147W,2613
YLR166C,2616
YOR329C,2619
YJL094C,2622
YNL082W,2622
YNL221C,2628
YLR240W,2628
YDR285W,2628
YOR038C,2628
YER032W,2631
YDR475C,2631
YNL049C,2631
YNR011C,2631
YPR194C,2634
YDR186C,2634
YFL003C,2637
YBR281C,2637
YNL325C,2640
YLL013C,2640
YML099C,2643
YJL056C,2643
YAL056W,2643
YLR386W,2643
YKL073W,2646
YJL198W,2646
YJL078C,2646
YPL248C,2646
YOR211C,2646
YOR141C,2646
YGR238C,2649
YHR056C,2652
YDL194W,2655
YLR318W,2655
YDR206W,2655
YDL117W,2658
YOR058C,2658
YDR303C,2658
YLR451W,2661
YPR112C,2664
YJL070C,2667
YGL014W,2667
YLR045C,2667
YPR089W,2667
YER070W,2667
YKR050W,2670
YDR027C,2670
YGL137W,2670
YLR357W,2670
YMR054W,2673
YNL233W,2679
YJR036C,2679
YNR047W,2682
YOR129C,2682
YLR092W,2682
YDR096W,2685
YBL014C,2685
YLR382C,2685
YNR013C,2685
YPL249C,2685
YPL126W,2691
YDR074W,2691
YOR371C,2694
YER047C,2694
YGL180W,2694
YGL163C,2697
YDR466W,2697
YMR066W,2697
YML093W,2700
YLR336C,2700
YBR055C,2700
YBR225W,2703
YKR009C,2703
YDR006C,2706
YLR373C,2706
YDL154W,2706
YPL150W,2706
YIL047C,2709
YPR021C,2709
YPR160W,2709
YNL313C,2715
YLR014C,2715
YDR409W,2715
YBR289W,2718
YLL026W,2727
YNL321W,2727
YGL036W,2730
YKR089C,2733
YGL141W,2733
YGL233W,2733
YLR309C,2736
YER151C,2739
YDR213W,2742
YML065W,2745
YGL049C,2745
YOR113W,2745
YKR021W,2748
YMR273C,2748
YGL093W,2754
YDR103W,2754
YBR017C,2757
YGL008C,2757
YLR148W,2757
YBR033W,2760
YKL165C,2760
YML111W,2763
YIL017C,2766
YKL050C,2769
YER024W,2772
YCR037C,2772
YCR057C,2772
YBR203W,2775
YDL220C,2775
YDR081C,2778
YIL109C,2781
YDR069C,2781
YPR135W,2784
YER075C,2787
YKL171W,2787
YGR056W,2787
YHR098C,2790
YOR219C,2796
YPL195W,2799
YPR019W,2802
YNL287W,2808
YJR061W,2808
YGR089W,2811
YPR104C,2811
YHL007C,2820
YLR409C,2820
YML109W,2829
YMR124W,2832
YLR129W,2832
YOR005C,2835
YML076C,2835
YJL154C,2835
YDR395W,2835
YDR356W,2835
YIL075C,2838
YIL137C,2841
YBR086C,2841
YLL003W,2841
YGR204W,2841
YIL002C,2841
YPL036W,2844
YBR108W,2844
YMR019W,2850
YGL167C,2853
YGR100W,2853
YDR421W,2853
YKL157W,2859
YGR162W,2859
YCR017C,2862
YNL127W,2862
YMR266W,2862
YJR089W,2865
YBR229C,2865
YEL043W,2871
YGR140W,2871
YOL063C,2874
YBR073W,2877
YOR335C,2877
YGL227W,2877
YKL068W,2880
YMR205C,2880
YHR120W,2880
YGL238W,2883
YMR086W,2883
YDL035C,2886
YDL190C,2886
YBR038W,2892
YOL090W,2895
YBR079C,2895
YIL130W,2895
YLR067C,2898
YNL023C,2898
YBR112C,2901
YOL155C,2904
YNL243W,2907
YKL064W,2910
YMR287C,2910
YIR023W,2913
YNL118C,2913
YEL032W,2916
YMR288W,2916
YDR166C,2916
YMR080C,2916
YOR160W,2919
YDR238C,2922
YAR019C,2925
YNL236W,2925
YBR084W,2928
YIL073C,2928
YMR275C,2931
YBL005W,2931
YBR074W,2931
YLR442C,2937
YKL015W,2940
YBL085W,2943
YMR185W,2946
YDR359C,2949
YDL073W,2955
YOR346W,2958
YLR138W,2958
YGR240C,2964
YDR430C,2970
YOL084W,2976
YDR080W,2979
YHR027C,2982
YIR002C,2982
YIL169C,2988
YDL031W,2988
YHR073W,2991
YOR363C,2991
YNL123W,2994
YDL149W,2994
YEL061C,3003
YOL021C,3006
YPL040C,3009
YAL035W,3009
YFR040W,3009
YDR270W,3015
YGL241W,3015
YOR048C,3021
YOR127W,3024
YKL173W,3027
YDR379W,3030
YBL106C,3033
YDR495C,3036
YPL183C,3042
YDR028C,3045
YOR349W,3045
YIL125W,3045
YLL031C,3054
YGL201C,3054
YDL240W,3054
YCR092C,3057
YGR188C,3066
YEL055C,3069
YKL210W,3075
YBL037W,3078
YGR047C,3078
YDR060W,3078
YLR187W,3081
YLR389C,3084
YHR082C,3090
YFL025C,3090
YMR231W,3090
YOL089C,3093
YNL329C,3093
YGR258C,3096
YPL125W,3099
YIL128W,3099
YPR204W,3099
YPR032W,3102
YKR028W,3102
YMR189W,3105
YIL031W,3105
YDR325W,3108
YGL207W,3108
YFR030W,3108
YGR125W,3111
YOL098C,3114
YCL024W,3114
YKL057C,3114
YKL033W,3117
YPL009C,3117
YBL104C,3117
YER114C,3123
YNL327W,3126
YKL197C,3132
YNL014W,3135
YLR249W,3135
YLR450W,3138
YDL223C,3141
YJL084C,3141
YAL051W,3144
YJR132W,3147
YDL077C,3150
YCR011C,3150
YDR017C,3153
YML075C,3165
YMR261C,3165
YLR039C,3171
YNL132W,3171
YJL098W,3177
YNL278W,3183
YDR310C,3189
YML010W,3192
YDR122W,3195
YCR067C,3198
YPR055W,3198
YNL267W,3201
YGR274C,3201
YGL013C,3207
YHR154W,3213
YDL185W,3216
YIL156W,3216
YKR086W,3216
YBL076C,3219
YPR097W,3222
YJL050W,3222
YFL034W,3222
YHR211W,3228
YPR042C,3228
YOR098C,3231
YER033C,3231
YOL145C,3234
YDR291W,3234
YHR119W,3243
YHR102W,3243
YGL016W,3246
YOL051W,3246
YOL100W,3246
YKL020C,3249
YLR071C,3249
YGL156W,3252
YIL112W,3252
YPR115W,3252
YGR218W,3255
YJR035W,3258
YLR223C,3258
YMR196W,3267
YHR077C,3270
YMR308C,3270
YPL160W,3273
YDR040C,3276
YDR039C,3276
YJR091C,3276
YDR038C,3276
YDL215C,3279
YOL034W,3282
YER111C,3282
YBR150C,3285
YCL061C,3291
YDL102W,3294
YML100W,3297
YKL205W,3303
YPL022W,3303
YOL045W,3306
YMR218C,3309
YPL216W,3309
YKL092C,3315
YGR094W,3315
YOR109W,3324
YBR059C,3327
YNL163C,3333
YBL063W,3336
YER110C,3342
YMR047C,3342
YIR033W,3342
YLR383W,3345
YGL094C,3348
YHR079C,3348
YOL087C,3351
YNR065C,3351
YBL101C,3354
YNR067C,3354
YJR109C,3357
YIL151C,3357
YOR304W,3363
YBR235W,3363
YJR039W,3366
YER176W,3366
YPR030W,3366
YGR134W,3369
YDL231C,3378
YML104C,3384
YPL115C,3387
YBR245C,3390
YAL019W,3396
YNL192W,3396
YGL151W,3399
YKL105C,3399
YBL022C,3402
YPR022C,3402
YML117W,3405
YOR188W,3414
YGR170W,3417
YMR317W,3423
YER129W,3429
YDR507C,3429
YER013W,3438
YLR410W,3441
YGR097W,3441
YHL023C,3441
YLR096W,3444
YBL066C,3447
YDR128W,3447
YOR207C,3450
YIL026C,3453
YIL048W,3456
YBL105C,3456
YJR090C,3456
YGR070W,3468
YJL020C,3474
YKR082W,3474
YAL001C,3483
YJR151C,3486
YHR158C,3495
YNL054W,3498
YBR023C,3498
YLR032W,3510
YKR102W,3510
YPL006W,3513
YFR031C,3513
YKL038W,3513
YGL006W,3522
YJR041C,3525
YJL092W,3525
YLR272C,3531
YOL078W,3531
YPR049C,3537
YGR233C,3537
YNL087W,3537
YGL062W,3537
YKL201C,3537
YBR218C,3543
YNL106C,3552
YPL217C,3552
YOR086C,3561
YGL251C,3564
YAR042W,3567
YEL025C,3567
YJL076W,3570
YKR096W,3588
YPL226W,3591
YLR189C,3597
YDL145C,3606
YML091C,3609
YPR010C,3612
YLL067C,3618
YLL066C,3618
YPR122W,3627
YPR026W,3636
YEL031W,3648
YBR295W,3651
YKR103W,3657
YMR109W,3660
YGL140C,3660
YIL147C,3663
YLR084C,3663
YJL080C,3669
YPL110C,3672
YOR151C,3675
YDR335W,3675
YFL008W,3678
YCR033W,3681
YPR095C,3681
YPL012W,3687
YHR155W,3687
YNL257C,3690
YMR304W,3693
YJL074C,3693
YFR016C,3702
YJL129C,3708
YGR090W,3714
YNL273W,3717
YNL091W,3723
YDR097C,3729
YBL007C,3735
YDR104C,3738
YOR227W,3741
YDR293C,3753
YML081W,3756
YJL197W,3765
YOR330C,3765
YGL133W,3795
YMR128W,3804
YOR124C,3819
YKL129C,3819
YDL195W,3822
YLR436C,3825
YAL002W,3825
YPL137C,3831
YMR076C,3834
YEL077C,3834
YMR012W,3834
YDL019C,3852
YKL215C,3861
YLR398C,3864
YOR296W,3870
YDR407C,3870
YKL209C,3873
YOL075C,3885
YDR159W,3906
YGR014W,3921
YLR425W,3924
YDR217C,3930
YNL250W,3939
YPL016W,3945
YGL092W,3954
YIL030C,3960
YAL063C,3969
YDR216W,3972
YCR073C,3996
YBR081C,3999
YNR070W,4002
YER008C,4011
YMR129W,4014
YOL138C,4026
YLR278C,4026
YHR080C,4038
YLR384C,4050
YFL036W,4056
YAL026C,4068
YAL017W,4071
YLR371W,4071
YJR033C,4074
YDR301W,4074
YGR061C,4077
YDR227W,4077
YIL126W,4080
YML049C,4086
YOR336W,4098
YIR019C,4104
YML133C,4125
YIL159W,4128
YGR270W,4140
YJR127C,4143
YBL047C,4146
YLR466W,4149
YER105C,4176
YBR115C,4179
YOR011W,4185
YJL042W,4197
YGL131C,4212
YCR042C,4224
YPR164W,4224
YJR031C,4227
YIL013C,4236
YMR176W,4236
YLR086W,4257
YMR259C,4263
YDR443C,4263
YCR081W,4284
YNL088W,4287
YER093C,4293
YPR189W,4299
YMR280C,4302
YLR419W,4308
YDR464W,4308
YAL024C,4308
YDL112W,4311
YDR326C,4317
YJR137C,4329
YJR092W,4344
YMR190C,4344
YGR116W,4356
YBR097W,4365
YLR320W,4365
YEL022W,4380
YOR116C,4383
YIL115C,4383
YLL021W,4401
YNL102W,4407
YER164W,4407
YAL029C,4416
YOR291W,4419
YGR281W,4434
YJL095W,4437
YIR006C,4443
YKL010C,4452
YGL197W,4464
YGL150C,4470
YDR180W,4482
YPL242C,4488
YDR011W,4506
YLR256W,4509
YBL079W,4509
YPL167C,4515
YOR153W,4536
YPL058C,4536
YBL034C,4542
YDR334W,4545
YDR135C,4548
YKL101W,4557
YHR164C,4569
YGL173C,4587
YDR406W,4590
YPR184W,4611
YOL004W,4611
YAR050W,4614
YML072C,4638
YJL222W,4650
YIL173W,4650
YLR247C,4671
YHR186C,4674
YLL015W,4680
YMR247C,4689
YOR328W,4695
YER166W,4716
YOR326W,4725
YBL017C,4740
YNR031C,4740
YJR138W,4755
YDR127W,4767
YLR310C,4770
YHL035C,4779
YNL242W,4779
YNL139C,4794
YCR089W,4830
YDR093W,4839
YOR191W,4860
YGR098C,4893
YNL297C,4911
YCL014W,4911
YJR140C,4947
YOR093C,4947
YGL206C,4962
YML103C,4968
YMR162C,4971
YMR219W,4977
YDR283C,4980
YLL048C,4986
YOR341W,4995
YIL149C,5040
YML059C,5040
YER190W,5046
YJL039C,5052
YKR031C,5052
YDR141C,5097
YOR290C,5112
YMR229C,5190
YDL140C,5202
YNL172W,5247
YER132C,5262
YJL225C,5277
YIL177C,5277
YKL014C,5295
YJL109C,5310
YFL033C,5313
YMR306W,5358
YDL058W,5373
YLR467W,5391
YOR396W,5391
YDR545W,5391
YDR420W,5409
YBR208C,5508
YGR296W,5580
YNL339C,5580
YPL283C,5580
YPL082C,5604
YHL030W,5607
YLR024C,5619
YKR095W,5628
YLR342W,5631
YPL231W,5664
YGR032W,5688
YLR305C,5703
YBR275C,5751
YHR023W,5787
YLR422W,5799
YGR184C,5853
YNL271C,5862
YGR271W,5904
YDR170C,6030
YJL207C,6045
YJL005W,6081
YGR217W,6120
YKL182W,6156
YCR093W,6327
YMR207C,6372
YFL007W,6432
YDL171C,6438
YER172C,6492
YER155C,6504
YCR032W,6504
YPL085W,6588
YJL130C,6645
YNL262W,6669
YLR430W,6696
YNR016C,6702
YFR019W,6837
YBR136W,7107
YIL129C,7131
YHR165C,7242
YJR066W,7413
YKL203C,7425
YPR117W,7470
YBL004W,7482
YLR454W,7887
YGL195W,8019
YDR150W,8247
YBL088C,8364
YLR087C,8877
YOL081W,9240
YBR140C,9279
YLL040C,9435
YDR457W,9807
YHR099W,11235
YKR054C,12279
YLR106C,14733
