Systematic Name,Frequency of Optimal Codons
Q0143,0.14
Q0142,0.16
Q0297,0.17
YDL247W-A,0.18
Q0144,0.19
Q0182,0.2
YBR223W-A,0.22
Q0032,0.23
Q0092,0.23
YHR052C-B,0.24
YAR035C-A,0.24
YHR054C-B,0.24
YML009W-B,0.25
YKL145W-A,0.25
YNL277W-A,0.25
YBR131C-A,0.25
YGR174W-A,0.26
YMR242W-A,0.26
YPR146C,0.27
YMR182W-A,0.27
YLR285C-A,0.27
YLR154C-H,0.28
YHR214W-A,0.28
YAR068W,0.28
YLR156C-A,0.28
YLR157C-C,0.28
YLR159C-A,0.28
YPL222C-A,0.28
YMR306C-A,0.28
YHR073C-B,0.28
YOR293C-A,0.28
YEL033W,0.29
YDR510C-A,0.29
YDR133C,0.29
YGL168W,0.29
YKL097C,0.29
YJL136W-A,0.29
YPL261C,0.29
YLR406C-A,0.29
YJL156W-A,0.29
YGR240C-A,0.3
Q0140,0.3
YNL067W-A,0.3
YDR194W-A,0.3
YIL071W-A,0.3
YGL063C-A,0.3
YBR191W-A,0.3
YMR194C-B,0.3
YCR095W-A,0.3
YOL166C,0.3
YDR048C,0.3
YMR254C,0.31
YML116W-A,0.31
YER158W-A,0.31
YBR141W-A,0.31
YOR072W-A,0.31
YHR199C-A,0.31
YOR008W-B,0.31
YKL123W,0.31
YLR261C,0.31
YNR075C-A,0.31
YBR091C,0.31
YJL127W-A,0.31
YDL016C,0.31
YOL150C,0.31
YLR154C-G,0.31
YOR335W-A,0.32
YAL067W-A,0.32
YHR032W-A,0.32
YFL015W-A,0.32
YPR195C,0.32
YKL018C-A,0.32
YFL031C-A,0.32
YHR175W-A,0.32
YMR057C,0.32
YOR248W,0.32
YPR145C-A,0.32
YHR212W-A,0.32
YHR180W-A,0.32
YFR052C-A,0.32
YLR311C,0.32
YHR032C-A,0.32
YGL239C,0.32
YBL006C,0.32
YFL021C-A,0.33
YER091C-A,0.33
YNL226W,0.33
YJR023C,0.33
YDR246W-A,0.33
YPR074W-A,0.33
YNL205C,0.33
YER181C,0.33
YHR063W-A,0.33
YGR230W,0.33
YPL046C,0.33
YHR157W,0.33
YOR029W,0.33
YGL007C-A,0.33
YFR057W,0.33
YMR304C-A,0.33
YOL110W,0.34
YNL179C,0.34
YHR073W-A,0.34
YJR128W,0.34
YDR355C,0.34
YOR343C,0.34
YCR087W,0.34
YDR360W,0.34
YCL001W-B,0.34
YJR120W,0.34
YHR071C-A,0.34
YMR086C-A,0.34
YML047W-A,0.34
YOR102W,0.34
YLR102C,0.34
YHR050W-A,0.34
YNR025C,0.34
YDR073W,0.34
YDR066C,0.34
YMR150C,0.34
YHL034W-A,0.34
YHR049C-A,0.34
YNR001W-A,0.34
YLR120W-A,0.34
YPL136W,0.34
YDR464C-A,0.34
YGR227C-A,0.34
YLR338W,0.34
YJL144W,0.34
YMR316C-B,0.34
YML012C-A,0.34
YLR163W-A,0.34
YPR053C,0.34
YML099W-A,0.34
YAR053W,0.34
YGL007W,0.34
YGR069W,0.34
YEL010W,0.34
YML094C-A,0.34
YEL032C-A,0.34
YKL066W,0.34
YJR140W-A,0.34
YGR050C,0.34
YLR280C,0.34
YPR087W,0.34
YJR107C-A,0.35
YCL056C,0.35
YOL079W,0.35
YIL122W,0.35
YJL142C,0.35
YOR235W,0.35
YIL047C-A,0.35
YML090W,0.35
YIL030W-A,0.35
YHR191C,0.35
YHR173C,0.35
YIL032C,0.35
YMR030W-A,0.35
YLR147C,0.35
YFL012W-A,0.35
YOR183W,0.35
YLR222C-A,0.35
YGL006W-A,0.35
YER153C,0.35
YKR047W,0.35
YHL005C,0.35
YLL059C,0.35
YNL170W,0.35
YLL019W-A,0.35
YGL165C,0.35
YGR146C-A,0.35
YER087C-A,0.35
YGR151C,0.35
YLR202C,0.35
YGL260W,0.35
YGL262W,0.35
YLR235C,0.35
YFR009W-A,0.35
YDR136C,0.35
YDR079W,0.35
YDR024W,0.35
YJR058C,0.35
YER079C-A,0.35
YOR213C,0.36
YBR012C,0.36
YPR064W,0.36
YOR368W,0.36
YOR072W-B,0.36
YPR094W,0.36
YOR097C,0.36
YOL024W,0.36
YPL166W,0.36
YLR279W,0.36
YPR142C,0.36
YPL200W,0.36
YPR170C,0.36
YOR024W,0.36
YNL188W,0.36
YOR186C-A,0.36
YBR103C-A,0.36
YML100W-A,0.36
YNL296W,0.36
YAL055W,0.36
YER097W,0.36
YBR064W,0.36
YJR087W,0.36
YKL106C-A,0.36
YGL204C,0.36
YKL136W,0.36
YNL235C,0.36
YGL088W,0.36
YHR130C,0.36
YKL165C-A,0.36
YGR045C,0.36
YAL020C,0.36
YGR107W,0.36
YGR139W,0.36
YMR158C-A,0.36
YGR182C,0.36
YHL006C,0.36
YHR132W-A,0.36
YGR293C,0.36
YDR512C,0.36
YDR203W,0.36
YJL075C,0.36
YOL037C,0.36
YJL161W,0.36
YBR264C,0.36
YOL038C-A,0.36
YIR025W,0.36
YCR001W,0.36
YOL155W-A,0.36
YDR223W,0.36
YDL142C,0.36
YDL007C-A,0.36
YLR111W,0.36
YJL197C-A,0.36
YDR124W,0.36
YDR163W,0.36
YDR179C,0.36
YLR011W,0.36
YIL100C-A,0.36
YIR014W,0.36
YHL041W,0.36
YMR059W,0.37
YOR161C-C,0.37
YOL009C,0.37
YMR155W,0.37
YOR044W,0.37
YMR204C,0.37
YJL046W,0.37
YNL303W,0.37
YNL067W-B,0.37
YNL057W,0.37
YLR438C-A,0.37
YLR365W,0.37
YOL032W,0.37
YOR105W,0.37
YJL150W,0.37
YDL160C-A,0.37
YOR203W,0.37
YDR219C,0.37
YOR199W,0.37
YKR083C,0.37
YKL030W,0.37
YDR482C,0.37
YEL050W-A,0.37
YER029C,0.37
YER034W,0.37
YER068C-A,0.37
YER092W,0.37
YER175W-A,0.37
YER186C,0.37
YGL226W,0.37
YGL132W,0.37
YGL123C-A,0.37
YGL074C,0.37
YGR099W,0.37
YGR137W,0.37
YGR176W,0.37
YGR265W,0.37
YHL048C-A,0.37
YIL105W-A,0.37
YIL071C,0.37
YIL029W-A,0.37
YIL004C,0.37
YIR020C,0.37
YAL064W-B,0.37
YDR199W,0.37
YJL205C,0.37
YLL020C,0.37
YDR078C,0.37
YLR269C,0.37
YPL209C,0.37
YPL144W,0.37
YPL119C-A,0.37
YPL114W,0.37
YPL080C,0.37
YPL062W,0.37
YPL041C,0.37
YLR230W,0.37
YPR039W,0.37
YPR106W,0.37
YPR108W-A,0.37
YDR173C,0.37
YJL152W,0.37
YLR191W,0.37
YML064C,0.37
YBR178W,0.37
YBR271W,0.37
YCL042W,0.37
YCL022C,0.37
YDL062W,0.37
YCL002C,0.37
YJL184W,0.37
YCR025C,0.37
YDL169C,0.37
YJR071W,0.38
YLR444C,0.38
YKR073C,0.38
YKL102C,0.38
YJR097W,0.38
YLR181C,0.38
YLR154W-F,0.38
YKL096C-B,0.38
YKL147C,0.38
YLR140W,0.38
YLR255C,0.38
YAL069W,0.38
YML057C-A,0.38
YDR043C,0.38
YDR095C,0.38
YDR193W,0.38
YDR249C,0.38
YDR250C,0.38
YDR254W,0.38
YDR274C,0.38
YDR340W,0.38
YDR374W-A,0.38
YDR419W,0.38
YDR439W,0.38
YDR469W,0.38
YDR532C,0.38
YDL098C,0.38
YEL012W,0.38
YFL012W,0.38
YFR018C,0.38
YFR027W,0.38
YGL118C,0.38
YGL041C-B,0.38
YGL005C,0.38
YGR011W,0.38
YGR062C,0.38
YGR161W-C,0.38
YGR222W,0.38
YHR002W,0.38
YHR193C-A,0.38
YIR018C-A,0.38
YER188C-A,0.38
YCR102W-A,0.38
YCR097W-A,0.38
YCR076C,0.38
YMR052W,0.38
YMR103C,0.38
YMR274C,0.38
YNL269W,0.38
YNL199C,0.38
YNL185C,0.38
YNR042W,0.38
YOL166W-A,0.38
YOL097W-A,0.38
YOL026C,0.38
YOL013W-B,0.38
YOR008C-A,0.38
YOR257W,0.38
YOR345C,0.38
YOR376W,0.38
YPL135C-A,0.38
YPL071C,0.38
YPL003W,0.38
YPR014C,0.38
YPR077C,0.38
YPR109W,0.38
YBL012C,0.38
YBR175W,0.38
YBR188C,0.38
YBR200W-A,0.38
YBR209W,0.38
YBR226C,0.38
YBR300C,0.38
YCR006C,0.38
YML062C,0.38
YJR056C,0.38
YMR008C-A,0.38
YJL028W,0.38
YJR018W,0.38
YJL104W,0.38
YAR047C,0.38
YJL105W,0.38
YJL004C,0.38
YPL013C,0.39
YNL159C,0.39
YMR077C,0.39
YPL238C,0.39
YLR358C,0.39
YCL047C,0.39
YMR068W,0.39
YPL254W,0.39
YLR412W,0.39
YOR231C-A,0.39
YNR077C,0.39
YGR035W-A,0.39
YDL241W,0.39
YER046W-A,0.39
YBL039W-B,0.39
YBL046W,0.39
YAR019W-A,0.39
YLR112W,0.39
YDR281C,0.39
YDR003W,0.39
YDR442W,0.39
YBR005W,0.39
YBR013C,0.39
YGL240W,0.39
YLR227C,0.39
YJL077C,0.39
YJL182C,0.39
YJL003W,0.39
YDR005C,0.39
YER084W,0.39
YKL225W,0.39
YKL223W,0.39
YAL037W,0.39
YHR004C,0.39
YML041C,0.39
YDR431W,0.39
YEL073C,0.39
YKL086W,0.39
YEL072W,0.39
R0010W,0.39
YDR260C,0.39
YBL053W,0.39
YOR205C,0.39
YDR241W,0.39
YML119W,0.39
YKL156C-A,0.39
YHR129C,0.39
YDR034C-A,0.39
YOR339C,0.39
YKL111C,0.39
YBL100W-C,0.39
YOR289W,0.39
YOL128C,0.39
YER006C-A,0.39
YOR292C,0.39
YBL107C,0.39
YGR015C,0.39
YDR315C,0.39
YLR154W-B,0.39
YKL100W-A,0.39
YLR145W,0.39
YHR159W,0.39
YHR150W,0.39
YLR154W-A,0.39
YER170W,0.39
YKL083W,0.39
YOR305W,0.39
YNL122C,0.39
YCR075C,0.39
YNL120C,0.39
YCR085W,0.39
YGL063W,0.39
YHR214C-E,0.39
YOR394C-A,0.39
YLR124W,0.39
YOR258W,0.39
YCR101C,0.39
YCR096C,0.39
YOL085C,0.39
YPR122W,0.39
YCR095C,0.39
YOL159C-A,0.39
YLR169W,0.39
YMR036C,0.39
YBL071C-B,0.39
YMR035W,0.39
YMR269W,0.39
YKL137W,0.39
YOR376W-A,0.39
YGL044C,0.39
YOR366W,0.39
YKL052C,0.39
YHR189W,0.39
YOR384W,0.39
YOR161W-B,0.39
YOR189W,0.39
YJL022W,0.39
YMR127C,0.39
YKR101W,0.39
YLR339C,0.39
YLR264C-A,0.39
YJR099W,0.39
YJR100C,0.39
YIL009C-A,0.39
YGR259C,0.39
YDR130C,0.39
YMR119W-A,0.39
YPL034W,0.39
YDL115C,0.39
YGL155W,0.39
YDL119C,0.39
YDL118W,0.39
YPL151C,0.39
YOL001W,0.39
YBR153W,0.39
YDR520C,0.39
YDR192C,0.39
YDR491C,0.39
YGR190C,0.39
YJR050W,0.39
YLR297W,0.39
YJR055W,0.39
YGL193C,0.39
YJL222W-A,0.39
YDR183C-A,0.39
YAR029W,0.39
YDR167W,0.39
YDR162C,0.39
YGL214W,0.39
YDR187C,0.39
YER187W,0.39
YGL177W,0.39
YGR242W,0.39
YOR083W,0.39
YIL027C,0.39
YLR041W,0.39
YLR151C,0.39
YBR098W,0.39
YOR131C,0.39
YLR053C,0.39
YAL034W-A,0.39
YGL146C,0.39
YBR090C,0.39
YGR101W,0.39
YDR118W,0.39
YKR063C,0.39
YNR024W,0.39
YDL151C,0.39
YBR076C-A,0.39
YDR445C,0.39
YOR148C,0.39
YJR036C,0.39
YNL176C,0.4
YDR147W,0.4
YHR125W,0.4
YKR044W,0.4
YKL048C,0.4
YKL058W,0.4
YCR013C,0.4
YMR307C-A,0.4
YGR238C,0.4
YAL026C-A,0.4
YLL046C,0.4
YBR219C,0.4
YBR224W,0.4
YBL073W,0.4
YLR067C,0.4
YOR266W,0.4
YER107C,0.4
YML003W,0.4
YBL077W,0.4
YFR005C,0.4
YGR051C,0.4
YDR061W,0.4
YER016W,0.4
YJL202C,0.4
YGR098C,0.4
YLR146W-A,0.4
YAR014C,0.4
YBR206W,0.4
YER173W,0.4
YMR299C,0.4
YHR145C,0.4
YGR203W,0.4
YBL108W,0.4
YCR018C-A,0.4
YDR182W,0.4
YOR060C,0.4
YDR183W,0.4
YLR394W,0.4
YAR031W,0.4
YBR186W,0.4
YLR064W,0.4
YML113W,0.4
YAR030C,0.4
YOL099C,0.4
YMR003W,0.4
YNL223W,0.4
YBR065C,0.4
YGR163W,0.4
YGR251W,0.4
YDR142C,0.4
YOR231W,0.4
YOL044W,0.4
YHR070C-A,0.4
YOL065C,0.4
YNL337W,0.4
YHR014W,0.4
YML021C,0.4
YER058W,0.4
YBR128C,0.4
YML023C,0.4
YER059W,0.4
YLR101C,0.4
YER129W,0.4
YKL006C-A,0.4
YER133W-A,0.4
YLR099W-A,0.4
YBR022W,0.4
YNL165W,0.4
R0030W,0.4
YBR254C,0.4
YER076W-A,0.4
YHR034C,0.4
YKR004C,0.4
YDR118W-A,0.4
YBR007C,0.4
YGR121W-A,0.4
YGR039W,0.4
YGR122W,0.4
YKR091W,0.4
YOR200W,0.4
YLR456W,0.4
YOR146W,0.4
YER147C-A,0.4
YER147C,0.4
YBL065W,0.4
YBR290W,0.4
YAL034C-B,0.4
YER145C-A,0.4
YLR123C,0.4
YGR134W,0.4
YDR229W,0.4
YLR127C,0.4
YBL061C,0.4
YMR316C-A,0.4
YKR030W,0.4
YFL003C,0.4
YNL151C,0.4
YOL073C,0.4
YKR029C,0.4
YHR081W,0.4
YJL089W,0.4
YBR270C,0.4
YNL275W,0.4
YGR127W,0.4
YNL043C,0.4
YDR137W,0.4
YKR051W,0.4
YDR446W,0.4
YDL176W,0.4
YPL005W,0.4
YOL113W,0.4
YMR101C,0.4
YPL008W,0.4
YIL092W,0.4
YJR151W-A,0.4
YIL079C,0.4
YLR232W,0.4
YJR146W,0.4
YGL134W,0.4
YDR543C,0.4
YPL021W,0.4
YPL170W,0.4
YLR242C,0.4
YDL006W,0.4
YPL193W,0.4
YIL049W,0.4
YDL183C,0.4
YPR002C-A,0.4
YLR361C-A,0.4
YDL216C,0.4
YIL142C-A,0.4
YEL053W-A,0.4
YDR014W,0.4
YDL209C,0.4
YLR204W,0.4
YIL127C,0.4
YGL257C,0.4
YKL202W,0.4
YDL206W,0.4
YMR087W,0.4
YGL247W,0.4
YPR005C,0.4
YPR003C,0.4
YNR049C,0.4
YMR065W,0.4
YIL046W-A,0.4
YGL142C,0.4
YDR473C,0.4
YDL094C,0.4
YDL026W,0.4
YJR083C,0.4
YDR514C,0.4
YDL028C,0.4
YIR020W-A,0.4
YLR312C,0.4
YMR141C,0.4
YNL056W,0.4
YLR289W,0.4
YIR030W-A,0.4
YNL046W,0.4
YIR040C,0.4
YPL096W,0.4
YIR005W,0.4
YDR455C,0.4
YGL217C,0.4
YIL002C,0.4
YLR331C,0.4
YNR020C,0.4
YGL149W,0.4
YPL033C,0.4
YLR252W,0.4
YDL129W,0.4
YDL120W,0.4
YIL017C,0.4
YPL035C,0.4
YDR466W,0.4
YJL006C,0.4
YDR525W,0.4
YLR323C,0.4
YPL052W,0.4
YGL172W,0.4
YGL174W,0.4
YAL010C,0.4
YHR156C,0.4
YIL152W,0.4
YKL160W,0.4
YPR203W,0.4
YLR368W,0.4
YDR366C,0.4
YDR362C,0.4
YEL014C,0.4
YHR213W-A,0.4
YPR198W,0.4
YGL057C,0.4
YLR154W-E,0.4
YPR134W,0.4
YFR042W,0.4
YOR329W-A,0.4
YOL129W,0.4
YOL146W,0.4
YDR351W,0.4
YCR086W,0.4
YJL133W,0.4
YEL004W,0.4
YDR350C,0.4
YDR379W,0.4
YMR026C,0.4
YPR159C-A,0.4
YOR353C,0.4
YPR161C,0.4
YGL032C,0.4
YCR064C,0.4
YKL098W,0.4
YPR095C,0.4
YMR018W,0.4
YMR293C,0.4
YPR068C,0.4
YNL133C,0.4
YPR071W,0.4
YMR060C,0.4
YJL180C,0.4
YLR184W,0.4
YEL028W,0.4
YLR366W,0.4
YOR314W-A,0.4
YDR371W,0.4
YFR034C,0.4
YGL072C,0.4
YKL162C,0.4
YDR029W,0.4
YMR290W-A,0.4
YDL023C,0.41
YOR011W-A,0.41
YDL035C,0.41
YDR131C,0.41
YLL003W,0.41
YGR131W,0.41
YGR004W,0.41
YLR265C,0.41
YGL194C,0.41
YBR246W,0.41
YBR211C,0.41
YLR281C,0.41
YGL169W,0.41
YGL199C,0.41
YLR326W,0.41
YFR026C,0.41
YOR005C,0.41
YDR128W,0.41
YGL183C,0.41
YLR329W,0.41
YDL054C,0.41
YCR022C,0.41
YDL114W,0.41
YFL063W,0.41
YDR179W-A,0.41
YDL087C,0.41
YNL126W,0.41
YGL198W,0.41
YGL190C,0.41
YLR317W,0.41
YNL012W,0.41
YGL179C,0.41
YLR316C,0.41
YCR027C,0.41
YCR026C,0.41
YNL242W,0.41
YNL008C,0.41
YNL198C,0.41
YJR012C,0.41
YOL108C,0.41
YGR141W,0.41
YLR014C,0.41
YFL065C,0.41
YOL106W,0.41
YLR271W,0.41
YLR455W,0.41
YOR037W,0.41
YCR039C,0.41
YNL129W,0.41
YLR003C,0.41
YDR157W,0.41
YBR233W-A,0.41
YJL011C,0.41
YDR169C,0.41
YLR385C,0.41
YNL127W,0.41
YGR153W,0.41
YNL026W,0.41
YLR246W,0.41
YMR153W,0.41
YDR094W,0.41
YOL078W,0.41
YNL100W,0.41
YLR424W,0.41
YLR085C,0.41
YGR057C,0.41
YDL200C,0.41
YLR426W,0.41
YGL243W,0.41
YGL124C,0.41
YNL171C,0.41
YBR296C-A,0.41
YLR404W,0.41
YJL071W,0.41
YBR298C-A,0.41
YDL180W,0.41
YLR091W,0.41
YDR027C,0.41
YLR104W,0.41
YDL221W,0.41
YDL217C,0.41
YFR049W,0.41
YDR081C,0.41
YLR198C,0.41
YGL251C,0.41
YLR199C,0.41
YCL067C,0.41
YNL167C,0.41
YGL258W-A,0.41
R0020C,0.41
YGL109W,0.41
YDR013W,0.41
YLR415C,0.41
YJR010C-A,0.41
YBR293W,0.41
YLR345W,0.41
YDL002C,0.41
YNL082W,0.41
YOL018C,0.41
YLR437C-A,0.41
YOL014W,0.41
YNL140C,0.41
YLR238W,0.41
YOL013C,0.41
YLR131C,0.41
YDR108W,0.41
YLR046C,0.41
YBR257W,0.41
YGL152C,0.41
YOL135C,0.41
YNL184C,0.41
YGR102C,0.41
YGL138C,0.41
YOL148C,0.41
YGR070W,0.41
YGR071C,0.41
YBR288C,0.41
YLR428C,0.41
YLR431C,0.41
YBR284W,0.41
YCL005W,0.41
YDR102C,0.41
YDR004W,0.41
YLR226W,0.41
YFL040W,0.41
YOL159C,0.41
YJL193W,0.41
YCR092C,0.41
YGR093W,0.41
YFL052W,0.41
YOL112W,0.41
YNL293W,0.41
YOR050C,0.41
YPR178W,0.41
YKL116C,0.41
YOR346W,0.41
YOR350C,0.41
YEL005C,0.41
YOR364W,0.41
YJL131C,0.41
YPR141C,0.41
YOR372C,0.41
YKL138C-A,0.41
YHR209W,0.41
YPR119W,0.41
YPR117W,0.41
YAR070C,0.41
YPR104C,0.41
YJL030W,0.41
YMR052C-A,0.41
YDR370C,0.41
YMR055C,0.41
YEL035C,0.41
YPR076W,0.41
YJL103C,0.41
YEL041W,0.41
YMR064W,0.41
YMR066W,0.41
YDR383C,0.41
YMR232W,0.41
YDR406W-A,0.41
YDR409W,0.41
YMR282C,0.41
YMR209C,0.41
YOR333C,0.41
YMR287C,0.41
YKL036C,0.41
YBL059W,0.41
YKL037W,0.41
YHR095W,0.41
YMR316W,0.41
YER035W,0.41
YBL084C,0.41
YHR124W,0.41
YBL089W,0.41
YKL061W,0.41
YBL096C,0.41
YOR282W,0.41
YKL068W,0.41
YKL070W,0.41
YOR295W,0.41
YDR318W,0.41
YOR297C,0.41
YDR320C-A,0.41
YHR153C,0.41
YMR013C-A,0.41
YML118W,0.41
YOR304C-A,0.41
YKL090W,0.41
YOR315W,0.41
YDR332W,0.41
YPR199C,0.41
YJR030C,0.41
YHR167W,0.41
YKL105C,0.41
YMR284W,0.41
YEL059W,0.41
YPR016W-A,0.41
YDR417C,0.41
YJR101W,0.41
YPL044C,0.41
YDR467C,0.41
YJL110C,0.41
YPL049C,0.41
YJR093C,0.41
YMR163C,0.41
YJR086W,0.41
YMR160W,0.41
YJR084W,0.41
YJR082C,0.41
YJR079W,0.41
YMR134W,0.41
YPL068C,0.41
YIR015W,0.41
YPL124W,0.41
YMR135C,0.41
YAL064W,0.41
YMR138W,0.41
YDR478W,0.41
YPL075W,0.41
YIR023C-A,0.41
YMR141W-A,0.41
YPL077C,0.41
YMR154C,0.41
YMR144W,0.41
YPL083C,0.41
YPL100W,0.41
YPL099C,0.41
YIL012W,0.41
YJR112W,0.41
YIL023C,0.41
YPL150W,0.41
YPL213W,0.41
YKL206C,0.41
YAL056W,0.41
YMR197C,0.41
YKL218C,0.41
YDR436W,0.41
YMR097C,0.41
YIL100W,0.41
YPL007C,0.41
YIL096C,0.41
YMR187C,0.41
YPL011C,0.41
YIL089W,0.41
YDR444W,0.41
YJL095W,0.41
YIL073C,0.41
YIL067C,0.41
YPL168W,0.41
YIL059C,0.41
YPL097W,0.41
YJR135C,0.41
YPL162C,0.41
YPL161C,0.41
YPL159C,0.41
YPL157W,0.41
YPL029W,0.41
YIL037C,0.41
YIL029C,0.41
YMR175W-A,0.41
YDR535C,0.41
YIL068W-A,0.41
YDR282C,0.41
YDL057W,0.41
YHR079C,0.41
YJL026C-A,0.41
YLL065W,0.41
YHL012W,0.41
YNL266W,0.41
YNL314W,0.41
YBR055C,0.41
YBR163W,0.41
YBR045C,0.41
YGR269W,0.41
YBR165W,0.41
YER137W-A,0.41
YBR168W,0.41
YML098W,0.41
YER148W-A,0.41
YOR080W,0.41
YDR253C,0.41
YOR078W,0.41
YBR032W,0.41
YDR252W,0.41
YBR150C,0.41
YKR100C,0.41
YKR099W,0.41
YER139C,0.41
YBR134W,0.41
YNL286W,0.41
YKR087C,0.41
YER140W,0.41
YNL282W,0.41
YDR206W,0.41
YML084W,0.41
YDR205W,0.41
YOR134W,0.41
YGR275W,0.41
YNL295W,0.41
YBR103W,0.41
YBR144C,0.41
YML066C,0.41
YML089C,0.41
YER113C,0.41
YOR156C,0.41
YKR055W,0.41
YOR193W,0.41
YHR011W,0.41
YLL060C,0.41
YML101C,0.41
YER159C,0.41
YDR277C,0.41
YBR027C,0.41
YER161C,0.41
YBL013W,0.41
YLL033W,0.41
YOR062C,0.41
YGR221C,0.41
YKL011C,0.41
YML116W,0.41
YGR196C,0.41
YER051W,0.41
YBL039C-A,0.41
YGR188C,0.41
YNL252C,0.41
YOR242C,0.41
YBL025W,0.41
YOR214C,0.41
YDR278C,0.41
YML104C,0.41
YML101C-A,0.41
YML102W,0.41
YKR010C,0.41
YHR028W-A,0.41
YBR184W,0.41
YJL083W,0.41
YNL326C,0.41
YER138W-A,0.41
YLL042C,0.41
YMR137C,0.42
YNL053W,0.42
YNL254C,0.42
YJL038C,0.42
YDR175C,0.42
YMR105W-A,0.42
YER185W,0.42
YMR172W,0.42
YMR165C,0.42
YER180C-A,0.42
YDR440W,0.42
YDR126W,0.42
YLR342W-A,0.42
YDR484W,0.42
YDR140W,0.42
YMR100W,0.42
YER152W-A,0.42
YNL097C-B,0.42
YDR493W,0.42
YMR159C,0.42
YDR495C,0.42
YAL001C,0.42
YDR151C,0.42
YNL054W,0.42
YNL078W,0.42
YLR458W,0.42
YDR526C,0.42
YMR122C,0.42
YMR176W,0.42
YML096W,0.42
YJL023C,0.42
YNL260C,0.42
YNL076W,0.42
YMR112C,0.42
YMR179W,0.42
YDR525W-A,0.42
YDR448W,0.42
YDR479C,0.42
YDR198C,0.42
YFL066C,0.42
YLR315W,0.42
YER172C-A,0.42
YNL092W,0.42
YLR457C,0.42
YMR171C,0.42
YER119C-A,0.42
YMR094W,0.42
YDR323C,0.42
YER018C,0.42
YDR262W,0.42
YMR013C,0.42
YDR057W,0.42
YDR259C,0.42
YDR329C,0.42
YML036W,0.42
YLR422W,0.42
YLR425W,0.42
YDR255C,0.42
YAR023C,0.42
YNL318C,0.42
YFR034W-A,0.42
YDR042C,0.42
YJL215C,0.42
YML046W,0.42
YML047C,0.42
YML037C,0.42
YDR319C,0.42
YER074W-A,0.42
YNL329C,0.42
YMR320W,0.42
YDR289C,0.42
YNL148C,0.42
YDR279W,0.42
YML017W,0.42
YDR076W,0.42
YLR412C-A,0.42
YER038C,0.42
YDR313C,0.42
YML005W,0.42
YER054C,0.42
YER033C,0.42
YJL047C,0.42
YDR082W,0.42
YLR399W-A,0.42
YER028C,0.42
YLR396C,0.42
YLR416C,0.42
YAR064W,0.42
YDR344C,0.42
YER137C,0.42
YER005W,0.42
YDR347W,0.42
YNL109W,0.42
YDR016C,0.42
YDR386W,0.42
YMR228W,0.42
YLR360W,0.42
YDR079C-A,0.42
YER132C,0.42
YDR110W,0.42
YDR230W,0.42
YEL059C-A,0.42
YDR220C,0.42
YDR420W,0.42
YDR421W,0.42
YEL067C,0.42
YDR217C,0.42
YEL068C,0.42
YLR443W,0.42
YLR349W,0.42
YDR113C,0.42
YFR056C,0.42
YDR022C,0.42
YFL046W,0.42
YER085C,0.42
YFR039C,0.42
YER087W,0.42
YJL058C,0.42
YDR352W,0.42
YMR262W,0.42
YDR030C,0.42
YER093C,0.42
YER098W,0.42
YFR046C,0.42
YMR257C,0.42
YDR364C,0.42
YNL309W,0.42
YEL023C,0.42
YLR434C,0.42
YDR244W,0.42
YDR239C,0.42
YER107W-A,0.42
YMR239C,0.42
YDR031W,0.42
YLR392C,0.42
YCR020W-B,0.42
YDL059C,0.42
YKR033C,0.42
YOR180C,0.42
YKR036C,0.42
YHL006W-A,0.42
YBR057C,0.42
YBR058C-A,0.42
YKR045C,0.42
YHR001W-A,0.42
YBR066C,0.42
YBR099C,0.42
YOR137C,0.42
YOR135C,0.42
YBR116C,0.42
YOR127W,0.42
YAL033W,0.42
YGR291C,0.42
YKR064W,0.42
YNL038W,0.42
YOR181W,0.42
YKR021W,0.42
YBL052C,0.42
YOR236W,0.42
YKL022C,0.42
YHR075C,0.42
YBL029W,0.42
YBL021C,0.42
YHR062C,0.42
YOR188W,0.42
YOR225W,0.42
YJL146W,0.42
YBR001C,0.42
YBR002C,0.42
YOR208W,0.42
YKR012C,0.42
YHR017W,0.42
YHR015W,0.42
YBL014C,0.42
YKL033W,0.42
YOR114W,0.42
YKR095W-A,0.42
YAL028W,0.42
YOR047C,0.42
YBR204C,0.42
YBR210W,0.42
YGR169C-A,0.42
YGR168C,0.42
YGR166W,0.42
YGR179C,0.42
YLL007C,0.42
YLL002W,0.42
YGR147C,0.42
YJL163C,0.42
YAL024C,0.42
YLR018C,0.42
YGR136W,0.42
YLR020C,0.42
YLL006W,0.42
YBR138C,0.42
YGR199W,0.42
YGR212W,0.42
YGR271C-A,0.42
YKR098C,0.42
YKR104W,0.42
YJL086C,0.42
YGR252W,0.42
YGR243W,0.42
YBR174C,0.42
YOR059C,0.42
YLL051C,0.42
YGR233C,0.42
YOR073W-A,0.42
YGR217W,0.42
YLL038C,0.42
YGR216C,0.42
YOR064C,0.42
YLL035W,0.42
YJL156C,0.42
YHR091C,0.42
YBL062W,0.42
YBL071C,0.42
YJR129C,0.42
YIL054W,0.42
YPL022W,0.42
YJL107C,0.42
YPL174C,0.42
YPL018W,0.42
YPL017C,0.42
YIL028W,0.42
YPL180W,0.42
YIL097W,0.42
YKL221W,0.42
YPL202C,0.42
YIL106W,0.42
YIL111W,0.42
YIL117C,0.42
YPL216W,0.42
YPL181W,0.42
YPR015C,0.42
YPL148C,0.42
YJR106W,0.42
YAL068W-A,0.42
YAL066W,0.42
YPL112C,0.42
YJR062C,0.42
YIR030C,0.42
YIR024C,0.42
YJL112W,0.42
YIL014C-A,0.42
YIR020C-B,0.42
YIR017C,0.42
YIR010W,0.42
YIR009W,0.42
YJR089W,0.42
YJR090C,0.42
YIL001W,0.42
YPL039W,0.42
YPL074W,0.42
YPR020W,0.42
YPR025C,0.42
YKL188C,0.42
YPR186C,0.42
YJL134W,0.42
YOR318C,0.42
YOR300W,0.42
YHR154W,0.42
YHR152W,0.42
YBL111C,0.42
YPR182W,0.42
YHR149C,0.42
YHR144C,0.42
YBL107W-A,0.42
YHR131W-A,0.42
YBL088C,0.42
YHR120W,0.42
YHR109W,0.42
YHR105W,0.42
YOR296W,0.42
YHR177W,0.42
YPR147C,0.42
YHR185C,0.42
YKL185W,0.42
YPR051W,0.42
YPL247C,0.42
YPR057W,0.42
YPR066W,0.42
YPL255W,0.42
YJL126W,0.42
YKL168C,0.42
YPL272C,0.42
YPR085C,0.42
YPR101W,0.42
YHR218W,0.42
YHR213W-B,0.42
YPR116W,0.42
YPR131C,0.42
YHR198C,0.42
YKL139W,0.42
YLR024C,0.42
YOR003W,0.42
YDR488C,0.42
YCL024W,0.42
YOL116W,0.42
YCR032W,0.42
YGL131C,0.42
YLR223C,0.42
YDL175C,0.42
YCR019W,0.42
YOL095C,0.42
YJL181W,0.42
YNR032C-A,0.42
YLR122C,0.42
YCR033W,0.42
YLR241W,0.42
YLR243W,0.42
YCL027W,0.42
YGR033C,0.42
YGR036C,0.42
YCL036W,0.42
YJR013W,0.42
YCL051W,0.42
YGR044C,0.42
YDL107W,0.42
YDL104C,0.42
YLR119W,0.42
YLR152C,0.42
YGL130W,0.42
YDL187C,0.42
YNR068C,0.42
YGL093W,0.42
YDL220C,0.42
YLR193C,0.42
YGL086W,0.42
YDL239C,0.42
YCR106W,0.42
YLR182W,0.42
YGL073W,0.42
YNR063W,0.42
YNR062C,0.42
YCR100C,0.42
YGL113W,0.42
YCR079W,0.42
YGL034C,0.42
YNR059W,0.42
YGL033W,0.42
YGL023C,0.42
YDL199C,0.42
YOL131W,0.42
YCR050C,0.42
YGL015C,0.42
YCR047C,0.42
YOL053W,0.42
YOL047C,0.42
YNR069C,0.42
YBR268W,0.42
YDL068W,0.42
YOL008W,0.42
YNL032W,0.42
YBR269C,0.42
YLR070C,0.42
YNL029C,0.42
YGR073C,0.42
YLR079W,0.42
YGL181W,0.42
YOL003C,0.42
YOL002C,0.42
YNL009W,0.42
YBR276C,0.42
YBR255W,0.42
YLR275W,0.42
YOL017W,0.42
YDL076C,0.42
YGR056W,0.42
YLR273C,0.42
YDL063C,0.42
YBR275C,0.42
YGL182C,0.42
YOL042W,0.42
YOR001W,0.42
YDR007W,0.43
YPL269W,0.43
YDR359C,0.43
YPL270W,0.43
YDL071C,0.43
YPL120W,0.43
YPL055C,0.43
YMR240C,0.43
YDR475C,0.43
YDL036C,0.43
YPL070W,0.43
YDL073W,0.43
YPL268W,0.43
YPR105C,0.43
YDL196W,0.43
YJL063C,0.43
YJL127C,0.43
YPL060W,0.43
YPR078C,0.43
YPR111W,0.43
YPL153C,0.43
YOR392W,0.43
YMR286W,0.43
YPR185W,0.43
YMR283C,0.43
YMR280C,0.43
YDL065C,0.43
YPL092W,0.43
YPL103C,0.43
YNR066C,0.43
YJL099W,0.43
YJL100W,0.43
YPL110C,0.43
YPR164W,0.43
YPR160C-A,0.43
YDL069C,0.43
YNL047C,0.43
YNL051W,0.43
YJL132W,0.43
YJL101C,0.43
YMR270C,0.43
YPR136C,0.43
YNL103W,0.43
YDL207W,0.43
YDL045W-A,0.43
YMR265C,0.43
YPR126C,0.43
YNL101W,0.43
YMR268C,0.43
YPR059C,0.43
YNL063W,0.43
YPR002W,0.43
YDL139C,0.43
YPL196W,0.43
YPL038W-A,0.43
YPL002C,0.43
YDR434W,0.43
YPL194W,0.43
YDL013W,0.43
YDR437W,0.43
YMR192W,0.43
YPL189W,0.43
YNR005C,0.43
YDL149W,0.43
YPL186C,0.43
YDL111C,0.43
YDL017W,0.43
YDL108W,0.43
YPL176C,0.43
YPL175W,0.43
YDL022C-A,0.43
YNL001W,0.43
YPL164C,0.43
YDL024C,0.43
YDL027C,0.43
YDR458C,0.43
YPL025C,0.43
YPL038W,0.43
YNL080C,0.43
YDR423C,0.43
YPR011C,0.43
YMR236W,0.43
YPL152W,0.43
YDL080C,0.43
YDR381C-A,0.43
YPR056W,0.43
YPL248C,0.43
YDL163W,0.43
YPL133C,0.43
YMR166C,0.43
YMR168C,0.43
YMR222C,0.43
YDR405W,0.43
YPR049C,0.43
YPR042C,0.43
YDL154W,0.43
YPR027C,0.43
YDR410C,0.43
YDR413C,0.43
YPL230W,0.43
YNR027W,0.43
YPL045W,0.43
YNL090W,0.43
YPL141C,0.43
YNR023W,0.43
YDR422C,0.43
YNL103W-A,0.43
YPL215W,0.43
YPR070W,0.43
YJL197W,0.43
YOL149W,0.43
YNL107W,0.43
YBR182C,0.43
YDR184C,0.43
YJL084C,0.43
YDR185C,0.43
YOL054W,0.43
YOR076C,0.43
YCL066W,0.43
YDR089W,0.43
YDR191W,0.43
YDR085C,0.43
YBR158W,0.43
YBR157C,0.43
YBR156C,0.43
YCL052C,0.43
YOL043C,0.43
YOR098C,0.43
YBR147W,0.43
YOL068C,0.43
YNL276C,0.43
YDR200C,0.43
YOR110W,0.43
YOR112W,0.43
YOR115C,0.43
YOR118W,0.43
YCL034W,0.43
YNL152W,0.43
YBR121C-A,0.43
YBR120C,0.43
YDR218C,0.43
YBR119W,0.43
YNL157W,0.43
YBR297W,0.43
YNL258C,0.43
YNL257C,0.43
YBR253W,0.43
YOR008C,0.43
YBR240C,0.43
YBR232C,0.43
YDR121W,0.43
YBR228W,0.43
YBR259W,0.43
YOR017W,0.43
YNL222W,0.43
YOR018W,0.43
YDR149C,0.43
YOR020W-A,0.43
YJL162C,0.43
YOR028C,0.43
YNL234W,0.43
YOR032C,0.43
YNL236W,0.43
YOL028C,0.43
YOR058C,0.43
YBR197C,0.43
YBR199W,0.43
YNL172W,0.43
YOL025W,0.43
YOR129C,0.43
YBR277C,0.43
YNL177C,0.43
YOR039W,0.43
YOR036W,0.43
YOR034C-A,0.43
YBR262C,0.43
YDR160W,0.43
YBR278W,0.43
YOR130C,0.43
YNL291C,0.43
YNL150W,0.43
YOR220W,0.43
YNL128W,0.43
YOR223W,0.43
YBL019W,0.43
YCR060W,0.43
YDR034C,0.43
YBL055C,0.43
YDR288W,0.43
YOR249C,0.43
YDR295C,0.43
YOR250C,0.43
YOL144W,0.43
YOR256C,0.43
YDR306C,0.43
YMR313C,0.43
YBL070C,0.43
YNL118C,0.43
YOR316C-A,0.43
YJL139C,0.43
YOR308C,0.43
YDR327W,0.43
YBL112C,0.43
YOR298W,0.43
YBL010C,0.43
YDL224C,0.43
YBL093C,0.43
YOL160W,0.43
YDR314C,0.43
YBL086C,0.43
YCR094W,0.43
YOR002W,0.43
YDR320W-B,0.43
YOR322C,0.43
YDR275W,0.43
YBL008W-A,0.43
YJL169W,0.43
YBR102C,0.43
YOR144C,0.43
YDR235W,0.43
YOR149C,0.43
YOR159C,0.43
YBR074W,0.43
YCL004W,0.43
YBR063C,0.43
YBR061C,0.43
YCR007C,0.43
YNL143C,0.43
YDR245W,0.43
YOL089C,0.43
YOR170W,0.43
YOR172W,0.43
YDR065W,0.43
YBL008W,0.43
YOL125W,0.43
YCR040W,0.43
YNL130C-A,0.43
YCR038W-A,0.43
YDR058C,0.43
YDR269C,0.43
YBR033W,0.43
YBR037C,0.43
YOL102C,0.43
YNL136W,0.43
YNL317W,0.43
YOL101C,0.43
YDR251W,0.43
YJL090C,0.43
YBR123C,0.43
YJR046W,0.43
YGR025W,0.43
YGR290W,0.43
YML068W,0.43
YHL046W-A,0.43
YGL220W,0.43
YKR068C,0.43
YHL045W,0.43
YER135C,0.43
YHL037C,0.43
YHL020C,0.43
YJR020W,0.43
YER088W-B,0.43
YHL010C,0.43
YHL008C,0.43
YAR060C,0.43
YHL028W,0.43
YGR288W,0.43
YML077W,0.43
YGR283C,0.43
YER180C,0.43
YLR001C,0.43
YLL004W,0.43
YLL005C,0.43
YGR164W,0.43
YML122C,0.43
YER169W,0.43
YAL027W,0.43
YGR198W,0.43
YLL036C,0.43
YLL058W,0.43
YER146W,0.43
YML087C,0.43
YER142C,0.43
YML082W,0.43
YKR032W,0.43
YGR150C,0.43
YER077C,0.43
YKR027W,0.43
YAR069C,0.43
YHR131C,0.43
YER027C,0.43
YMR005W,0.43
YKL065W-A,0.43
YHR136C,0.43
YKL053C-A,0.43
YHR139C-A,0.43
YKL076C,0.43
YKL079W,0.43
YMR013W-A,0.43
YKL093W,0.43
YJR024C,0.43
YHR160C,0.43
YKL072W,0.43
YML002W,0.43
YML006C,0.43
YML007W,0.43
YKR022C,0.43
YKR019C,0.43
YHR012W,0.43
YHR022C-A,0.43
YHR045W,0.43
YER044C-A,0.43
YHR048W,0.43
YAL042C-A,0.43
YKL023W,0.43
YJL027C,0.43
YML011C,0.43
YHR078W,0.43
YHR080C,0.43
YHR085W,0.43
YER040W,0.43
YML034W,0.43
YER183C,0.43
YLR006C,0.43
YGR140W,0.43
YLR374C,0.43
YLR376C,0.43
YLR379W,0.43
YLR218C,0.43
YFR032C-B,0.43
YAR008W,0.43
YLR240W,0.43
YGL111W,0.43
YGL110C,0.43
YFR013W,0.43
YGL108C,0.43
YGL096W,0.43
YLR189C,0.43
YGL075C,0.43
YFR022W,0.43
YLR254C,0.43
YJL005W,0.43
YLR260W,0.43
YLR320W,0.43
YLR313C,0.43
YLR310C,0.43
YGL208W,0.43
YLR307W,0.43
YLR302C,0.43
YLR334C,0.43
YLR299W,0.43
YLR296W,0.43
YLR288C,0.43
YLR337C,0.43
YLR287C,0.43
YGL176C,0.43
YLR353W,0.43
YLR266C,0.43
YLR176C,0.43
YGL061C,0.43
YLR173W,0.43
YGL051W,0.43
YAL017W,0.43
YGR046W,0.43
YGR047C,0.43
YLR087C,0.43
YLR084C,0.43
YLR451W,0.43
YLR080W,0.43
YGR075C,0.43
YGR084C,0.43
YGR104C,0.43
YGR115C,0.43
YGR119C,0.43
YLR039C,0.43
YLR031W,0.43
YLR025W,0.43
YGR041W,0.43
YHR164C,0.43
YLR442C,0.43
YGR040W,0.43
YJR003C,0.43
YAL014C,0.43
YGL003C,0.43
YFL023W,0.43
YGR003W,0.43
YGR023W,0.43
YLR135W,0.43
YGR028W,0.43
YFL034C-B,0.43
YLR128W,0.43
YGR031W,0.43
YLR114C,0.43
YJR011C,0.43
YFL050C,0.43
YLR107W,0.43
YLR105C,0.43
YKL101W,0.43
YER115C,0.43
YHR166C,0.43
YIR007W,0.43
YEL025C,0.43
YMR053C,0.43
YJR037W,0.43
YIR011C,0.43
YMR048W,0.43
YMR118C,0.43
YIR016W,0.43
YEL016C,0.43
YHR218W-A,0.43
YJR042W,0.43
YMR044W,0.43
YDR524W-C,0.43
YHR214C-D,0.43
YDR524C,0.43
YMR126C,0.43
YJR035W,0.43
YIL003W,0.43
YMR115W,0.43
YIL006W,0.43
YKL171W,0.43
YKL222C,0.43
YJR162C,0.43
YIL072W,0.43
YMR091C,0.43
YIL113W,0.43
YEL074W,0.43
YMR075C-A,0.43
YIL120W,0.43
YHR212C,0.43
YJR136C,0.43
YJR127C,0.43
YMR102C,0.43
YIL141W,0.43
YIL150C,0.43
YIL020C-A,0.43
YMR069W,0.43
YKL174C,0.43
YDR537C,0.43
YIL055C,0.43
YJR061W,0.43
YIL156W-B,0.43
YEL006W,0.43
YMR025W,0.43
YKL121W,0.43
YDR503C,0.43
YHR171W,0.43
YDR499W,0.43
YJR049C,0.43
YKL134C,0.43
YKL115C,0.43
YMR135W-A,0.43
YHR187W,0.43
YDR490C,0.43
YHR184W,0.43
YMR130W,0.43
YDR494W,0.43
YJR134C,0.44
YLR132C,0.44
YGL203C,0.44
YGR024C,0.44
YJR054W,0.44
YJL070C,0.44
YOL087C,0.44
YJR039W,0.44
YJL007C,0.44
YLR138W,0.44
YPL165C,0.44
YLR141W,0.44
YGR009C,0.44
YOL115W,0.44
YGR002C,0.44
YDL053C,0.44
YIL045W,0.44
YIL031W,0.44
YJR119C,0.44
YCR041W,0.44
YGL010W,0.44
YLR156W,0.44
YOL100W,0.44
YOL104C,0.44
YCL014W,0.44
YNL048W,0.44
YJL073W,0.44
YOL036W,0.44
YJL072C,0.44
YKL220C,0.44
YGR058W,0.44
YPL191C,0.44
YLR088W,0.44
YGR048W,0.44
YPL188W,0.44
YPL185W,0.44
YIL088C,0.44
YCL063W,0.44
YCL061C,0.44
YLR126C,0.44
YDL030W,0.44
YOL063C,0.44
YCL041C,0.44
YPL177C,0.44
YAL058W,0.44
YIR042C,0.44
YPL172C,0.44
YJR138W,0.44
YPL167C,0.44
YOL075C,0.44
YLR115W,0.44
YGR031C-A,0.44
YGL021W,0.44
YCL010C,0.44
YLR312W-A,0.44
YIR039C,0.44
YIL025C,0.44
YOL138C,0.44
YPL084W,0.44
YGL126W,0.44
YPL108W,0.44
YNL027W,0.44
YDL074C,0.44
YLR224W,0.44
YNL023C,0.44
YNL020C,0.44
YLR284C,0.44
YNR039C,0.44
YLR225C,0.44
YLR228C,0.44
YLR282C,0.44
YDL185C-A,0.44
YLR233C,0.44
YLR236C,0.44
YDL152W,0.44
YNL011C,0.44
YPL115C,0.44
YDL117W,0.44
YIR023W,0.44
YNR007C,0.44
YIR032C,0.44
YGL175C,0.44
YGL164C,0.44
YJL185C,0.44
YDL106C,0.44
YGL170C,0.44
YDL159W,0.44
YLR159W,0.44
YDL189W,0.44
YLR290C,0.44
YLR161W,0.44
YCR081C-A,0.44
YLR164W,0.44
YCR090C,0.44
YCR091W,0.44
YIL024C,0.44
YGL197W,0.44
YNL041C,0.44
YPL147W,0.44
YGL194C-A,0.44
YIL015W,0.44
YGL080W,0.44
YLR187W,0.44
YGL119W,0.44
YNR075W,0.44
YGL090W,0.44
YGL091C,0.44
YPL040C,0.44
YGL100W,0.44
YLR298C,0.44
YGR068C,0.44
YPL089C,0.44
YJR041C,0.44
YGL114W,0.44
YDL203C,0.44
YLR213C,0.44
YPL064C,0.44
YGL192W,0.44
YJR102C,0.44
YOL029C,0.44
YLR036C,0.44
YIL102C-A,0.44
YHR006W,0.44
YJL129C,0.44
YKL155C,0.44
YOR194C,0.44
YPR115W,0.44
YJL092W,0.44
YJL147C,0.44
YAL037C-A,0.44
YHR040W,0.44
YOR212W,0.44
YHR043C,0.44
YKL003C,0.44
YKL149C,0.44
YKL005C,0.44
YHR067W,0.44
YBR040W,0.44
YOR228C,0.44
YKR028W,0.44
YHL002W,0.44
YOR138C,0.44
YKL169C,0.44
YKR069W,0.44
YPL267W,0.44
YKR061W,0.44
YIL156W-A,0.44
YBR089W,0.44
YKR054C,0.44
YHL025W,0.44
YBR070C,0.44
YHL019C,0.44
YPR083W,0.44
YHL013C,0.44
YIL159W,0.44
YIL171W-A,0.44
YKL161C,0.44
YIL156W,0.44
YPR124W,0.44
YOR380W,0.44
YPR170W-A,0.44
YBL101C,0.44
YOR288C,0.44
YPR171W,0.44
YHR175W,0.44
YOR330C,0.44
YJR031C,0.44
YHR151C,0.44
YKL087C,0.44
YKL088W,0.44
YKL092C,0.44
Q0075,0.44
YOR313C,0.44
YHR168W,0.44
YPR196W,0.44
YBL097W,0.44
YHR204W,0.44
YBL095W,0.44
YPR152C,0.44
YHR077C,0.44
YHR192W,0.44
YJL102W,0.44
YOR373W,0.44
YOR365C,0.44
YHR086W-A,0.44
YKL034W,0.44
YKL038W,0.44
YHR102W,0.44
YKL132C,0.44
YOR262W,0.44
YOR264W,0.44
YKL047W,0.44
YHR118C,0.44
YHR186C,0.44
YHR182W,0.44
YHL048W,0.44
YBR110W,0.44
YHL050C,0.44
YBR225W,0.44
YBR223C,0.44
YIL119C,0.44
YBR221W-A,0.44
YPR013C,0.44
YBR217W,0.44
YJL120W,0.44
YKL197C,0.44
YPR021C,0.44
YPR022C,0.44
YPR023C,0.44
YOR038C,0.44
YLL010C,0.44
YBR212W,0.44
YGR170W,0.44
YLR016C,0.44
YIL129C,0.44
YLR021W,0.44
YPR008W,0.44
YLR066W,0.44
YBR280C,0.44
YLR065C,0.44
YJL106W,0.44
YLR054C,0.44
YJL165C,0.44
YGR110W,0.44
YBR266C,0.44
YIL105C,0.44
YKL213C,0.44
YPL206C,0.44
YOR324C,0.44
YLR032W,0.44
YPR007C,0.44
YGR125W,0.44
YOR012W,0.44
YBR201W,0.44
YIL132C,0.44
YBR198C,0.44
YOR104W,0.44
YKL179C,0.44
YGR273C,0.44
YOR107W,0.44
YOR113W,0.44
YPR067W,0.44
YKR089C,0.44
YKL176C,0.44
YBR131W,0.44
YPL257W,0.44
YBR129C,0.44
YKL173W,0.44
YBR126W-B,0.44
YKR078W,0.44
YKR077W,0.44
YGR258C,0.44
YGR257C,0.44
YPR054W,0.44
YLL066C,0.44
YBR196C-B,0.44
YOR053W,0.44
YBR195C,0.44
YPR044C,0.44
YGR215W,0.44
YPL241C,0.44
YBR182C-A,0.44
YKL219W,0.44
YOR068C,0.44
YOR073W,0.44
YGR237C,0.44
YOR079C,0.44
YGR249W,0.44
YBR161W,0.44
YOR093C,0.44
YOR094W,0.44
YOR070C,0.44
YNL068C,0.44
YDR485C,0.44
YNL297C,0.44
YDR141C,0.44
YER190W,0.44
YLR463C,0.44
YLR466W,0.44
YNL225C,0.44
YNL227C,0.44
YAR027W,0.44
YNL229C,0.44
YDR159W,0.44
YER172C,0.44
YNL245C,0.44
YDR176W,0.44
YNL253W,0.44
YJL019W,0.44
YER163C,0.44
YML107C,0.44
YAR033W,0.44
YER149C,0.44
YML099C,0.44
YJL051W,0.44
YDR196C,0.44
YML088W,0.44
YJL207C,0.44
YML076C,0.44
YER124C,0.44
YDR227W,0.44
YNL294C,0.44
YER106W,0.44
YER105C,0.44
YNL211C,0.44
YDR132C,0.44
YLR453C,0.44
YNL203C,0.44
YDR067C,0.44
YNL144C,0.44
YDR075W,0.44
YNL146W,0.44
YNL146C-A,0.44
YFR003C,0.44
YLR405W,0.44
YJL195C,0.44
YDR080W,0.44
YLR414C,0.44
YDR084C,0.44
YLR417W,0.44
YNL162W-A,0.44
YNL164C,0.44
YNL304W,0.44
YNL166C,0.44
YFL027C,0.44
YFL033C,0.44
YDR103W,0.44
YDR104C,0.44
YNL180C,0.44
YDR105C,0.44
YJL056C,0.44
YNL187W,0.44
YLR440C,0.44
YDR112W,0.44
YFL051C,0.44
YDR116C,0.44
YDR119W,0.44
YLR446W,0.44
YFL025C,0.44
YJL211C,0.44
YJL210W,0.44
YDR263C,0.44
YMR063W,0.44
YMR234W,0.44
YMR231W,0.44
YMR071C,0.44
YDR389W,0.44
YMR224C,0.44
YDR402C,0.44
YMR073C,0.44
YMR220W,0.44
YMR218C,0.44
YMR078C,0.44
YMR210W,0.44
YDR414C,0.44
YMR207C,0.44
YEL030C-A,0.44
YDR416W,0.44
YMR194C-A,0.44
YMR191W,0.44
YMR104C,0.44
YDR443C,0.44
YMR106C,0.44
YMR111C,0.44
YMR178W,0.44
YMR173W-A,0.44
YDR461C-A,0.44
YJL220W,0.44
YMR119W,0.44
YMR167W,0.44
YMR162C,0.44
YMR132C,0.44
YMR086W,0.44
YNL138W-A,0.44
YMR247C,0.44
YMR258C,0.44
YER075C,0.44
YDR264C,0.44
YDR268W,0.44
YER071C,0.44
YER067C-A,0.44
YER061C,0.44
YER046W,0.44
YMR326C,0.44
YDR283C,0.44
YDR285W,0.44
YDR286C,0.44
YER041W,0.44
YDR302W,0.44
YMR311C,0.44
YJL217W,0.44
YER032W,0.44
YDR317W,0.44
YMR010W,0.44
YDR326C,0.44
YER013W,0.44
YMR289W,0.44
YMR019W,0.44
YMR022W,0.44
YMR023C,0.44
YDR338C,0.44
YMR267W,0.44
YEL008W,0.44
YMR263W,0.44
YMR040W,0.44
YDR357C,0.44
YMR306W,0.44
YFR023W,0.44
YPL096C-A,0.44
YLR347W-A,0.44
YDR008C,0.44
YNL089C,0.44
YJL187C,0.44
YLR375W,0.44
YGL263W,0.44
YDR028C,0.44
YLR343W,0.44
YGL249W,0.44
YNL086W,0.44
YDR041W,0.44
YGL237C,0.44
YGL254W,0.44
YDR017C,0.44
YGL259W,0.44
YNL091W,0.44
YFR048W,0.44
YGL230C,0.44
YLR364C-A,0.44
YNL083W,0.44
YLR346C,0.44
YOR285W,0.45
YMR007W,0.45
YER022W,0.45
YKL068W-A,0.45
YDR325W,0.45
YHR137C-A,0.45
YHR140W,0.45
YBL106C,0.45
YOR284W,0.45
YBL094C,0.45
YJR022W,0.45
YBL067C,0.45
YKL044W,0.45
YHR103W,0.45
YNL019C,0.45
YMR310C,0.45
YBL074C,0.45
YHR111W,0.45
YDR320C,0.45
YGL241W,0.45
YHR123W,0.45
YKL057C,0.45
YOR275C,0.45
YLR285W,0.45
YHR134W,0.45
YNL022C,0.45
YBL100C,0.45
YBL085W,0.45
YOR299W,0.45
YHR155W,0.45
YMR292W,0.45
YDR336W,0.45
YJL098W,0.45
YDL070W,0.45
YOR336W,0.45
YPR179C,0.45
YOR338W,0.45
YKL114C,0.45
YKL107W,0.45
YPR176C,0.45
YMR028W,0.45
YMR030W,0.45
YKL118W,0.45
YPR162C,0.45
YDR349C,0.45
YKL124W,0.45
YOR355W,0.45
YER007W,0.45
YOR301W,0.45
YPR188C,0.45
YMR024W,0.45
YJL141C,0.45
YKL089W,0.45
YJL140W,0.45
YOR307C,0.45
YDR331W,0.45
YMR016C,0.45
YJL137C,0.45
YDR333C,0.45
YER010C,0.45
YKL095W,0.45
YMR288W,0.45
YGL185C,0.45
YMR021C,0.45
YMR285C,0.45
YLR341W,0.45
YNL093W,0.45
YOR314W,0.45
YOR255W,0.45
YHR021W-A,0.45
YER039C-A,0.45
YBR073W,0.45
YHL023C,0.45
YNL311C,0.45
YDL099W,0.45
YBR062C,0.45
YHL014C,0.45
YML049C,0.45
YER101C,0.45
YOR171C,0.45
YBR051W,0.45
YKR035C,0.45
YBR044C,0.45
YOR178C,0.45
YOR179C,0.45
YER078W-A,0.45
YML038C,0.45
YBR050C,0.45
YML034C-A,0.45
YKR053C,0.45
YBR081C,0.45
YBR111W-A,0.45
YAL034C,0.45
YGL219C,0.45
YML065W,0.45
YNL298W,0.45
YNL299W,0.45
YBR108W,0.45
YDR242W,0.45
YHL044W,0.45
YDR240C,0.45
YHL036W,0.45
YBR097W,0.45
YKR058W,0.45
YOR152C,0.45
YNL306W,0.45
YHL035C,0.45
YOR147W,0.45
YBR042C,0.45
YNL324W,0.45
YNL006W,0.45
YKL010C,0.45
YKL012W,0.45
YDL090C,0.45
YHR069C-A,0.45
YDL089W,0.45
YHR071W,0.45
YAL041W,0.45
YBL009W,0.45
YOR233W,0.45
YKL023C-A,0.45
YOR238W,0.45
YBL044W,0.45
YBL050W,0.45
YJL047C-A,0.45
YHR084W,0.45
YPR158W,0.45
YJL094C,0.45
YGL180W,0.45
YNL339C,0.45
YER047C,0.45
YKR023W,0.45
YLR272C,0.45
YOR191W,0.45
YOR195W,0.45
YNL330C,0.45
YDL092W,0.45
YHR028C,0.45
YOR201C,0.45
YOR202W,0.45
YDR271C,0.45
YDR272W,0.45
YKR007W,0.45
YHR030C,0.45
YER064C,0.45
YOR211C,0.45
YJL093C,0.45
YML020W,0.45
YHR097C,0.45
YPR157W,0.45
YKL131W,0.45
YKL125W,0.45
YJR149W,0.45
YMR198W,0.45
YIL068C,0.45
YIL066W-A,0.45
YPL020C,0.45
YDR433W,0.45
YJR140C,0.45
YJR154W,0.45
YPL169C,0.45
YEL075W-A,0.45
YEL077C,0.45
YMR190C,0.45
YDR438W,0.45
YPL024W,0.45
YMR188C,0.45
YPL158C,0.45
YEL076C,0.45
YJR126C,0.45
YPL183C,0.45
YIL095W,0.45
YKL209C,0.45
YMR211W,0.45
YPL201C,0.45
YNL050C,0.45
YPL199C,0.45
YPR001W,0.45
YLR306W,0.45
YJR157W,0.45
YIL102C,0.45
YEL061C,0.45
YEL062W,0.45
YPL006W,0.45
YPL189C-A,0.45
YEL064C,0.45
YAL056C-A,0.45
YMR088C,0.45
YMR206W,0.45
YIL112W,0.45
YGL213C,0.45
YPL152W-A,0.45
YPL123C,0.45
YIR017W-A,0.45
YPL073C,0.45
YPL119C,0.45
YPL072W,0.45
YIR021W,0.45
YJR067C,0.45
YLR319C,0.45
YDL020C,0.45
YMR164C,0.45
YJR043C,0.45
YDR521W,0.45
YPL104W,0.45
YDR480W,0.45
YJR053W,0.45
YJL036W,0.45
YDR523C,0.45
YJR038C,0.45
YLR318W,0.45
YPL057C,0.45
YDL034W,0.45
YPL149W,0.45
YDR545W,0.45
YDR540C,0.45
YJR110W,0.45
YJR107W,0.45
YDL033C,0.45
YNL073W,0.45
YMR113W,0.45
YPL138C,0.45
YPL042C,0.45
YJR098C,0.45
YIL007C,0.45
YMR114C,0.45
YIL005W,0.45
YDR459C,0.45
YPL139C,0.45
YMR213W,0.45
YPR009W,0.45
YDR411C,0.45
YLR294C,0.45
YPR120C,0.45
YMR042W,0.45
YKL146W,0.45
YDR358W,0.45
YMR255W,0.45
YJL043W,0.45
YMR259C,0.45
YOR396W,0.45
YMR252C,0.45
YMR251W,0.45
YPL283C,0.45
YDR363W,0.45
YLR336C,0.45
YPL277C,0.45
YIL163C,0.45
YDL001W,0.45
YPR084W,0.45
YHR207C,0.45
YHR202W,0.45
YMR034C,0.45
YMR037C,0.45
YEL008C-A,0.45
YOR367W,0.45
YER116C,0.45
YKL133C,0.45
YOR371C,0.45
YOR385W,0.45
YKL135C,0.45
YPR140W,0.45
YNL033W,0.45
YOR377W,0.45
YOR378W,0.45
YDR356W,0.45
YOR381W,0.45
YAL047W-A,0.45
YMR264W,0.45
YEL018C-A,0.45
YMR245W,0.45
YIL158W,0.45
YPL242C,0.45
YMR227C,0.45
YPR045C,0.45
YPL236C,0.45
YPR032W,0.45
YPR030W,0.45
YPR029C,0.45
YPR047W,0.45
YGL196W,0.45
YPL224C,0.45
YPL222W,0.45
YGL233W,0.45
YMR219W,0.45
YPL219W,0.45
YDL010W,0.45
YPR012W,0.45
YDL011C,0.45
YEL048C,0.45
YIL144W,0.45
YIL146C,0.45
YDR369C,0.45
YDR373W,0.45
YJL218W,0.45
YEL029C,0.45
YEL044W,0.45
YIL153W,0.45
YPL259C,0.45
YEL045C,0.45
YMR070W,0.45
YKL178C,0.45
YLR335W,0.45
YKL177W,0.45
YNL042W,0.45
YIL151C,0.45
YNL042W-B,0.45
YPR055W,0.45
YIL147C,0.45
YPR155C,0.45
YHL050W-A,0.45
YJL059W,0.45
YGR296W,0.45
YOL050C,0.45
YDR123C,0.45
YNL201C,0.45
YGR053C,0.45
YOL045W,0.45
YFL062W,0.45
R0040C,0.45
YDR125C,0.45
YLR454W,0.45
YOL033W,0.45
YJL199C,0.45
YLR071C,0.45
YDR139C,0.45
YNL214W,0.45
YLR452C,0.45
YFL068W,0.45
YCL068C,0.45
YDR122W,0.45
YLR117C,0.45
YLR116W,0.45
YFR040W,0.45
YDR107C,0.45
YDL167C,0.45
YDR109C,0.45
YLR094C,0.45
YOL070C,0.45
YLR103C,0.45
YJL016W,0.45
YGR042W,0.45
YCL058W-A,0.45
YFL054C,0.45
YLR096W,0.45
YJL168C,0.45
YJL013C,0.45
YOL022C,0.45
YGR092W,0.45
YBR235W,0.45
YLR467W,0.45
YLR022C,0.45
YNL232W,0.45
YNL233W,0.45
YAR028W,0.45
YBR237W,0.45
YOR019W,0.45
YOR022C,0.45
YLR007W,0.45
YML133C,0.45
YBR220C,0.45
YNL240C,0.45
YOR030W,0.45
YER184C,0.45
YGR129W,0.45
YGL151W,0.45
YBR250W,0.45
YGR105W,0.45
YBR272C,0.45
YDR145W,0.45
YNL221C,0.45
YLR049C,0.45
YGL140C,0.45
YLR047C,0.45
YLR045C,0.45
YGR117C,0.45
YGL141W,0.45
YLR247C,0.45
YGR121C,0.45
YLR035C,0.45
YGL144C,0.45
YBR251W,0.45
YLR118C,0.45
YOR032W-A,0.45
YNL183C,0.45
YNR037C,0.45
YLR402W,0.45
YGL071W,0.45
YAL009W,0.45
YDR045C,0.45
YDL197C,0.45
YLR170C,0.45
YGL079W,0.45
YLR386W,0.45
YGL038C,0.45
YFL009W,0.45
YLR162W,0.45
YCR071C,0.45
YFL015C,0.45
YCR066W,0.45
YFL002C,0.45
YFL017W-A,0.45
YNR057C,0.45
YFR008W,0.45
YFR012W,0.45
YFR010W-A,0.45
YDL211C,0.45
YGL117W,0.45
YGL095C,0.45
YGL094C,0.45
YDL240W,0.45
YGL092W,0.45
YLR399C,0.45
YDL227C,0.45
YDL230W,0.45
YGL085W,0.45
YDL233W,0.45
YDL238C,0.45
YDR052C,0.45
YGL017W,0.45
YLR215C,0.45
YGL013C,0.45
YGR021W,0.45
YLR220W,0.45
YFL031W,0.45
YFL032W,0.45
YGR022C,0.45
YGL127C,0.45
YGR016W,0.45
YCR015C,0.45
YDR486C,0.45
YCR011C,0.45
YJL170C,0.45
YJL057C,0.45
YDL170W,0.45
YOL083W,0.45
YCR014C,0.45
YCR023C,0.45
YDL179W,0.45
YLR420W,0.45
YAL008W,0.45
YCR042C,0.45
YLR382C,0.45
YLR418C,0.45
YGL004C,0.45
YDR088C,0.45
YOL119C,0.45
YFR035C,0.45
YOL117W,0.45
YNR045W,0.45
YOL114C,0.45
YLR149C,0.45
YLR148W,0.45
YGR007W,0.45
YLR144C,0.45
YDR106W,0.45
YBR216C,0.45
YLR063W,0.45
YML097C,0.45
YER162C,0.45
YGR225W,0.45
YLL063C,0.45
YJL204C,0.45
YGL154C,0.45
YGR277C,0.45
YBR180W,0.45
YGR184C,0.45
YGR250C,0.45
YER168C,0.45
YKR096W,0.45
YBR136W,0.45
YGR228W,0.45
YAL031C,0.45
YDR213W,0.45
YDR216W,0.45
YBR166C,0.45
YER152C,0.45
YKR086W,0.45
YOR066W,0.45
YML111W,0.45
YGR270W,0.45
YLL030C,0.45
YAR003W,0.45
YNL279W,0.45
YER144C,0.45
YLL067W-A,0.45
YBR190W,0.45
YBR141C,0.45
YER155C,0.45
YML083C,0.45
YNR010W,0.45
YBR192W,0.45
YDL112W,0.45
YLL066W-A,0.45
YDR197W,0.45
YDR195W,0.45
YBR140C,0.45
YBR185C,0.45
YGR174C,0.45
YLR361C,0.45
YDL109C,0.45
YDR180W,0.45
YER134C,0.45
YNL105W,0.45
YKR082W,0.45
YNL285W,0.45
YGR295C,0.45
YOR040W,0.45
YBR170C,0.45
YNL249C,0.45
YML121W,0.45
YLL054C,0.45
YNL106C,0.45
YOR084W,0.45
YGR239C,0.45
YJL155C,0.45
YOR126C,0.45
YJL062W,0.45
YOR035C,0.45
YML095C,0.45
YJL203W,0.45
YDL133W,0.45
YJL157C,0.45
YOR077W,0.45
YJL208C,0.45
YGR236C,0.45
YBR130C,0.45
YDR181C,0.45
YLL049W,0.45
YGR247W,0.45
YGR169C,0.45
YDL096C,0.46
YIL130W,0.46
YPR026W,0.46
YBR030W,0.46
YDR092W,0.46
YDR401W,0.46
YER083C,0.46
YAL002W,0.46
YHL009C,0.46
YIL121W,0.46
YDR096W,0.46
YBR151W,0.46
YER084W-A,0.46
YGL224C,0.46
YBR152W,0.46
YHR007C-A,0.46
YDR097C,0.46
YPL001W,0.46
YGR013W,0.46
YEL055C,0.46
YEL052W,0.46
YCR024C,0.46
YIL107C,0.46
YDL050C,0.46
YIL128W,0.46
YCR024C-B,0.46
YIL115C,0.46
YBR043C,0.46
YIL115W-A,0.46
YHR003C,0.46
YPR018W,0.46
YEL053C,0.46
YGL160W,0.46
YFL026W,0.46
YIL104C,0.46
YEL056W,0.46
YIL064W,0.46
YIL090W,0.46
YPL069C,0.46
YHL039W,0.46
YPL066W,0.46
YDL019C,0.46
YIL002W-A,0.46
YPL051W,0.46
YAR002W,0.46
YJL225C,0.46
YDR208W,0.46
YGL066W,0.46
YGR278W,0.46
YJL179W,0.46
YGL059W,0.46
YIL010W,0.46
YDL247W,0.46
YCR097W,0.46
YDR528W,0.46
YDR072C,0.46
YDR498C,0.46
YHL049C,0.46
YPL095C,0.46
YDR501W,0.46
YGL098W,0.46
YDR505C,0.46
YER114C,0.46
YGL216W,0.46
YDL214C,0.46
YPL082C,0.46
YJL115W,0.46
YDL025C,0.46
YBR105C,0.46
YDR069C,0.46
YIR033W,0.46
YIL014W,0.46
YBR087W,0.46
YGL222C,0.46
YEL076C-A,0.46
YCR073C,0.46
YIL134W,0.46
YER099C,0.46
YGL025C,0.46
YBR072C-A,0.46
YDL186W,0.46
YGL019W,0.46
YDR430C,0.46
YER096W,0.46
YIL077C,0.46
YDR428C,0.46
YGL014W,0.46
YGL161C,0.46
YGL211W,0.46
YFL013C,0.46
YDL042C,0.46
YBR076W,0.46
YBR083W,0.46
YGL056C,0.46
YDL194W,0.46
YDR545C-A,0.46
YGL050W,0.46
YGL045W,0.46
YFR028C,0.46
YGR276C,0.46
YEL077W-A,0.46
YIL046W,0.46
YCR087C-A,0.46
YBR139W,0.46
YFL007W,0.46
YGL036W,0.46
YIL050W,0.46
YCR043C,0.46
YIL135C,0.46
YBR215W,0.46
YFR036W-A,0.46
YGR186W,0.46
YGR120C,0.46
YPR197C,0.46
YDL141W,0.46
YHR086W,0.46
YPR202W,0.46
YDR334W,0.46
YGR183C,0.46
YER188W,0.46
YPR204C-A,0.46
YHR158C,0.46
Q0017,0.46
YAL045C,0.46
YGL153W,0.46
YPR204W,0.46
YPR189W,0.46
YDR335W,0.46
YDR020C,0.46
YDR287W,0.46
YPR169W,0.46
YAL047C,0.46
YHR180W,0.46
YDR146C,0.46
YGR108W,0.46
YGR109C,0.46
YBR196C-A,0.46
YHR178W,0.46
YER042W,0.46
YGR111W,0.46
YDR292C,0.46
YBL048W,0.46
YHR172W,0.46
YGR113W,0.46
YHR093W,0.46
YBR274W,0.46
YGL184C,0.46
YER037W,0.46
YBL103C,0.46
YBL102W,0.46
YDR161W,0.46
YDL121C,0.46
YDR310C,0.46
YGR156W,0.46
YBL104C,0.46
YER023C-A,0.46
YHR119W,0.46
YDR316W,0.46
YER174C,0.46
YDR018C,0.46
YDL077C,0.46
YHR127W,0.46
YER182W,0.46
YDR308C,0.46
YGR149W,0.46
YER020W,0.46
YBR243C,0.46
YGR133W,0.46
YBL063W,0.46
YGR171C,0.46
YDR154C,0.46
YHR099W,0.46
YHR101C,0.46
YBL113W-A,0.46
YDR307W,0.46
YDR003W-A,0.46
YER014W,0.46
YGR143W,0.46
YHR147C,0.46
YGR146C,0.46
YDL134C,0.46
YJL135W,0.46
YHR181W,0.46
YDR348C,0.46
YER001W,0.46
YCL038C,0.46
YDL165W,0.46
YFR043C,0.46
YER066W,0.46
YGL133W,0.46
YHR036W,0.46
YDR378C,0.46
YHR038W,0.46
YDL159W-A,0.46
YCL065W,0.46
YPR097W,0.46
YIL177C,0.46
YHR219C-A,0.46
YGL158W,0.46
YGR227W,0.46
YJL125C,0.46
YPR072W,0.46
YBR179C,0.46
YCR008W,0.46
YFL042C,0.46
YBR028C,0.46
YPR048W,0.46
YGL246C,0.46
YGR029W,0.46
YDR009W,0.46
YDR392W,0.46
YCL008C,0.46
YDR056C,0.46
YBR017C,0.46
YFL047W,0.46
YDL056W,0.46
YCL031C,0.46
YDL003W,0.46
YDR186C,0.46
YGR223C,0.46
YCL073C,0.46
YAL051W,0.46
YBR285W,0.46
YGR206W,0.46
YBL033C,0.46
YBR282W,0.46
YGL186C,0.46
YAL048C,0.46
YHR073W,0.46
YBL034C,0.46
YPR151C,0.46
YEL007W,0.46
YER190C-B,0.46
YGR296C-B,0.46
YDL088C,0.46
YGR100W,0.46
YDR144C,0.46
YGR072W,0.46
YDR400W,0.46
YBR292C,0.46
YGR066C,0.46
YDL091C,0.46
YHR050W,0.46
YHR056W-A,0.46
YHR056C,0.46
YDL156W,0.46
YFL064C,0.46
YGR064W,0.46
YHR061C,0.46
YPR137W,0.46
YGR063C,0.46
YDL155W,0.46
YHR194W,0.46
YBR294W,0.46
YGL136C,0.46
YGR213C,0.46
YPR139C,0.46
YFR019W,0.46
YPR031W,0.46
YLR397C,0.46
YKL002W,0.46
YOR279C,0.46
YNL271C,0.46
YNL272C,0.46
YKR003W,0.46
YNL273W,0.46
YOR280C,0.46
YMR017W,0.46
YOR006C,0.46
YOR154W,0.46
YMR029C,0.46
YMR032W,0.46
YJL029C,0.46
YNL267W,0.46
YMR047C,0.46
YOR291W,0.46
YKR017C,0.46
YNL319W,0.46
YOR013W,0.46
YNL320W,0.46
YKR026C,0.46
YKR031C,0.46
YKR034W,0.46
YNL323W,0.46
YNL325C,0.46
YLR171W,0.46
YMR061W,0.46
YLR166C,0.46
YKR015C,0.46
YKL004W,0.46
YNL265C,0.46
YJR001W,0.46
YNL192W,0.46
YOR269W,0.46
YNL196C,0.46
YKL064W,0.46
YLR219W,0.46
YJL053W,0.46
YOL035C,0.46
YKL053W,0.46
YML018C,0.46
YNL210W,0.46
YLR212C,0.46
YOR161W-A,0.46
YPL244C,0.46
YKL045W,0.46
YNL213C,0.46
YNL215W,0.46
YNL216W,0.46
YNL217W,0.46
YPL249C,0.46
YJR021C,0.46
YNL218W,0.46
YLR210W,0.46
YML016C,0.46
YNL237W,0.46
YKL018W,0.46
YKL015W,0.46
YOL015W,0.46
YJL077W-A,0.46
YPL253C,0.46
YPL283W-B,0.46
YML029W,0.46
YOR026W,0.46
YNL339W-B,0.46
YMR201C,0.46
YMR151W,0.46
YOR354C,0.46
YJL035C,0.46
YJL039C,0.46
YOR352W,0.46
YOR351C,0.46
YOR349W,0.46
YLR098C,0.46
YLR097C,0.46
YMR185W,0.46
YLR010C,0.46
YLR013W,0.46
YOR119C,0.46
YLR015W,0.46
YLR093C,0.46
YLR030W,0.46
YOR328W,0.46
YLR033W,0.46
YLR055C,0.46
YLR057W,0.46
YOR111W,0.46
YLR082C,0.46
YOR329C,0.46
YJL087C,0.46
YOR109W,0.46
YLR077W,0.46
YLR072W,0.46
YLR095C,0.46
YMR212C,0.46
YLL018C-A,0.46
YLR130C,0.46
YJL081C,0.46
YMR067C,0.46
YOR034C,0.46
YMR075W,0.46
YJR004C,0.46
YJR005W,0.46
YMR082C,0.46
YLR157W-E,0.46
YKR103W,0.46
YLR400W,0.46
YOR386W,0.46
YLR157W-D,0.46
YKR106W,0.46
YLL067C,0.46
YMR301C,0.46
YJR008W,0.46
YMR098C,0.46
YMR107W,0.46
YMR117C,0.46
YOR379C,0.46
YOR054C,0.46
YMR275C,0.46
YOR311C,0.46
YMR247W-A,0.46
YOR057W,0.46
YOR124C,0.46
YOR067C,0.46
YMR124W,0.46
YOR069W,0.46
YOR396C-A,0.46
YOL046C,0.46
YKL049C,0.46
YOR162C,0.46
YOL096C,0.46
YNR028W,0.46
YJR132W,0.46
YLR459W,0.46
YLR464W,0.46
YOL091W,0.46
YJR141W,0.46
YLR466C-A,0.46
YLR467C-A,0.46
YML133W-B,0.46
YPL140C,0.46
YNR011C,0.46
YNR031C,0.46
YNR008W,0.46
YNR006W,0.46
YKL215C,0.46
YOL048C,0.46
YKL208W,0.46
YML117W,0.46
YML115C,0.46
YPL155C,0.46
YKL205W,0.46
YNL005C,0.46
YNL013C,0.46
YML114C,0.46
YKL204W,0.46
YOR190W,0.46
YOR245C,0.46
YLR362W,0.46
YNR034W,0.46
YJR052W,0.46
YOL137W,0.46
YLR393W,0.46
YOR219C,0.46
YOL141W,0.46
YJR066W,0.46
YPL109C,0.46
YOL158C,0.46
YOR227W,0.46
YLR381W,0.46
YOL162W,0.46
YPL113C,0.46
YJR130C,0.46
YOL163W,0.46
YOL124C,0.46
YLR423C,0.46
YJR111C,0.46
YJL065C,0.46
YNR074C,0.46
YOL118C,0.46
YJL091C,0.46
YLR436C,0.46
YLR437C,0.46
YNR048W,0.46
YPL128C,0.46
YNR047W,0.46
YLR411W,0.46
YOL081W,0.46
YLR332W,0.46
YLR073C,0.46
YKL175W,0.46
YNL024C-A,0.46
YML081W,0.46
YOR263C,0.46
YNL074C,0.46
YPL208W,0.46
YPL228W,0.46
YKL119C,0.46
YOL069W,0.46
YNL081C,0.46
YKL159C,0.46
YKL122C,0.46
YOR253W,0.46
YOR265W,0.46
YJL025W,0.46
YPL207W,0.46
YOL076W,0.46
YJR033C,0.46
YNL119W,0.46
YLR309C,0.46
YJL020W-A,0.46
YKL186C,0.46
YML031W,0.46
YML061C,0.46
YNL174W,0.46
YLR262C,0.46
YML032C,0.46
YPL182C,0.46
YOR177C,0.46
YNL025C,0.46
YKL108W,0.46
YLR308W,0.46
YLR253W,0.46
YLR427W,0.47
YBR060C,0.47
YLR430W,0.47
YMR133W,0.47
YOR166C,0.47
YMR139W,0.47
YFL029C,0.47
YJL037W,0.47
YML050W,0.47
YBR003W,0.47
YER068W,0.47
YFR007W,0.47
YML019W,0.47
YFR002W,0.47
YBR137W,0.47
YLR407W,0.47
YMR158W,0.47
YOR160W,0.47
YBR133C,0.47
YBL005W,0.47
YBL004W,0.47
YER079W,0.47
YDR515W,0.47
YML051W,0.47
YJL148W,0.47
YMR156C,0.47
YAR018C,0.47
YMR129W,0.47
YJL020C,0.47
YBR058C,0.47
YML132W,0.47
YML071C,0.47
YJL225W-A,0.47
YMR014W,0.47
YER171W,0.47
YBR047W,0.47
YBR104W,0.47
YOR141C,0.47
YER143W,0.47
YEL022W,0.47
YEL020C,0.47
YEL019C,0.47
YER167W,0.47
YML109W,0.47
YMR043W,0.47
YML103C,0.47
YEL018W,0.47
YMR076C,0.47
YOR123C,0.47
YMR081C,0.47
YOR155C,0.47
YBR124W,0.47
YML060W,0.47
YDR527W,0.47
YFL055W,0.47
YFL060C,0.47
YFL061W,0.47
YER111C,0.47
YML009C-A,0.47
YDR531W,0.47
YMR001C,0.47
YDR538W,0.47
YMR004W,0.47
YJL024C,0.47
YER121W,0.47
YBR024W,0.47
YMR095C,0.47
YER122C,0.47
YER024W,0.47
YDR530C,0.47
YBR004C,0.47
YJL154C,0.47
YCL045C,0.47
YDR006C,0.47
YNL095C,0.47
YOL066C,0.47
YJL188C,0.47
YNL077W,0.47
YOL072W,0.47
YNL072W,0.47
YJL061W,0.47
YDL043C,0.47
YDL045C,0.47
YNL039W,0.47
YDL064W,0.47
YCL016C,0.47
YCL012C,0.47
YDR010C,0.47
YNL102W,0.47
YDR015C,0.47
YDR026C,0.47
YDR114C,0.47
YNL182C,0.47
YBR302C,0.47
YOL049W,0.47
YNL173C,0.47
YCL069W,0.47
YNL169C,0.47
YNL024C,0.47
YJL196C,0.47
YNL158W,0.47
YNL155W,0.47
YJL194W,0.47
YDR068W,0.47
YNL139C,0.47
YNL116W,0.47
YNL115C,0.47
YDR087C,0.47
YNL194C,0.47
YNL021W,0.47
YNL017C,0.47
YCR038C,0.47
YDL234C,0.47
YDL237W,0.47
YOL164W,0.47
YDL242W,0.47
YDL248W,0.47
YCR108C,0.47
YCR099C,0.47
YCR052W,0.47
YCR083W,0.47
YCR054C,0.47
YCR081W,0.47
YOL132W,0.47
YJL176C,0.47
YCR065W,0.47
YDL231C,0.47
YNR065C,0.47
YDL202W,0.47
YCR028C,0.47
YNL003C,0.47
YDL101C,0.47
YCL001W-A,0.47
YDL105W,0.47
YDL113C,0.47
YJL173C,0.47
YDL123W,0.47
YDL086C-A,0.47
YNR017W,0.47
YOL093W,0.47
YNR026C,0.47
YCR018C,0.47
YNR032W,0.47
YDL166C,0.47
YNR040W,0.47
YNR041C,0.47
YDL138W,0.47
YNL204C,0.47
YNL206C,0.47
YBR289W,0.47
YDR390C,0.47
YDR387C,0.47
YMR230W-A,0.47
YBR183W,0.47
YMR233W,0.47
YDR374C,0.47
YDR354C-A,0.47
YMR273C,0.47
YDR337W,0.47
YMR278W,0.47
YMR279C,0.47
YMR294W,0.47
YBR200W,0.47
YBR201C-A,0.47
YMR304W,0.47
YDR393W,0.47
YOR075W,0.47
YMR225C,0.47
YDR407C,0.47
YJL222W,0.47
YBR146W,0.47
YOR103C,0.47
YBR148W,0.47
YDR464W,0.47
YMR174C,0.47
YDR457W,0.47
YDR312W,0.47
YDR452W,0.47
YMR180C,0.47
YDR435C,0.47
YOR090C,0.47
YMR193C-A,0.47
YOR087W,0.47
YMR195W,0.47
YDR415C,0.47
YDR451C,0.47
YDR301W,0.47
YDR296W,0.47
YMR317W,0.47
YNL288W,0.47
YDR215C,0.47
YDR204W,0.47
YOL004W,0.47
YBR258C,0.47
YOL007C,0.47
YNL262W,0.47
YDR221W,0.47
YJL201W,0.47
YNL238W,0.47
YOL019W,0.47
YNL230C,0.47
YDR150W,0.47
YNL224C,0.47
YDR138W,0.47
YNL212W,0.47
YOL013W-A,0.47
YMR161W,0.47
YNL292W,0.47
YNL305C,0.47
YOR043W,0.47
YDR291W,0.47
YOR042W,0.47
YBR213W,0.47
YMR324C,0.47
YOR033C,0.47
YNL336W,0.47
YDR236C,0.47
YOR025W,0.47
YNL331C,0.47
YDR267C,0.47
YBR230W-A,0.47
YBR231C,0.47
YDR261C,0.47
YNL315C,0.47
YDR248C,0.47
YDR273W,0.47
YDR303C,0.47
YCR067C,0.47
YGR274C,0.47
YGR128C,0.47
YPL183W-A,0.47
YIL139C,0.47
YLR005W,0.47
YGR152C,0.47
YGR154C,0.47
YGR158C,0.47
YGR160W,0.47
YIL149C,0.47
YKL167C,0.47
YOR357C,0.47
YLL015W,0.47
YOR358W,0.47
YIL161W,0.47
YIL166C,0.47
YLL019C,0.47
YJR015W,0.47
YIL173W,0.47
YOR360C,0.47
YPR150W,0.47
YLL021W,0.47
YIL177W-A,0.47
YGR194C,0.47
YOR363C,0.47
YKL154W,0.47
YLL027W,0.47
YPR004C,0.47
YPR144C,0.47
YGR204C-A,0.47
YGR123C,0.47
YKL187C,0.47
YGR097W,0.47
YGR095C,0.47
YPL027W,0.47
YGR006W,0.47
YLR143W,0.47
YGR010W,0.47
YGR014W,0.47
YPL026C,0.47
YLR137W,0.47
YPL156C,0.47
YLR136C,0.47
YLR129W,0.47
YOR316C,0.47
YLR108C,0.47
YOR319W,0.47
YOR320C,0.47
YKL144C,0.47
YPL173W,0.47
YHR082C,0.47
YPR194C,0.47
YPR193C,0.47
YLR090W,0.47
YLR086W,0.47
YPL179W,0.47
YPR184W,0.47
YGR077C,0.47
YPL016W,0.47
YGR079W,0.47
YGR080W,0.47
YPL015C,0.47
YGR089W,0.47
YGR091W,0.47
YLR099C,0.47
YLL032C,0.47
YKL143W,0.47
YLL043W,0.47
YHR165W-A,0.47
YPR093C,0.47
YKR016W,0.47
YHR161C,0.47
YHR016C,0.47
YHR022C,0.47
YPR086W,0.47
YKL074C,0.47
YHR023W,0.47
YKR008W,0.47
YHR142W,0.47
YPR081C,0.47
YKR005C,0.47
YHR033W,0.47
YKR025W,0.47
YHR035W,0.47
YPL264C,0.47
YHR041C,0.47
YHR044C,0.47
YHR046C,0.47
YAL039C,0.47
YKL063C,0.47
YHR116W,0.47
YHR054C,0.47
YPL239W,0.47
YKL050C,0.47
YHR110W,0.47
YPL246C,0.47
YKL042W,0.47
YKL025C,0.47
YPR075C,0.47
YPL030W,0.47
YPR096C,0.47
YHL002C-A,0.47
YGR232W,0.47
YPR135W,0.47
YAL031W-A,0.47
YLL057C,0.47
YGR248W,0.47
YPR010C-A,0.47
YHR200W,0.47
YGR255C,0.47
YHR199C,0.47
YGR261C,0.47
YHR196W,0.47
YGR263C,0.47
YGR271W,0.47
YOR389W,0.47
YHR001W,0.47
YKR090W,0.47
YKR079C,0.47
YHR195W,0.47
YKL129C,0.47
YHL030W,0.47
YPR017C,0.47
YKR052C,0.47
YHL019W-A,0.47
YKL126W,0.47
YPR107C,0.47
YKR038C,0.47
YKL112W,0.47
YKL106W,0.47
YHR165C,0.47
YKR035W-A,0.47
YGR280C,0.47
YAL015C,0.47
YPR200C,0.47
YLR305C,0.47
YGL139W,0.47
YPL053C,0.47
YLR234W,0.47
YLR231C,0.47
YFR041C,0.47
YIL048W,0.47
YBL080C,0.47
YPL116W,0.47
YGL129C,0.47
YBL029C-A,0.47
YBL082C,0.47
YBL035C,0.47
YLR214W,0.47
YLR211C,0.47
YGL116W,0.47
YOR244W,0.47
YPL132W,0.47
YGL112C,0.47
YBL091C-A,0.47
YGL223C,0.47
YLR324W,0.47
YLR245C,0.47
YJR115W,0.47
YBL054W,0.47
YIR004W,0.47
YBL060W,0.47
YBL058W,0.47
YBL057C,0.47
YGL020C,0.47
YPL076W,0.47
YIR018W,0.47
YLR278C,0.47
YBL066C,0.47
YGL212W,0.47
YLR277C,0.47
YIL038C,0.47
YLR263W,0.47
YBL031W,0.47
YGL162W,0.47
YIL042C,0.47
YGL145W,0.47
YIL044C,0.47
YLR371W,0.47
YPL056C,0.47
YBL071W-A,0.47
YJR131W,0.47
YIR008C,0.47
YIL060W,0.47
YPL085W,0.47
YPL121C,0.47
YGL067W,0.47
YLR390W,0.47
YPL101W,0.47
YGL064C,0.47
YLR177W,0.47
YFR021W,0.47
YGL248W,0.47
YGL053W,0.47
YOR237W,0.47
YJR160C,0.47
YJR044C,0.47
YBL017C,0.47
YJR094C,0.47
Q0255,0.47
YOR304W,0.47
YGL027C,0.47
YBL016W,0.47
YOR309C,0.47
YLR351C,0.47
YIL099W,0.47
YJR108W,0.47
YJR112W-A,0.47
YLR383W,0.47
YBL037W,0.47
YGL229C,0.47
YLR357W,0.47
YIR002C,0.47
YOR274W,0.47
YGL104C,0.47
YOR278W,0.47
YFR038W,0.47
YLR188W,0.47
YJL119C,0.47
YIL087C,0.47
YJR122W,0.47
YGL083W,0.47
YGL082W,0.47
YIL065C,0.47
YGL081W,0.47
YJR057W,0.47
YLR183C,0.47
YJR142W,0.47
YJR147W,0.47
YJR092W,0.47
YIL086C,0.47
YFR031C,0.47
YDR100W,0.48
YIR003W,0.48
YKL073W,0.48
YKL094W,0.48
YKL031W,0.48
YKL039W,0.48
YOL136C,0.48
YHR114W,0.48
YDR135C,0.48
YIR036W-A,0.48
YHR122W,0.48
YKL062W,0.48
YNL202W,0.48
YJR059W,0.48
YJR060W,0.48
YJR080C,0.48
YIR027C,0.48
YNL197C,0.48
YOL152W,0.48
YKL071W,0.48
YJL067W,0.48
YHR180C-B,0.48
YDR115W,0.48
YJL178C,0.48
YKL075C,0.48
YKL078W,0.48
YAL063C-A,0.48
YKL084W,0.48
YIR021W-A,0.48
YNL163C,0.48
YIL110W,0.48
YJL064W,0.48
YDL044C,0.48
YIL062C,0.48
YDL048C,0.48
YDL049C,0.48
YNL049C,0.48
YKL189W,0.48
YJL186W,0.48
YDL150W,0.48
YDL147W,0.48
YNL034W,0.48
YKL190W,0.48
YDL127W,0.48
YIL131C,0.48
YDL116W,0.48
YJR155W,0.48
YKL191W,0.48
YKL203C,0.48
YDL079C,0.48
YIL114C,0.48
YNR009W,0.48
YJR161C,0.48
YNR003C,0.48
YKL214C,0.48
YNL004W,0.48
YKL207W,0.48
YIL145C,0.48
YNR029C,0.48
YNL062C,0.48
YDL018C,0.48
YKL128C,0.48
YNL156C,0.48
YDL226C,0.48
YKL130C,0.48
YIL020C,0.48
YNL137C,0.48
YDL222C,0.48
YDR053W,0.48
YDR049W,0.48
YIL026C,0.48
YNR061C,0.48
YDR021W,0.48
YNL161W,0.48
YDR019C,0.48
YIL035C,0.48
YNL108C,0.48
YHR201C,0.48
YDL188C,0.48
YIL036W,0.48
YJR034W,0.48
YKL151C,0.48
YNL087W,0.48
YJR124C,0.48
YDL162C,0.48
YNR033W,0.48
YKL165C,0.48
YNR052C,0.48
YNL219C,0.48
YFR016C,0.48
YKL026C,0.48
YEL009C-A,0.48
YMR033W,0.48
YMR031W-A,0.48
YMR020W,0.48
YER008C,0.48
YLR190W,0.48
YMR001C-A,0.48
YGL107C,0.48
YML009C,0.48
YER050C,0.48
YGL128C,0.48
YLR222C,0.48
YML043C,0.48
YLR239C,0.48
YGL143C,0.48
YER088C-A,0.48
YML055W,0.48
YMR041C,0.48
YER100W,0.48
YGL070C,0.48
YEL017W,0.48
YDR506C,0.48
YDR511W,0.48
YLR125W,0.48
YDR522C,0.48
YLR139C,0.48
YLR154C,0.48
YMR110C,0.48
YDR539W,0.48
YGL006W,0.48
YMR093W,0.48
YLR162W-A,0.48
YLR163C,0.48
YEL043W,0.48
YAL013W,0.48
YGL047W,0.48
YGL060W,0.48
YGL069C,0.48
YEL015W,0.48
YMR140W,0.48
YER104W,0.48
YLR283W,0.48
YLR369W,0.48
YFR045W,0.48
YFL034W,0.48
YLR433C,0.48
YFL028C,0.48
YFL024C,0.48
YCR068W,0.48
YLR373C,0.48
YLR419W,0.48
YFL021W,0.48
YFL017C,0.48
YAR019C,0.48
YFR025C,0.48
YFL010W-A,0.48
YFL001W,0.48
YLR403W,0.48
YFR020W,0.48
YFL041W,0.48
YGL166W,0.48
YFR054C,0.48
YFR055W,0.48
YER123W,0.48
YER130C,0.48
YGL209W,0.48
YML081C-A,0.48
YML091C,0.48
YML092C,0.48
YGL215W,0.48
YGL227W,0.48
YGL231C,0.48
YGL232W,0.48
YER175C,0.48
YML127W,0.48
YER176W,0.48
YGL250W,0.48
YLR352W,0.48
YGL252C,0.48
YLR462W,0.48
YFL049W,0.48
YMR147W,0.48
YLR106C,0.48
YAL019W,0.48
YDR231C,0.48
YNL307C,0.48
YDR246W,0.48
YDR247W,0.48
YNL316C,0.48
YHR005C,0.48
YHL003C,0.48
YHL007C,0.48
YDR265W,0.48
YNL328C,0.48
YDR270W,0.48
YHL017W,0.48
YNL334C,0.48
YNL335W,0.48
YHL029C,0.48
YDR280W,0.48
YHL047C,0.48
YJL049W,0.48
YKR070W,0.48
YJL209W,0.48
YNL278W,0.48
YNL228W,0.48
YAL042W,0.48
YJR019C,0.48
YKL014C,0.48
YDR164C,0.48
YHR059W,0.48
YHR054W-A,0.48
YDR166C,0.48
YHR052W-A,0.48
YNL246W,0.48
YDR177W,0.48
YNL250W,0.48
YNL256W,0.48
YNL270C,0.48
YJL206C,0.48
YDR202C,0.48
YHR031C,0.48
YKR009C,0.48
YKR075C,0.48
YKR084C,0.48
YFR014C,0.48
YDR425W,0.48
YLL012W,0.48
YGR165W,0.48
YDR441C,0.48
YMR184W,0.48
YLR019W,0.48
YPL098C,0.48
YMR177W,0.48
YGR112W,0.48
YLR052W,0.48
YDR460W,0.48
YDR462W,0.48
YDR463W,0.48
YDR465C,0.48
YDR470C,0.48
YDR472W,0.48
YGR067C,0.48
YLL014W,0.48
YMR216C,0.48
YDR403W,0.48
YMR223W,0.48
YGR268C,0.48
YDR305C,0.48
YKR105C,0.48
YLL062C,0.48
YDR322W,0.48
YDR322C-A,0.48
YMR294W-A,0.48
YMR277W,0.48
YKL027W,0.48
YGR226C,0.48
YMR253C,0.48
YGR210C,0.48
YDR376W,0.48
YMR238W,0.48
YDR384C,0.48
YGR193C,0.48
YGR187C,0.48
YDR397C,0.48
YLL037W,0.48
YPL102C,0.48
YDR449C,0.48
YBR016W,0.48
YOR290C,0.48
YOR164C,0.48
YJL149W,0.48
YCL032W,0.48
YBR109W-A,0.48
YBR203W,0.48
YPL195W,0.48
YPL203W,0.48
YPL130W,0.48
YOL031C,0.48
YPR006C,0.48
YPL210C,0.48
YPR123C,0.48
YJL069C,0.48
YBR014C,0.48
YPR148C,0.48
YPL065W,0.48
YPR058W,0.48
YOR359W,0.48
YPL252C,0.48
YOR100C,0.48
YJL085W,0.48
YPL251W,0.48
YPR180W,0.48
YCL044C,0.48
YOR174W,0.48
YJL076W,0.48
YPL125W,0.48
YPL122C,0.48
YCR020C-A,0.48
YJL160C,0.48
YOR161C,0.48
YOL094C,0.48
YOL083C-A,0.48
YCL007C,0.48
YOR321W,0.48
YOL085W-A,0.48
YOR342C,0.48
YPR079W,0.48
YOR004W,0.48
YOR139C,0.48
YBR177C,0.48
YOR143C,0.48
YBR176W,0.48
YPL014W,0.48
YJL118W,0.48
YPR190C,0.48
YBR107C,0.48
YOR251C,0.48
YBL056W,0.48
YBR194W,0.48
YOR192C-C,0.48
YOR150W,0.48
YOR196C,0.48
YJL123C,0.48
YOR140W,0.48
YCL029C,0.48
YCL076W,0.48
YOR221C,0.48
YCR016W,0.48
YOL034W,0.48
YPL192C,0.48
YOR158W,0.48
YBR053C,0.48
YBL090W,0.48
YJL128C,0.48
YOR132W,0.48
YBR059C,0.48
YOL130W,0.48
YPR175W,0.48
YBR236C,0.48
YOR340C,0.48
YBR233W,0.48
YBL079W,0.48
YOR217W,0.48
YPR034W,0.48
YPR099C,0.48
YBL006W-A,0.48
YBR125C,0.48
YBR132C,0.48
YPL229W,0.48
YOL062C,0.48
YPR100W,0.48
YBR273C,0.48
YOR023C,0.48
YPL107W,0.48
YPR061C,0.48
YOL023W,0.48
YCL049C,0.48
YBR239C,0.48
YMR281W,0.49
YKR024C,0.49
YER082C,0.49
YPR092W,0.49
YBR094W,0.49
YDL058W,0.49
YGL178W,0.49
YML013W,0.49
YDR339C,0.49
YJL213W,0.49
YOR014W,0.49
YNL284C,0.49
YOR049C,0.49
YDR256C,0.49
YPR037C,0.49
YDR054C,0.49
YBR095C,0.49
YKL183W,0.49
YPL184C,0.49
YIL140W,0.49
YOR055W,0.49
YNL110C,0.49
YBR193C,0.49
YNL310C,0.49
YPL032C,0.49
YNL281W,0.49
YKL041W,0.49
YPL023C,0.49
YKR095W,0.49
YML054C-A,0.49
YMR244C-A,0.49
YKL198C,0.49
YER158C,0.49
YKR088C,0.49
YNL191W,0.49
YML014W,0.49
YOR056C,0.49
YDR354W,0.49
YPR050C,0.49
YGR030C,0.49
YNL186W,0.49
YBR101C,0.49
YPR091C,0.49
YNL313C,0.49
YKR018C,0.49
YPL019C,0.49
YPL178W,0.49
YOR254C,0.49
YDR165W,0.49
YHR138C,0.49
YIL134C-A,0.49
YDR063W,0.49
YKL043W,0.49
YJL048C,0.49
YDR266C,0.49
YPR089W,0.49
YLR258W,0.49
YKL110C,0.49
YAL046C,0.49
YHR176W,0.49
YOL067C,0.49
YDR284C,0.49
YNL088W,0.49
YLR221C,0.49
YHL018W,0.49
YER015W,0.49
YER128W,0.49
YNL094W,0.49
YGL065C,0.49
YER004W,0.49
YML067C,0.49
YNL097C,0.49
YJR006W,0.49
YKR049C,0.49
YKL051W,0.49
YCL046W,0.49
YLR256W,0.49
YJR032W,0.49
YER118C,0.49
YGL024W,0.49
YHR188C,0.49
YBR052C,0.49
YBR085C-A,0.49
YER039C,0.49
YKL140W,0.49
YHL024W,0.49
YER002W,0.49
YNL084C,0.49
YDL007W,0.49
YDR324C,0.49
YHL038C,0.49
YJR025C,0.49
YEL011W,0.49
YHR126C,0.49
YKL099C,0.49
YIL164C,0.49
YOR165W,0.49
YKR037C,0.49
YNL289W,0.49
YKL100C,0.49
YNL290W,0.49
YHR219W,0.49
YML053C,0.49
YDR051C,0.49
YOR260W,0.49
YER017C,0.49
YGL159W,0.49
YGL156W,0.49
YPL205C,0.49
YAL016C-A,0.49
YBR242W,0.49
YNL075W,0.49
YML001W,0.49
YHR206W,0.49
YCL039W,0.49
YKR050W,0.49
YBR049C,0.49
YHR205W,0.49
YAL044W-A,0.49
YEL001C,0.49
YOL080C,0.49
YKL033W-A,0.49
YGR038W,0.49
YBR008C,0.49
YGR172C,0.49
YBR142W,0.49
YNL261W,0.49
YEL075C,0.49
YDR476C,0.49
YCR035C,0.49
YBR113W,0.49
YOR337W,0.49
YMR157C,0.49
YDR481C,0.49
YNL259C,0.49
YJR040W,0.49
YFL019C,0.49
YBL098W,0.49
YNR067C,0.49
YIR001C,0.49
YFL030W,0.49
YIL019W,0.49
YGR197C,0.49
YGL236C,0.49
YMR085W,0.49
YGR195W,0.49
YGR035C,0.49
YDL190C,0.49
YGR074W,0.49
YJR118C,0.49
YLL022C,0.49
YFL036W,0.49
YAL029C,0.49
YIL021W,0.49
YLR207W,0.49
YNR060W,0.49
YGR076C,0.49
YGR083C,0.49
YMR153C-A,0.49
YFL013W-A,0.49
YJL066C,0.49
YBR114W,0.49
YBR071W,0.49
YHR072W,0.49
YPR169W-A,0.49
YDR507C,0.49
YOL147C,0.49
YCR089W,0.49
YLR389C,0.49
YJL175W,0.49
YBL020W,0.49
YOL142W,0.49
YLR023C,0.49
YBL018C,0.49
YCR073W-A,0.49
YMR128W,0.49
YPR167C,0.49
YDR153C,0.49
YCR048W,0.49
YPR166C,0.49
YOL165C,0.49
YOL164W-A,0.49
YKL020C,0.49
YDR182W-A,0.49
YDL243C,0.49
YJR078W,0.49
YLR410W,0.49
YJL015C,0.49
YOR277C,0.49
YDR541C,0.49
YHR057C,0.49
YCR107W,0.49
YFR029W,0.49
YFL010C,0.49
YLR408C,0.49
YFL008W,0.49
YGR157W,0.49
YPL059W,0.49
YFL041W-A,0.49
YDL132W,0.49
YGL205W,0.49
YGR052W,0.49
YNR012W,0.49
YLR307C-A,0.49
YNL200C,0.49
YDR404C,0.49
YIL085C,0.49
YER179W,0.49
YDL130W-A,0.49
YGR059W,0.49
YDL181W,0.49
YDR408C,0.49
YBR172C,0.49
YOR246C,0.49
YAL011W,0.49
YAL018C,0.49
YKR002W,0.49
YNR004W,0.49
YDR120C,0.49
YDR375C,0.49
YNL007C,0.49
YDL093W,0.49
YER164W,0.49
YGL188C-A,0.49
YLR209C,0.49
YDR379C-A,0.49
YDR412W,0.49
YIL098C,0.49
YDR207C,0.49
YBR077C,0.49
YLR292C,0.49
YER078C,0.49
YEL038W,0.49
YIL091C,0.49
YNL147W,0.49
YDR380W,0.49
YIL063C,0.49
YPR038W,0.49
YJR002W,0.49
YGL218W,0.49
YDL161W,0.49
YLR330W,0.49
YOL105C,0.49
YAL019W-A,0.49
YPL054W,0.49
YNR036C,0.49
YMR193W,0.49
YJR125C,0.49
YOR287C,0.49
YOR241W,0.49
YER053C,0.49
YBR291C,0.49
YDL177C,0.49
YGR200C,0.49
YPL134C,0.49
YIL056W,0.49
YOR370C,0.49
YEL057C,0.49
YPR138C,0.49
YJL041W,0.49
YGR224W,0.49
YDL146W,0.49
YDL159C-B,0.49
YBR023C,0.49
YLL040C,0.49
YJL062W-A,0.49
YAL030W,0.49
YCR017C,0.49
YGR220C,0.49
YDR201W,0.5
YDR222W,0.5
YDR168W,0.5
YLR194C,0.5
YML027W,0.5
YJL124C,0.5
YOL011W,0.5
YER060W,0.5
YOR286W,0.5
YPR065W,0.5
YBR260C,0.5
YDR237W,0.5
YDR209C,0.5
YHR058C,0.5
YHR032W,0.5
YHR029C,0.5
YER031C,0.5
YER045C,0.5
YOR281C,0.5
YHR024C,0.5
YKR011C,0.5
YBL105C,0.5
YML042W,0.5
YLR168C,0.5
YGR178C,0.5
YDR456W,0.5
YEL066W,0.5
YMR182C,0.5
YGR202C,0.5
YGR205W,0.5
YLL029W,0.5
YMR084W,0.5
YBR167C,0.5
YLL034C,0.5
YMR199W,0.5
YDR424C,0.5
YGR229C,0.5
YBR171W,0.5
YLR078C,0.5
YMR221C,0.5
YOR381W-A,0.5
YLL055W,0.5
YOR325W,0.5
YPR153W,0.5
YMR170C,0.5
YOR356W,0.5
YOR106W,0.5
YMR125W,0.5
YLR042C,0.5
YPR172W,0.5
YDR517W,0.5
YGR126W,0.5
YAL022C,0.5
YJL222W-B,0.5
YDR509W,0.5
YMR136W,0.5
YDR391C,0.5
YDR504C,0.5
YLR008C,0.5
YOR348C,0.5
YLR002C,0.5
YAL021C,0.5
YDR489W,0.5
YGR096W,0.5
YLL001W,0.5
YPR177C,0.5
YGR090W,0.5
YGR142W,0.5
YDR243C,0.5
YOR072W,0.5
YLR100W,0.5
YHL027W,0.5
YDR309C,0.5
YMR312W,0.5
YJL082W,0.5
YMR315W-A,0.5
YHL022C,0.5
YBR086C,0.5
YDR294C,0.5
YHL021C,0.5
YHL016C,0.5
YKR040C,0.5
YKR041W,0.5
YPL280W,0.5
YER021W,0.5
YBR227C,0.5
YOR015W,0.5
YBR229C,0.5
YGL041W-A,0.5
YLR165C,0.5
YEL002C,0.5
YAL016W,0.5
YMR302C,0.5
YLR146C,0.5
YLL061W,0.5
YGR262C,0.5
YMR237W,0.5
YGR266W,0.5
YJL042W,0.5
YJL031C,0.5
YDR367W,0.5
YKR085C,0.5
YOR391C,0.5
YPR201W,0.5
YMR054W,0.5
YLR133W,0.5
YOR145C,0.5
YJL044C,0.5
YKR074W,0.5
YJR017C,0.5
YKR072C,0.5
YKR071C,0.5
YOR048C,0.5
YKR060W,0.5
YMR271C,0.5
YER067W,0.5
YMR123W,0.5
YLR203C,0.5
YKL162C-A,0.5
YIL165C,0.5
YML079W,0.5
YML080W,0.5
YNL058C,0.5
YKL170W,0.5
YIL154C,0.5
YLR267W,0.5
YIL137C,0.5
YLR276C,0.5
YJL096W,0.5
YCL021W-A,0.5
YJL010C,0.5
YNL018C,0.5
YML108W,0.5
YDL085W,0.5
YIL108W,0.5
YGL163C,0.5
YDL021W,0.5
YHR210C,0.5
YDL009C,0.5
YHR148W,0.5
YML057W,0.5
YKL082C,0.5
YOR268C,0.5
YNL130C,0.5
YNL124W,0.5
YBR056W,0.5
YOR261C,0.5
YDL097C,0.5
YOR173W,0.5
YDR014W-A,0.5
YHR197W,0.5
YLR257W,0.5
YNL097W-A,0.5
YAL049C,0.5
YER127W,0.5
YPL211W,0.5
YDL005C,0.5
YER119C,0.5
YER166W,0.5
YLR291C,0.5
YCR003W,0.5
YLR421C,0.5
YFR050C,0.5
YJR091C,0.5
YFR037C,0.5
YIR006C,0.5
YCR044C,0.5
YIR012W,0.5
YCR045C,0.5
YPL067C,0.5
YCR047W-A,0.5
YPL087W,0.5
YOR216C,0.5
YCR093W,0.5
YIR029W,0.5
YIR036C,0.5
YCR057C,0.5
YCR075W-A,0.5
YOL134C,0.5
YAL065C,0.5
YAR035W,0.5
YJR114W,0.5
YGL242C,0.5
YCR005C,0.5
YDL122W,0.5
YIL083C,0.5
YGL210W,0.5
YOL090W,0.5
YJR144W,0.5
YPL137C,0.5
YLR466C-B,0.5
YJR113C,0.5
YPL047W,0.5
YER189W,0.5
YBL049W,0.5
YDL164C,0.5
YDL172C,0.5
YPL129W,0.5
YFL048C,0.5
YIL034C,0.5
YIL030C,0.5
YDL144C,0.5
YHR137W,0.5
YJL009W,0.5
YER076C,0.5
YKL059C,0.5
YBR279W,0.5
YJL055W,0.5
YDR093W,0.5
YKL055C,0.5
YNL154C,0.5
YPL250C,0.5
YHR106W,0.5
YKL017C,0.5
YML035C,0.5
YAL043C,0.5
YGL115W,0.5
YHR100C,0.5
YKL019W,0.5
YNL144W-A,0.5
YOL056W,0.5
YER090C-A,0.5
YDR143C,0.5
YDR117C,0.5
YHR069C,0.5
YHR132C,0.5
YOL107W,0.51
YNL207W,0.51
YGL238W,0.51
YHR079C-A,0.51
YNR044W,0.51
YGR201C,0.51
YLR465C,0.51
YNR022C,0.51
YDL178W,0.51
YMR200W,0.51
YML031C-A,0.51
YLR450W,0.51
YDR427W,0.51
YIL057C,0.51
YDL158C,0.51
YMR196W,0.51
YBR261C,0.51
YLL031C,0.51
YBR069C,0.51
YOR334W,0.51
YBR160W,0.51
YPL260W,0.51
YHR013C,0.51
YJL183W,0.51
YPR128C,0.51
YGR253C,0.51
YBR298C,0.51
YGL191W,0.51
YJL032W,0.51
YGR043C,0.51
YEL039C,0.51
YJR153W,0.51
YGL201C,0.51
YLL056C,0.51
YOR252W,0.51
YHR090C,0.51
YJR152W,0.51
YLL044W,0.51
YJL054W,0.51
YGR235C,0.51
YOL088C,0.51
YNR014W,0.51
YOR081C,0.51
YER048C,0.51
YIL084C,0.51
YBR295W,0.51
YJL109C,0.51
YHR083W,0.51
YLR314C,0.51
YLL047W,0.51
YPL263C,0.51
YPR073C,0.51
YDL114W-A,0.51
YGL084C,0.51
YBL043W,0.51
YNL263C,0.51
YNL231C,0.51
YFL004W,0.51
YLR387C,0.51
YIR026C,0.51
YOR347C,0.51
YHR060W,0.51
YKL013C,0.51
YHR070W,0.51
YOL016C,0.51
YOL145C,0.51
YPL105C,0.51
YLR200W,0.51
YCR082W,0.51
YLR026C,0.51
YLR201C,0.51
YPR174C,0.51
YJR051W,0.51
YAL067C,0.51
YPR173C,0.51
YCR061W,0.51
YLR051C,0.51
YOR125C,0.51
YLR398C,0.51
YCR063W,0.51
YCR072C,0.51
YNL243W,0.51
YLR040C,0.51
YMR148W,0.51
YLR409C,0.51
YER072W,0.51
YLR195C,0.51
YGL244W,0.51
YKL021C,0.51
YLR348C,0.51
YBL041W,0.51
YNR058W,0.51
YGR177C,0.51
YIL021C-A,0.51
YPL126W,0.51
YPR154W,0.51
YMR172C-A,0.51
YGR078C,0.51
YNR064C,0.51
YBR281C,0.51
YBR015C,0.51
YNR070W,0.51
YDL218W,0.51
YDL219W,0.51
YBL038W,0.51
YMR158W-B,0.51
YDL223C,0.51
YDR477W,0.51
YLR363C,0.51
YHR074W,0.51
YLR370C,0.51
YNL251C,0.51
YFR036W,0.51
YLR205C,0.51
YJR085C,0.51
YIL016W,0.51
YDL102W,0.51
YIL093C,0.51
YIL101C,0.51
YNL099C,0.51
YBR207W,0.51
YER089C,0.51
YDR001C,0.51
YDR228C,0.51
YMR314W,0.51
YDL012C,0.51
YBR245C,0.51
YOL071W,0.51
YCL064C,0.51
YPL204W,0.51
YOL057W,0.51
YEL003W,0.51
YMR031C,0.51
YDR090C,0.51
YNL065W,0.51
YGL002W,0.51
YIL160C,0.51
YNL280C,0.51
YNL059C,0.51
YKL166C,0.51
YLR217W,0.51
YEL013W,0.51
YBR046C,0.51
YBR248C,0.51
YPR046W,0.51
YDR330W,0.51
YDR083W,0.51
YGL171W,0.51
YCL048W,0.51
YGL016W,0.51
YJL002C,0.51
YDR060W,0.51
YHR009C,0.51
YDR059C,0.51
YGL049C,0.51
YBL078C,0.51
YDR257C,0.51
YGL042C,0.51
YHR133C,0.51
YCL055W,0.51
YML059C,0.51
YJL127C-B,0.51
YOR021C,0.51
YPL279C,0.51
YNL125C,0.51
YBR241C,0.51
YLR248W,0.51
YOL060C,0.51
YNL153C,0.51
YHR169W,0.51
YKL109W,0.51
YNL123W,0.51
YGL035C,0.51
YKL113C,0.51
YMR322C,0.51
YLR250W,0.51
YOR306C,0.51
YBL069W,0.51
YMR046W-A,0.51
YKR056W,0.51
YHL042W,0.51
YHR098C,0.51
YDR363W-A,0.51
YER151C,0.51
YKL193C,0.51
YPL031C,0.51
YKL194C,0.51
YIL126W,0.51
YGL188C,0.51
YKL195W,0.51
YLR121C,0.51
YOR176W,0.51
YKL196C,0.51
YDR111C,0.51
YCL011C,0.51
YER157W,0.51
YGR281W,0.51
YDR361C,0.51
YMR056C,0.51
YMR250W,0.51
YPR118W,0.51
YOR390W,0.51
YPL012W,0.51
YKR075W-A,0.51
YML015C,0.51
YOR061W,0.51
YGL121C,0.51
YKL184W,0.51
YAL032C,0.51
YGR018C,0.51
YPL146C,0.51
YNL014W,0.51
YDL047W,0.51
YGL173C,0.51
YOR186W,0.51
YPL010W,0.51
YGR017W,0.51
YPL243W,0.51
YPL009C,0.51
YER093C-A,0.52
YLR229C,0.52
YEL034C-A,0.52
YML110C,0.52
YLR059C,0.52
YER026C,0.52
YMR062C,0.52
YBR038W,0.52
YMR009W,0.52
YLR299C-A,0.52
YBR056C-B,0.52
YML112W,0.52
YLR113W,0.52
YGL041C,0.52
YBL075C,0.52
YOR267C,0.52
YGL039W,0.52
YLR384C,0.52
YLR074C,0.52
YGL101W,0.52
YFL053W,0.52
YBR018C,0.52
YJL088W,0.52
YGR068W-A,0.52
YML052W,0.52
YBR019C,0.52
YGL235W,0.52
YGR012W,0.52
YLR274W,0.52
YMR089C,0.52
YLR178C,0.52
YOR197W,0.52
YLR321C,0.52
YMR109W,0.52
YGR065C,0.52
YER066C-A,0.52
YLR429W,0.52
YGL058W,0.52
YML007C-A,0.52
YBR026C,0.52
YML004C,0.52
YBL083C,0.52
YGL052W,0.52
YFR052W,0.52
YML069W,0.52
YBL026W,0.52
YBR029C,0.52
YBL023C,0.52
YBR068C,0.52
YLR120C,0.52
YCR069W,0.52
YCL023C,0.52
YMR308C,0.52
YDR311W,0.52
YKL183C-A,0.52
YDL040C,0.52
YDR300C,0.52
YDR299W,0.52
YDL031W,0.52
YDR293C,0.52
YCL033C,0.52
YDL008W,0.52
YDR290W,0.52
YPR108W,0.52
YPL212C,0.52
YPL214C,0.52
YDR011W,0.52
YPR112C,0.52
YHL031C,0.52
YJL045W,0.52
YHL030W-A,0.52
YDL103C,0.52
YKL217W,0.52
YOL084W,0.52
YIL103W,0.52
YMR272W-B,0.52
YIL118W,0.52
YOR052C,0.52
YPL217C,0.52
YIL124W,0.52
YHL043W,0.52
YOL021C,0.52
YDL060W,0.52
YOL077W-A,0.52
YNL040W,0.52
YIL143C,0.52
YBR202W,0.52
YNL028W,0.52
YPL221W,0.52
YPR098C,0.52
YOR016C,0.52
YOL006C,0.52
YKL007W,0.52
YHR053C,0.52
YDR098C,0.52
YNL264C,0.52
YPL245W,0.52
YHR055C,0.52
YHR115C,0.52
YBR265W,0.52
YOL010W,0.52
YNL193W,0.52
YKL040C,0.52
YHR088W,0.52
YKL028W,0.52
YHR076W,0.52
YHR066W,0.52
YNL181W,0.52
YGR289C,0.52
YHR037W,0.52
YHR117W,0.52
YPR019W,0.52
YNL327W,0.52
YKR020W,0.52
YNL321W,0.52
YNL308C,0.52
YDR047W,0.52
YLR379W-A,0.52
YNL277W,0.52
YCL057W,0.52
YJL192C,0.52
YPL271W,0.52
YKR006C,0.52
YKL065C,0.52
YNL283C,0.52
YDR211W,0.52
YPL266W,0.52
YBR244W,0.52
YDR365C,0.52
YOL020W,0.52
YCR030C,0.52
YCR002C,0.52
YNR056C,0.52
YDR398W,0.52
YPR159W,0.52
YPL118W,0.52
YAL026C,0.52
YOL098C,0.52
YNR034W-A,0.52
YBR173C,0.52
YDL213C,0.52
YMR214W,0.52
YMR208W,0.52
YPR143W,0.52
YBR169C,0.52
YIL047C,0.52
YOL122C,0.52
YJL111W,0.52
YCR037C,0.52
YDL173W,0.52
YBR164C,0.52
YAL061W,0.52
YJR103W,0.52
YBR155W,0.52
YOR089C,0.52
YJR068W,0.52
YKR102W,0.52
YMR169C,0.52
YPR125W,0.52
YLL013C,0.52
YNR015W,0.52
YOL092W,0.52
YPL088W,0.52
YIL075C,0.52
YPR133C,0.52
YDL135C,0.52
YOR101W,0.52
YPL135W,0.52
YIR022W,0.52
YGR241C,0.52
YIR028W,0.52
YOR074C,0.52
YCR036W,0.53
YAR042W,0.53
YKL069W,0.53
YDL215C,0.53
YAL044C,0.53
YIL013C,0.53
YCL058C,0.53
YHR135C,0.53
YHR121W,0.53
YNR002C,0.53
YGL122C,0.53
YIL008W,0.53
YFR017C,0.53
YBL011W,0.53
YJL074C,0.53
YFR006W,0.53
YPL250W-A,0.53
YOR226C,0.53
YNL195C,0.53
YER080W,0.53
YLR364W,0.53
YOL041C,0.53
YIR013C,0.53
YCR046C,0.53
YOL051W,0.53
YDL245C,0.53
YJR088C,0.53
YFL016C,0.53
YOR229W,0.53
YER087C-B,0.53
YJR076C,0.53
YLR356W,0.53
YLR350W,0.53
YKL077W,0.53
YFL067W,0.53
YCR020C,0.53
YDL153C,0.53
YIL136W,0.53
YDL148C,0.53
YER148W,0.53
YBR041W,0.53
YIL061C,0.53
YML105C,0.53
YPL043W,0.53
YDL078C,0.53
YML131W,0.53
YKL201C,0.53
YDL128W,0.53
YER165C-A,0.53
YBR036C,0.53
YJL108C,0.53
YJR158W,0.53
YGL207W,0.53
YBR021W,0.53
YHR146W,0.53
YIL058W,0.53
YDL032W,0.53
YOR169C,0.53
YOL111C,0.53
YDR046C,0.53
YHR163W,0.53
YGL150C,0.53
YPL227C,0.53
YLR251W,0.53
YDL201W,0.53
YIL022W,0.53
YDL193W,0.53
YER125W,0.53
YNR051C,0.53
YKL142W,0.53
YNL085W,0.53
YGL228W,0.53
YER133W,0.53
YNR038W,0.53
YNL070W,0.53
YBL068W,0.53
YDL041W,0.53
YBR122C,0.53
YOR273C,0.53
YOR092W,0.53
YHR027C,0.53
YDR395W,0.53
YOR051C,0.53
YLR155C,0.53
YKR067W,0.53
YJL153C,0.53
YGR161C,0.53
YMR291W,0.53
YGR167W,0.53
YBR080C,0.53
YBR135W,0.53
YMR092C,0.53
YGR081C,0.53
YOR046C,0.53
YLR083C,0.53
YGR005C,0.53
YJL033W,0.53
YGR218W,0.53
YOR041C,0.53
YLR157C,0.53
YGR231C,0.53
YER012W,0.53
YLR158C,0.53
YLR174W,0.53
YLR160C,0.53
YBR205W,0.53
YMR189W,0.53
YHL026C,0.53
YDR406W,0.53
YGL001C,0.53
YGL043W,0.53
YBR214W,0.53
YOR294W,0.53
YMR027W,0.53
YLR092W,0.53
YDR372C,0.53
YGL099W,0.53
YOL012C,0.53
YMR131C,0.53
YHR063C,0.53
YBR187W,0.53
YDR170C,0.53
YDR518W,0.53
YML025C,0.53
YER060W-A,0.53
YOR121C,0.53
YGR246C,0.53
YPL256C,0.53
YDR189W,0.53
YDR194C,0.53
YJL164C,0.53
YBR247C,0.53
YEL036C,0.53
YPR082C,0.53
YPR133W-A,0.53
YGR130C,0.53
YGR106C,0.53
YDR214W,0.53
YLR028C,0.53
YML130C,0.54
YOL086W-A,0.54
YOR243C,0.54
YBR109C,0.54
YOR326W,0.54
YDR377W,0.54
YIL082W,0.54
YOL103W,0.54
YBR020W,0.54
YEL050C,0.54
YAL059W,0.54
YNR019W,0.54
YIL076W,0.54
YGR245C,0.54
YGR049W,0.54
YBL051C,0.54
YLL048C,0.54
YLR460C,0.54
YLL052C,0.54
YML030W,0.54
YBL047C,0.54
YLR012C,0.54
YFR033C,0.54
YGR135W,0.54
YCR045W-A,0.54
YJR075W,0.54
YJR072C,0.54
YBL007C,0.54
YDL235C,0.54
YPR170W-B,0.54
YBL022C,0.54
YCR051W,0.54
YLR401C,0.54
YDR519W,0.54
YFR010W,0.54
YKL104W-A,0.54
YFR011C,0.54
YBR117C,0.54
YOR117W,0.54
YBR112C,0.54
YOR209C,0.54
YOR239W,0.54
YIL039W,0.54
YJL174W,0.54
YEL058W,0.54
YAL062W,0.54
YBR162W-A,0.54
YJR116W,0.54
YNR054C,0.54
YGR207C,0.54
YDL110C,0.54
YLR435W,0.54
YBL042C,0.54
YBL040C,0.54
YGR173W,0.54
YDR468C,0.54
YDL225W,0.54
YGR087C,0.54
YMR080C,0.54
YGL195W,0.54
YMR266W,0.54
YMR261C,0.54
YNL168C,0.54
YKL138C,0.54
YER088C,0.54
YER019W,0.54
YOL064C,0.54
YJL143W,0.54
YNL114C,0.54
YNL338W,0.54
YBR255C-A,0.54
YML072C,0.54
YGL157W,0.54
YAL053W,0.54
YHR113W,0.54
YPL235W,0.54
YJL050W,0.54
YGL014C-A,0.54
YKL127W,0.54
YOR007C,0.54
YKL091C,0.54
YER103W,0.54
YNL312W,0.54
YML010W,0.54
YPL233W,0.54
YBR056W-A,0.54
YMR244W,0.54
YJL078C,0.54
YDR038C,0.54
YPR024W,0.54
YOR011W,0.54
YPR040W,0.54
YDR258C,0.54
YKL120W,0.54
YBL113C,0.54
YGL167C,0.54
YBR208C,0.54
YGL097W,0.54
YMR272W-A,0.54
YHR065C,0.54
YMR049C,0.54
YEL020C-B,0.54
YJL198W,0.54
YGL102C,0.54
YJL001W,0.54
YGL011C,0.54
YDR171W,0.54
YPR062W,0.54
YOL082W,0.54
YEL021W,0.54
YER156C,0.54
YNL035C,0.54
YKL008C,0.54
YKR062W,0.54
YDR152W,0.54
YML100W,0.54
YHL032C,0.54
YMR039C,0.54
YMR038C,0.54
YGR122C-A,0.54
YNL052W,0.54
YPL190C,0.54
YLR286W-A,0.54
YCL001W,0.54
YPL274W,0.55
YBL109W,0.55
YPL278C,0.55
YPL086C,0.55
YPL094C,0.55
YGR116W,0.55
YIR031C,0.55
YLR050C,0.55
YOR344C,0.55
YFR024C-A,0.55
YJR074W,0.55
YHR112C,0.55
YBL081W,0.55
YPR160W-A,0.55
YGL040C,0.55
YKR014C,0.55
YGR032W,0.55
YKR081C,0.55
YPL142C,0.55
YGR026W,0.55
YAL059C-A,0.55
YKL211C,0.55
YIL070C,0.55
YKL210W,0.55
YGR244C,0.55
YGR292W,0.55
YKR080W,0.55
YLR322W,0.55
YPR113W,0.55
YKR065C,0.55
YLR268W,0.55
YLR328W,0.55
YOR331C,0.55
YGL137W,0.55
YLL011W,0.55
YPR088C,0.55
YAR007C,0.55
YLR068W,0.55
YKL103C,0.55
YBL028C,0.55
YGR191W,0.55
YHL004W,0.55
YPL127C,0.55
YPL063W,0.55
YKR048C,0.55
YJL117W,0.55
YKL157W,0.55
YOR362C,0.55
YFR015C,0.55
YOR207C,0.55
YBR256C,0.55
YOR163W,0.55
YOR116C,0.55
YCL005W-A,0.55
YMR152W,0.55
YNR003W-A,0.55
YNL322C,0.55
YCR009C,0.55
YDL072C,0.55
YDL124W,0.55
YBR006W,0.55
YER069W,0.55
YDR516C,0.55
YMR276W,0.55
YNR030W,0.55
YOL133W,0.55
YDL157C,0.55
YBR234C,0.55
YOR128C,0.55
YOR157C,0.55
YML075C,0.55
YJL216C,0.55
YDR040C,0.55
YLR445W,0.55
YDR039C,0.55
YDR321W,0.55
YMR235C,0.55
YER095W,0.55
YDR426C,0.55
YER094C,0.55
YOR175C,0.55
YDL015C,0.55
YER090W,0.55
YMR321C,0.55
YMR323W,0.55
YMR215W,0.55
YNL175C,0.55
YNL098C,0.55
YDR533C,0.55
YDL140C,0.55
YDR536W,0.55
YCR098C,0.55
YDR156W,0.55
YEL032W,0.55
YFL011W,0.55
YBR096W,0.55
YDR190C,0.55
YER006W,0.55
YFR001W,0.55
YBR085W,0.55
YNL274C,0.55
YJL145W,0.55
YMR012W,0.55
YER038W-A,0.55
YCR059C,0.55
YOL140W,0.55
YCR077C,0.55
YER154W,0.55
YEL037C,0.55
YJL151C,0.55
YCR049C,0.55
YCL057C-A,0.55
YDL204W,0.55
YBR267W,0.55
YOL019W-A,0.55
YER055C,0.55
YDL236W,0.55
YJL212C,0.55
YML093W,0.55
YDL195W,0.55
YDL240C-A,0.55
YMR090W,0.55
YBR115C,0.55
YDR169C-A,0.55
YCR105W,0.55
YDL205C,0.55
YMR290C,0.56
YPR114W,0.56
YML070W,0.56
YML086C,0.56
YPL281C,0.56
YML094W,0.56
YHR039C,0.56
YER141W,0.56
YBL064C,0.56
YPL273W,0.56
YNL339W-A,0.56
YPL283W-A,0.56
YBR230C,0.56
YOR259C,0.56
YER136W,0.56
YPR110C,0.56
YMR319C,0.56
YGR267C,0.56
YKR076W,0.56
YDR508C,0.56
YLR034C,0.56
YLR196W,0.56
YEL071W,0.56
YGL087C,0.56
YLR069C,0.56
YEL065W,0.56
YOR283W,0.56
YLR186W,0.56
YGR054W,0.56
YEL030W,0.56
YLR142W,0.56
YER007C-A,0.56
YER014C-A,0.56
YMR006C,0.56
YLR017W,0.56
YOR120W,0.56
YGR145W,0.56
YDR492W,0.56
YOR393W,0.56
YMR256C,0.56
YKR092C,0.56
YPR121W,0.56
YMR243C,0.56
YGR256W,0.56
YML054C,0.56
YGR296C-A,0.56
YDR388W,0.56
YOR082C,0.56
YJL219W,0.56
YOR086C,0.56
YML048W,0.56
YGL120C,0.56
YOR272W,0.56
YOR099W,0.56
YMR229C,0.56
YGR208W,0.56
YLR286C,0.56
YIL142W,0.56
YNR013C,0.56
YKL212W,0.56
YIL116W,0.56
YOL077C,0.56
YDL039C,0.56
YLR347C,0.56
YDL029W,0.56
YNL113W,0.56
YCL054W-A,0.56
YDR036C,0.56
YLR439W,0.56
YHR162W,0.56
YDR062W,0.56
YHR143W,0.56
YNL138W,0.56
YJR148W,0.56
YKL067W,0.56
YOR206W,0.56
YBL036C,0.56
YFR012W-A,0.56
YFR004W,0.56
YOR218C,0.56
YCR084C,0.56
YJR063W,0.56
YFL005W,0.56
YJR064W,0.56
YJR065C,0.56
YOL156W,0.56
YJR069C,0.56
YAL064C-A,0.56
YBL001C,0.56
YFR047C,0.56
YDL160C,0.56
YJR135W-A,0.56
YJR143C,0.56
YNL141W,0.56
YER030W,0.56
YBR287W,0.56
YBR299W,0.56
YPR060C,0.56
YHR104W,0.56
YJL200C,0.56
YKL046C,0.56
YHR107C,0.56
YKL032C,0.56
YOL038W,0.56
YDR178W,0.56
YHR108W,0.56
YDR127W,0.56
YOL052C,0.56
YOL027C,0.56
YML129C,0.56
YPL258C,0.56
YML133W-A,0.56
YCL059C,0.56
YHR052W,0.56
YER190C-A,0.56
YPR187W,0.57
YOL123W,0.57
YJR096W,0.57
YMR096W,0.57
YIL009W,0.57
YEL069C,0.57
YNR055C,0.57
YDL246C,0.57
YDL198C,0.57
YNR046W,0.57
YNR043W,0.57
YKL016C,0.57
YKR066C,0.57
YPR192W,0.57
YBR084W,0.57
YIR037W,0.57
YIR034C,0.57
YNL287W,0.57
YGL018C,0.57
YAL040C,0.57
YLR154W-C,0.57
YOR151C,0.57
YGR001C,0.57
YJL068C,0.57
YNL241C,0.57
YOR317W,0.57
YPL050C,0.57
YDR238C,0.57
YBR238C,0.57
YOR327C,0.57
YEL042W,0.57
YLR089C,0.57
YDR234W,0.57
YHR005C-A,0.57
YDR529C,0.57
YGR219W,0.57
YDL037C,0.57
YOR085W,0.57
YJL060W,0.57
YKL145W,0.57
YCL040W,0.57
YPR010C,0.57
YJL166W,0.57
YOL061W,0.57
YPR130C,0.57
YPR129W,0.57
YGR260W,0.57
YNL132W,0.57
YMR298W,0.57
YHR139C,0.57
YMR296C,0.57
YCL054W,0.57
YHR047C,0.57
YNL045W,0.57
YIL138C,0.57
YGR114C,0.57
YJR137C,0.57
YBR126C,0.57
YDR074W,0.57
YBR126W-A,0.57
YJL214W,0.57
YJR159W,0.57
YAL025C,0.57
YDR496C,0.57
YKL216W,0.57
YDR487C,0.57
YDL086W,0.57
YPR103W,0.57
YIL125W,0.57
YOR095C,0.57
YMR181C,0.57
YPL171C,0.57
YDR129C,0.57
YJL077W-B,0.57
YOR222W,0.57
YLR377C,0.57
YER073W,0.57
YJL097W,0.57
YJL008C,0.57
YER063W,0.57
YBL059C-A,0.57
YML120C,0.57
YER056C,0.57
YLR172C,0.57
YFL044C,0.57
YJL012C,0.57
YFR051C,0.57
YLR413W,0.57
YBL091C,0.57
YGL221C,0.57
YOR232W,0.57
YBL068W-A,0.57
YER112W,0.57
YDR101C,0.58
YCL035C,0.58
YLR216C,0.58
YAL016C-B,0.58
YDL210W,0.58
YIL033C,0.58
YDL212W,0.58
YNR071C,0.58
YNR072W,0.58
YEL009C,0.58
YCR010C,0.58
YJL122W,0.58
YLL028W,0.58
YNL142W,0.58
YLL008W,0.58
YPL225W,0.58
YDL145C,0.58
YOR108C-A,0.58
YEL040W,0.58
YER049W,0.58
YCR021C,0.58
YMR058W,0.58
YBR149W,0.58
YLR206W,0.58
YMR175W,0.58
YNR018W,0.58
YDL174C,0.58
YGL077C,0.58
YBR159W,0.58
YIL043C,0.58
YKL080W,0.58
YDR513W,0.58
YPL223C,0.58
YBL032W,0.58
YJR109C,0.58
YBR088C,0.58
YCR034W,0.58
YPL197C,0.58
YFR032C,0.58
YCR004C,0.58
YOL005C,0.58
YJL014W,0.58
YNR001C,0.58
YER150W,0.58
YDR328C,0.58
YHR018C,0.58
YAL004W,0.58
YBR222C,0.58
YPL091W,0.58
YIL109C,0.58
YIR038C,0.58
YDR298C,0.58
YDR297W,0.58
YHL011C,0.58
YGR103W,0.58
YDL052C,0.58
YOR185C,0.58
YCR102C,0.58
YML125C,0.58
YKL024C,0.58
YDR524C-A,0.58
YIL155C,0.58
YCL028W,0.58
YLR295C,0.58
YLR395C,0.58
YPL117C,0.58
YGR270C-A,0.58
YOL126C,0.58
YGR284C,0.58
YOR388C,0.58
YNL247W,0.58
YNL248C,0.58
YDR188W,0.58
YHR051W,0.58
YER048W-A,0.58
YLR062C,0.59
YKL150W,0.59
YPL163C,0.59
YKL192C,0.59
YKR043C,0.59
YNL036W,0.59
YDR497C,0.59
YHR182C-A,0.59
Q0110,0.59
YPR160W,0.59
YMR315W,0.59
YMR300C,0.59
YLR270W,0.59
YDR212W,0.59
YPL265W,0.59
YBR252W,0.59
YDR346C,0.59
YMR272C,0.59
YGR287C,0.59
YGR286C,0.59
YPR063C,0.59
YOR168W,0.59
YAL007C,0.59
YLL066W-B,0.59
YHR096C,0.59
YDR394W,0.59
YMR226C,0.59
YKL117W,0.59
YNL117W,0.59
YJR014W,0.59
YHR170W,0.59
YPL232W,0.59
YGL226C-A,0.59
YMR149W,0.59
YNL131W,0.59
YLR449W,0.59
YNL149C,0.59
YOL059W,0.59
YBR111C,0.59
YLL041C,0.59
YML128C,0.59
YLR327C,0.59
YPL145C,0.59
YDL004W,0.59
YJR095W,0.59
YOR323C,0.59
YDL168W,0.59
Q0050,0.59
YIL040W,0.59
YGL068W,0.59
YAL060W,0.59
YNR053C,0.59
YMR074C,0.59
YOR153W,0.59
YJR005C-A,0.59
YJL172W,0.59
YOR215C,0.59
YFR030W,0.59
YCR088W,0.59
YIL074C,0.59
YOR303W,0.59
YJL171C,0.59
YEL063C,0.59
YER023W,0.59
YGL048C,0.59
YOL143C,0.59
YDR071C,0.6
YAL036C,0.6
YPR036W,0.6
YFL059W,0.6
YNL134C,0.6
Q0055,0.6
YLR447C,0.6
YLL023C,0.6
YDR232W,0.6
YKL104C,0.6
YGR181W,0.6
YNL121C,0.6
YEL031W,0.6
YDR483W,0.6
YLL009C,0.6
YLL006W-A,0.6
YOR027W,0.6
YER052C,0.6
YMR002W,0.6
YOR224C,0.6
YOL055C,0.6
YNL333W,0.6
YOL151W,0.6
YOR184W,0.6
YMR008C,0.6
YKR001C,0.6
YGL029W,0.6
YBL024W,0.6
YPL111W,0.6
YBR034C,0.6
YNL244C,0.6
YGL012W,0.6
YGR264C,0.6
YER003C,0.6
YKL141W,0.6
YDL228C,0.6
YGL202W,0.6
YGL206C,0.6
YER120W,0.6
YDR396W,0.6
YLR149C-A,0.6
YOR271C,0.6
YDL095W,0.6
YHL015W-A,0.6
YKL153W,0.6
YPL187W,0.6
YDL051W,0.6
YNL061W,0.6
YPL004C,0.6
YGR088W,0.6
YKL172W,0.6
YOR136W,0.6
YHR217C,0.6
YGR132C,0.6
YMR072W,0.6
YLR038C,0.6
YNL002C,0.6
YDL125C,0.6
YFL038C,0.6
YPR181C,0.6
YIL157C,0.6
YPR191W,0.6
YDR368W,0.61
YPR127W,0.61
YLR056W,0.61
YMR246W,0.61
YOR142W,0.61
YDL046W,0.61
YGL022W,0.61
YGR055W,0.61
YDR119W-A,0.61
YJL116C,0.61
YJL052C-A,0.61
YDR148C,0.61
Q0115,0.61
YPL237W,0.61
YML012W,0.61
YJL221C,0.61
YLR081W,0.61
YDR070C,0.61
YER065C,0.61
YDR429C,0.61
YGL125W,0.61
YKL054C,0.61
YIL172C,0.61
YJR073C,0.61
YJR117W,0.61
YNL268W,0.61
YAR015W,0.61
YFR009W,0.61
YGL078C,0.61
YGR082W,0.61
YMR305C,0.61
YLR004C,0.61
YGL255W,0.61
YHL040C,0.61
YCL017C,0.61
YGL187C,0.61
YAL037C-B,0.61
YNR021W,0.61
YLR179C,0.61
YHR213W,0.61
YDR341C,0.61
YDR544C,0.61
YOL157C,0.61
Q0160,0.61
Q0250,0.61
YOR341W,0.61
YNR035C,0.61
YLR244C,0.61
YGL054C,0.61
YNL239W,0.62
YBL015W,0.62
YMR309C,0.62
YKL009W,0.62
YGR234W,0.62
YIR035C,0.62
YNL044W,0.62
YER145C,0.62
YML085C,0.62
YMR079W,0.62
YMR295C,0.62
YNL189W,0.62
YKL181W,0.62
YMR099C,0.62
YKR013W,0.62
YML124C,0.62
YGL200C,0.62
YAL054C,0.62
YHR042W,0.62
YBR035C,0.62
YOR091W,0.62
YBR154C,0.62
YPL226W,0.62
YPL058C,0.62
YLR363W-A,0.62
YGR061C,0.62
YMR145C,0.62
YGR189C,0.62
YDR453C,0.62
YMR183C,0.62
YLR208W,0.62
YGR162W,0.62
YKL148C,0.62
YAL023C,0.62
YMR203W,0.62
YLR342W,0.62
YCL048W-A,0.62
YOR108W,0.62
YGR211W,0.62
YOL097C,0.62
YDL143W,0.62
YBR145W,0.62
YML022W,0.63
YGL234W,0.63
YPL160W,0.63
YKL001C,0.63
YPL078C,0.63
YER019C-A,0.63
YML106W,0.63
YGL062W,0.63
YJR133W,0.63
YMR173W,0.63
YPL262W,0.63
YKR093W,0.63
YDR034W-B,0.63
YDL171C,0.63
YDR035W,0.63
YLR027C,0.63
YOR192C,0.63
YMR108W,0.63
YBR296C,0.63
YCL030C,0.63
YNL010W,0.63
YOR230W,0.63
YJL130C,0.63
YGR019W,0.63
YMR318C,0.63
YDL100C,0.63
YLR262C-A,0.63
YPR156C,0.63
YHR089C,0.63
YFL018C,0.63
YDR304C,0.63
YIL041W,0.63
YNL208W,0.63
YPR033C,0.63
YOL030W,0.63
YPR183W,0.63
YHR008C,0.63
YHR211W,0.63
YBR283C,0.63
YMR146C,0.63
YDR055W,0.63
YLR192C,0.63
YCR028C-A,0.63
YGL106W,0.64
YIL066C,0.64
YBR082C,0.64
YGL037C,0.64
YML078W,0.64
YPR165W,0.64
YMR083W,0.64
YEL047C,0.64
YMR297W,0.64
YPR041W,0.64
YBR143C,0.64
YOR247W,0.64
YFR044C,0.64
YJR010W,0.64
YOR270C,0.64
YDR399W,0.64
YPR168W,0.64
YPR036W-A,0.64
YNR073C,0.64
YJL121C,0.64
YKL029C,0.64
YJR151C,0.64
YEL020W-A,0.64
YLR301W,0.64
YPL234C,0.64
YEL024W,0.64
YOR361C,0.64
YGL028C,0.64
YNL037C,0.64
YDL126C,0.64
YLR380W,0.64
YGR185C,0.64
YKL096W,0.64
YCL025C,0.64
YPR028W,0.64
YFL034C-A,0.64
YOR187W,0.64
YAL063C,0.65
YDL185W,0.65
YNL220W,0.65
YER178W,0.65
YNL111C,0.65
YNL016W,0.65
YBL039C,0.65
YHR190W,0.65
YCL050C,0.65
YLR359W,0.65
YFL037W,0.65
YHR026W,0.65
YAR002C-A,0.65
YNL071W,0.65
YIL162W,0.65
YDR210W,0.65
YBR072W,0.65
YOR071C,0.65
YLL026W,0.65
YML058W,0.65
YEL070W,0.65
YDR371C-A,0.65
YDR454C,0.65
YKR046C,0.65
YML008C,0.65
YAR073W,0.65
YOR302W,0.65
YER070W,0.65
YBL076C,0.65
YER081W,0.66
YLR076C,0.66
YDL085C-A,0.66
YBL045C,0.66
YGL089C,0.66
YER053C-A,0.66
YCL009C,0.66
YMR105C,0.66
YPL218W,0.66
YMR260C,0.66
YCL037C,0.66
YLR197W,0.66
YCL026C-A,0.66
YER062C,0.66
YGR124W,0.66
YDR510W,0.66
YPR016C,0.66
YEL051W,0.66
YHR025W,0.66
YGL009C,0.66
YOR065W,0.66
YMR015C,0.66
YJL080C,0.66
YGL026C,0.66
YHR087W,0.66
YER009W,0.66
YLR378C,0.66
Q0060,0.66
YOL154W,0.66
YDR172W,0.66
YER086W,0.66
YOL139C,0.66
YKR039W,0.66
YBR218C,0.67
YNL104C,0.67
YDR174W,0.67
YNL145W,0.67
YKR097W,0.67
YGR155W,0.67
YPR163C,0.67
YBR263W,0.67
YKL035W,0.67
YDR091C,0.67
YAR050W,0.67
YHR216W,0.67
YGR204W,0.67
YOR374W,0.67
YOR276W,0.67
YDR381W,0.67
YNR016C,0.67
YEL060C,0.67
YNR050C,0.67
YPL036W,0.67
YER057C,0.67
YJR007W,0.67
YGR008C,0.67
YLR060W,0.67
YMR120C,0.67
YER025W,0.67
YNL066W,0.67
YER126C,0.67
YOR210W,0.67
YBR089C-A,0.68
YIL051C,0.68
YOR310C,0.68
YOL155C,0.68
YAR071W,0.68
Q0070,0.68
YGR020C,0.68
YHR215W,0.68
YAR075W,0.68
YDL025W-A,0.68
YOR332W,0.68
YOR335C,0.68
YPL154C,0.68
YDL084W,0.68
YLR300W,0.68
YGR094W,0.68
YDR534C,0.68
YGR138C,0.68
YNL064C,0.68
YFL022C,0.68
YDL131W,0.68
YOR298C-A,0.68
YER110C,0.68
YBR039W,0.68
YJL079C,0.68
YER036C,0.69
YJR150C,0.69
YLR175W,0.69
YLR237W,0.69
YBR079C,0.69
YGL258W,0.69
YKL085W,0.69
YML074C,0.69
YIL094C,0.69
YMR202W,0.69
YGL225W,0.69
YDL182W,0.69
YHR208W,0.69
YIL169C,0.69
YHR214W,0.69
YBR286W,0.69
Q0065,0.69
YMR307W,0.69
YDR353W,0.69
YMR241W,0.69
YAL035W,0.69
YDL066W,0.69
YOR387C,0.69
YNL015W,0.69
YBR092C,0.69
YLR153C,0.69
YCL026C-B,0.69
YDR023W,0.69
YAR066W,0.69
YBR162C,0.69
YKL182W,0.69
YPR069C,0.69
YJR048W,0.69
YPL093W,0.69
YJL133C-A,0.69
YDR432W,0.7
YHR143W-A,0.7
YBR221C,0.7
YDR099W,0.7
YLL053C,0.7
YKL156W,0.7
YML126C,0.7
YOR382W,0.7
YHR020W,0.7
YIL078W,0.7
YMR011W,0.7
YBR121C,0.7
YOR020C,0.7
YNL055C,0.7
YLL039C,0.7
YNL300W,0.7
YHL034C,0.7
YIR019C,0.7
YLR009W,0.71
YNL079C,0.71
YGL105W,0.71
YPR145W,0.71
YHR049W,0.71
YDR276C,0.71
YGL148W,0.71
YLR438W,0.71
YDL208W,0.71
YGR086C,0.71
YJL167W,0.71
YCR053W,0.71
YHR068W,0.71
YOR045W,0.71
YDL067C,0.71
YOR204W,0.71
YHR072W-A,0.71
YOR198C,0.71
YDR233C,0.72
YPL028W,0.72
YLL018C,0.72
YEL046C,0.72
YOL052C-A,0.72
YDR037W,0.72
YER177W,0.72
YLR259C,0.72
YIL123W,0.72
YPR052C,0.72
YLR372W,0.72
YGR037C,0.72
YBR127C,0.72
YER044C,0.72
YML058W-A,0.72
YHR128W,0.72
YHR039C-A,0.72
YJR016C,0.73
YGL245W,0.73
YJL034W,0.73
YDL137W,0.73
YPL282C,0.73
YOR394W,0.73
YJR121W,0.73
YJR070C,0.73
YPL231W,0.73
YJR105W,0.73
YGR209C,0.73
YJR104C,0.74
YDR032C,0.74
YCL018W,0.74
YGR175C,0.74
YJR139C,0.74
YHR179W,0.74
Q0045,0.74
YNL112W,0.74
YGR144W,0.74
YKL163W,0.74
YPR149W,0.74
YFR053C,0.74
YLR304C,0.74
YOL058W,0.74
YOR009W,0.74
YMR251W-A,0.74
YHR094C,0.74
YNL255C,0.74
YHR019C,0.75
YLR390W-A,0.75
YDR044W,0.75
YPL048W,0.75
YDR158W,0.75
YDR002W,0.75
YBR093C,0.75
YLL050C,0.76
YGR240C,0.76
YML056C,0.76
YCL043C,0.76
YMR217W,0.76
YHR064C,0.76
YML123C,0.76
YLR303W,0.76
YGR282C,0.76
Q0105,0.76
YLR432W,0.76
Q0120,0.77
YBR054W,0.77
YJR077C,0.77
YHR007C,0.77
YGR060W,0.77
YDL022W,0.77
YDR086C,0.77
YOR122C,0.77
YGR180C,0.78
YDR502C,0.78
YBL099W,0.78
YFL045C,0.78
YNL160W,0.78
YGR159C,0.78
YER165W,0.78
YDR226W,0.78
YGR285C,0.78
YMR121C,0.78
YDL232W,0.78
YLR043C,0.78
YDR033W,0.78
YAL012W,0.78
YMR122W-A,0.78
YAR020C,0.78
YBL003C,0.79
YPL106C,0.79
YPR074C,0.79
YPL240C,0.79
YKL081W,0.79
YDR345C,0.79
YLR180W,0.8
YBR249C,0.8
YEL017C-A,0.8
YGL055W,0.8
YHR092C,0.8
Q0275,0.8
Q0085,0.8
YMR205C,0.8
YNL135C,0.8
YJL026W,0.8
YGL256W,0.8
YDL192W,0.8
YBR067C,0.8
YBR025C,0.8
YBL030C,0.8
YPL081W,0.81
YDR471W,0.81
YLR367W,0.81
YMR186W,0.81
YDL244W,0.81
YPL061W,0.81
YNL332W,0.81
YIL011W,0.81
YDR343C,0.81
YDL014W,0.81
YLR293C,0.81
YFL020C,0.81
YJR156C,0.81
YDR342C,0.81
YLR109W,0.82
YBR106W,0.82
YBL002W,0.82
YNL031C,0.82
YKR057W,0.82
YJR045C,0.82
YMR303C,0.82
YDR461W,0.82
YKL164C,0.82
YFL058W,0.82
YPR035W,0.82
YBR011C,0.83
YEL054C,0.83
YDL133C-A,0.83
YHR021C,0.83
YDL055C,0.83
YLR058C,0.83
YIL133C,0.83
YLR354C,0.83
YDR077W,0.83
YEL026W,0.83
YKR042W,0.83
YHR193C,0.83
YDL184C,0.83
YNL096C,0.83
YFR032C-A,0.84
YGR279C,0.84
YNL190W,0.84
YER043C,0.84
YOR383C,0.84
YER091C,0.84
YLR406C,0.84
YGL253W,0.84
YOR010C,0.84
YJL158C,0.84
YMR143W,0.84
YPL037C,0.85
YDR225W,0.85
YER011W,0.85
YJR094W-A,0.85
YLR287C-A,0.85
YOL109W,0.85
Q0130,0.85
YBR078W,0.85
YHR183W,0.85
YEL027W,0.85
YBL108C-A,0.85
YIL053W,0.85
YOR375C,0.86
YLL025W,0.86
YDR155C,0.86
YBR010W,0.86
YJR047C,0.86
YOR167C,0.86
YNL030W,0.86
YJL191W,0.86
YGL261C,0.86
YDR224C,0.86
YLR344W,0.86
YLR333C,0.86
YLR037C,0.86
YDL130W,0.87
YBR196C,0.87
YEL049W,0.87
YDL082W,0.87
YCR104W,0.87
YGR214W,0.87
YJL159W,0.87
YBL087C,0.87
YLR448W,0.87
YJL136C,0.87
YLR441C,0.87
YKL224C,0.87
YJR145C,0.88
YER117W,0.88
YLR134W,0.88
YFL014W,0.88
YML073C,0.88
YOR312C,0.88
YGL008C,0.88
YIR041W,0.88
YAL068C,0.88
YLR264W,0.88
YHL001W,0.88
YMR325W,0.88
YGL103W,0.88
YKL056C,0.88
YNL301C,0.88
YHR203C,0.88
YAL003W,0.88
YDL081C,0.88
YDR382W,0.89
YDR542W,0.89
YAL005C,0.89
YLR048W,0.89
YLR388W,0.89
YGR118W,0.89
YGR294W,0.89
YJL223C,0.89
YFL039C,0.89
Q0080,0.89
YIL176C,0.89
YBR301W,0.89
YHL046C,0.89
YBR084C-A,0.89
YKR059W,0.89
YGR085C,0.89
YHR010W,0.89
YLR461W,0.89
YBR009C,0.89
YKL006W,0.89
YJL138C,0.89
YMR194W,0.89
YML063W,0.89
YOL127W,0.9
YGR027C,0.9
YMR242C,0.9
YPL198W,0.9
YML026C,0.9
YDR418W,0.9
YKR094C,0.9
YCR024C-A,0.9
YNL069C,0.9
YBR191W,0.9
YER131W,0.9
YIL148W,0.9
YDL075W,0.9
YER102W,0.9
YLL064C,0.9
YOR096W,0.9
YLR325C,0.9
YNR076W,0.9
YOR182C,0.9
YOL161C,0.9
YGL147C,0.9
YMR230W,0.91
YDR500C,0.91
YNL302C,0.91
YBL072C,0.91
YLR150W,0.91
YLL024C,0.91
YJL177W,0.91
YDR385W,0.91
YNL067W,0.91
YLR185W,0.91
YIL069C,0.91
YEL034W,0.91
YOR234C,0.91
YGR034W,0.91
YGL031C,0.91
YNL209W,0.91
YDR447C,0.91
YLR249W,0.91
YPR102C,0.91
YML028W,0.91
YDR450W,0.91
YDR050C,0.91
YDR025W,0.91
YOL120C,0.92
YPL079W,0.92
YNL178W,0.92
YOL121C,0.92
YJL190C,0.92
YGL189C,0.92
YNL162W,0.92
YGR148C,0.92
YBR048W,0.92
YDL083C,0.92
YOL039W,0.92
YPR132W,0.92
YOR133W,0.92
YDL136W,0.92
YMR142C,0.92
YPL143W,0.92
YPL220W,0.92
YCR031C,0.92
YMR116C,0.92
YJL052W,0.93
YGL076C,0.93
YER056C-A,0.93
YGL135W,0.93
YLR167W,0.93
YOR063W,0.93
YOL040C,0.93
YPL131W,0.93
YDL191W,0.93
YKL152C,0.93
YLR340W,0.93
YBL027W,0.93
YDL229W,0.93
YIL018W,0.93
YHR141C,0.93
YLR029C,0.93
YFR031C-A,0.94
YPL090C,0.94
YBR181C,0.94
YHL015W,0.94
YOR293W,0.94
YPR080W,0.94
YBL092W,0.94
YKL180W,0.94
YML024W,0.94
YDL061C,0.94
YOR369C,0.94
YKL096W-A,0.94
YLR355C,0.94
YDR064W,0.94
YLR075W,0.94
YCR012W,0.94
YGR254W,0.95
YDR524C-B,0.95
YIL052C,0.95
YBR118W,0.95
YOL086C,0.95
YJR123W,0.95
YBR189W,0.95
YHL033C,0.95
YKL060C,0.95
YER074W,0.95
YGL123W,0.95
YGL030W,0.95
YDR012W,0.96
YPL249C-A,0.96
YLR044C,0.96
YLL045C,0.96
YHR174W,0.96
YBR031W,0.96
YLR061W,0.96
YAL038W,0.96
YLR110C,0.97
YJR009C,0.97
YGR192C,0.97
YPR043W,0.97
YJL189W,0.98
