Systematic Name,Instability Index
YDR524C-B,-13.43
YNL103W-A,-2.42
YLR120W-A,3.94
YBR296C-A,5.73
YDR524C-A,7.04
YLR264C-A,7.29
YJL197C-A,8.3
YOL052C-A,8.79
YGR035W-A,9.1
YHR057C,9.16
YDR424C,9.2
YNL190W,10.03
YML090W,10.7
YLR342W-A,11.1
YMR013W-A,11.26
YER068C-A,11.31
YIR009W,11.75
Q0130,12.28
YHR026W,12.33
YEL021W,12.38
YOR366W,12.43
YNL285W,12.93
YNL300W,13.0
YDR182W-A,13.28
YHR054C-B,13.65
YHR052C-B,13.65
YOL164W-A,13.73
YNL015W,13.86
YOL005C,14.16
YLR347W-A,14.32
YPR150W,14.4
YHR044C,14.42
YHR214C-D,14.5
YAR069C,14.5
YJL001W,14.88
YLL064C,14.97
YNR076W,14.97
YGR050C,15.06
YKR075W-A,15.27
YML009C,15.41
YLR406C-A,15.9
YLR379W-A,15.95
YOL161C,16.31
YJR153W,16.38
YBR252W,16.41
YCL048W-A,16.41
YMR251W-A,16.62
YDR086C,16.73
YPL250W-A,16.8
YAR020C,16.85
YDR075W,16.95
YBR301W,17.01
YBL108C-A,17.05
YER134C,17.1
YHR032W-A,17.21
YKR057W,17.3
YPR010C-A,17.44
YOR020C,17.51
YPL197C,17.64
YGR294W,17.64
YNL202W,17.72
YHR022C-A,17.78
YPR153W,17.86
YHR043C,17.95
YIL069C,17.98
YER074W,17.98
YFL020C,18.01
YEL049W,18.09
YLR461W,18.18
YFR032C-A,18.27
YJL136C,18.28
YDR542W,18.37
YMR056C,18.42
YHL046C,18.53
YPR062W,18.57
YLR062C,18.75
YOR102W,18.79
YDR155C,18.93
YML081C-A,18.94
YBR085W,19.14
YOR382W,19.18
YKL186C,19.29
YDR050C,19.42
YJR139C,19.46
YNL009W,19.48
YPR064W,19.53
YOR319W,19.63
YOR183W,19.73
YGL261C,19.78
YAL068C,19.78
YHR010W,19.81
YKL006W,20.09
YHL001W,20.09
YOL097W-A,20.14
YBR099C,20.38
YJR095W,20.38
YNL067W-B,20.4
YLR066W,20.46
YBR282W,20.53
YOL086C,20.59
YGR269W,20.59
YHR070C-A,20.6
YCL056C,20.63
YEL048C,20.66
YHR214W,20.72
YAR066W,20.72
YBR070C,20.72
YMR303C,20.74
YOL080C,20.74
YDR454C,20.74
YIL027C,20.78
YGR282C,20.82
YBR242W,20.86
YNR026C,20.88
YGL103W,20.88
YJL062W-A,20.9
YPL163C,20.9
YKL170W,21.06
YDR453C,21.13
YDR302W,21.23
YOL067C,21.31
YPR116W,21.32
YEL059C-A,21.34
YJR105W,21.36
YGL072C,21.43
YGL226C-A,21.46
YHR210C,21.46
YOR394W,21.49
YPL282C,21.49
YBR029C,21.5
YDR406W-A,21.58
YOR063W,21.58
YPL261C,21.63
YGL210W,21.69
YMR119W-A,21.72
YPR027C,21.76
YLR163W-A,21.76
YAL065C,21.77
YKL056C,21.82
YIL176C,21.84
YJL223C,21.84
YDR471W,21.85
YMR315W,21.97
YOR011W-A,22.14
YHR087W,22.16
YOR089C,22.19
YOR362C,22.23
YBR196C-B,22.3
YOR179C,22.31
YER067C-A,22.32
YPL170W,22.33
YLR379W,22.33
YOL129W,22.34
YPR147C,22.35
YCR081C-A,22.35
YDR339C,22.43
YGL188C-A,22.47
YKL094W,22.47
YKL046C,22.5
YEL027W,22.54
YEL004W,22.55
YOR079C,22.56
YIL018W,22.74
YFR031C-A,22.74
YDR010C,22.76
YNL133C,22.79
YLR107W,22.79
YLR100W,22.82
YLR303W,22.82
YHR142W,22.87
YJL145W,22.89
YGR215W,22.91
YGL262W,22.94
YCR012W,22.95
YML078W,22.97
YOR020W-A,22.99
YKR012C,23.03
YBR191W-A,23.03
YAL038W,23.07
YCR075C,23.13
YBL068W-A,23.13
YIL020C,23.15
YGR226C,23.18
YGL230C,23.19
YMR150C,23.33
YBR291C,23.36
YGL255W,23.37
YER062C,23.38
YJL077W-B,23.4
YKL216W,23.41
YGR037C,23.41
YOR298C-A,23.42
YLR070C,23.42
YDR533C,23.44
YGR144W,23.45
YBR011C,23.49
YFL005W,23.49
YPR166C,23.51
YJR145C,23.54
YHR203C,23.54
YHR069C-A,23.54
YOR157C,23.56
YHR012W,23.57
YBR262C,23.58
YOR235W,23.58
YJR057W,23.61
YPR132W,23.63
YGR118W,23.63
YDR272W,23.66
YGL221C,23.71
YNR074C,23.74
YEL073C,23.84
YER039C,23.85
YDR510C-A,23.85
YAL004W,23.89
YDR357C,23.92
YIR035C,23.93
YIL064W,23.95
YER101C,23.97
YIR015W,23.98
YLR174W,24.02
YPL266W,24.02
YDR298C,24.03
YNL057W,24.03
YOR314W-A,24.1
YOR246C,24.17
YJL203W,24.18
YML086C,24.19
YJL067W,24.24
YGR122C-A,24.25
YOR034C-A,24.25
YCR072C,24.26
YCR082W,24.26
YMR225C,24.29
YMR013C-A,24.36
YER073W,24.36
YCR104W,24.36
YLR111W,24.38
YMR034C,24.38
YNR034W-A,24.42
YJL091C,24.46
YAL062W,24.46
YAR023C,24.47
YER055C,24.48
YOL149W,24.51
YHL018W,24.54
YGR227C-A,24.54
YJR104C,24.54
YPL206C,24.61
YGR270C-A,24.63
YIL134W,24.68
YKL122C,24.69
YBR111W-A,24.76
YAR070C,24.79
YPL279C,24.81
YNR071C,24.82
YLR008C,24.83
YIL100W,24.83
YLR110C,24.89
YOL099C,24.99
YHR046C,25.02
YMR325W,25.04
YDL025W-A,25.04
YFL048C,25.04
YGL085W,25.05
YDR139C,25.08
YKL190W,25.1
YPL095C,25.14
YGL004C,25.15
YMR116C,25.15
YOR369C,25.18
YJR014W,25.19
YOR222W,25.21
YNL129W,25.22
YOR383C,25.25
YBR143C,25.26
YHR214C-E,25.28
YMR304C-A,25.28
YPL035C,25.29
YDL135C,25.3
YKL210W,25.31
YJR022W,25.32
YER031C,25.33
YMR307W,25.34
YLR170C,25.39
YGL132W,25.39
YOR390W,25.4
YJR159W,25.42
YGL157W,25.42
YDL055C,25.42
YMR030W-A,25.43
YMR226C,25.44
YOL066C,25.45
YML022W,25.45
YEL011W,25.48
YLL056C,25.48
YIL014C-A,25.49
YLR154C,25.49
YBR244W,25.49
YNL013C,25.54
YNL134C,25.58
YLR304C,25.61
YDL246C,25.63
YNL322C,25.64
YOR108C-A,25.65
YOR008W-B,25.68
YOR094W,25.69
YKL212W,25.79
YOR013W,25.8
YNR062C,25.81
YIR032C,25.82
YLR034C,25.82
YCR085W,25.83
YNL281W,25.84
YOR305W,25.86
YER023W,25.87
YNL093W,25.9
YMR238W,25.92
YML131W,25.93
YEL020W-A,25.93
YCR036W,25.93
YBL030C,25.94
YPR192W,25.97
YHR121W,25.97
YMR062C,25.99
YMR058W,26.04
YKL018W,26.06
YEL072W,26.09
YNL024C,26.1
YPL086C,26.1
YPR103W,26.12
YMR097C,26.12
YGR204C-A,26.13
YOR225W,26.13
YGR183C,26.13
YFR049W,26.13
YDR018C,26.13
YJL213W,26.14
YPL154C,26.15
YOL042W,26.15
YHL036W,26.16
YOR388C,26.16
YPR069C,26.16
YNR050C,26.19
YMR314W,26.2
YJR013W,26.21
YIL162W,26.21
YIR024C,26.27
YPR126C,26.28
YPR193C,26.29
YOL127W,26.29
YDR300C,26.3
YHR198C,26.31
YDR281C,26.38
YCR098C,26.44
YIL086C,26.44
YLR159C-A,26.46
YLR157C-C,26.46
YLR156C-A,26.46
YLR154C-H,26.46
YML092C,26.47
YDR032C,26.49
YGL030W,26.5
YGL225W,26.52
YEL018W,26.52
YFL014W,26.53
YBR129C,26.55
YIR041W,26.6
YNL185C,26.62
YJL217W,26.62
YJR144W,26.63
YHR029C,26.64
YKR038C,26.64
YBL036C,26.65
YNL111C,26.65
YER060W,26.66
YNL145W,26.67
YMR083W,26.68
YDL059C,26.68
YCR043C,26.69
YJL182C,26.71
YFL041W-A,26.72
YJL034W,26.72
YJL052W,26.72
YGL054C,26.73
YGR232W,26.75
YLR216C,26.76
YNL338W,26.77
YDR209C,26.77
YJR051W,26.77
Q0060,26.79
YCL058C,26.79
YEL006W,26.79
YOR364W,26.8
YML055W,26.81
YIL053W,26.83
YIL089W,26.83
YPL127C,26.83
YNR001C,26.84
YJL159W,26.85
YEL064C,26.85
YGL078C,26.87
YPL244C,26.87
YML077W,26.9
YGR192C,26.92
YGR102C,26.93
YGR027C,26.94
YLR333C,26.94
YCR041W,26.95
YJR148W,26.96
YKL224C,26.97
YFL028C,26.98
YPL087W,26.98
YGL037C,26.99
YFR010W-A,27.0
YLR423C,27.0
YJL035C,27.02
YBR088C,27.03
YML067C,27.03
YHR041C,27.06
YIL116W,27.09
YBR019C,27.09
YLR058C,27.12
YML070W,27.12
YOL119C,27.12
YKR070W,27.15
YDL168W,27.17
YBR196C,27.18
YLR043C,27.19
YPL038W-A,27.19
YFR050C,27.2
YGR209C,27.2
YNL044W,27.21
YKL114C,27.21
YGL154C,27.23
YDR426C,27.23
YMR105C,27.27
YOR034C,27.27
YEL046C,27.29
YNL142W,27.3
YDL128W,27.3
YMR130W,27.33
YER066W,27.34
YLR167W,27.35
YBR182C-A,27.36
YLR356W,27.36
YPR138C,27.39
YDL047W,27.42
YLL033W,27.42
YLR374C,27.44
YNL066W,27.45
YHR008C,27.45
YCR028C-A,27.47
YLR448W,27.47
YOR387C,27.47
YBR160W,27.48
YFR009W-A,27.53
YJL041W,27.55
YNL330C,27.56
YJL200C,27.57
YGL258W,27.58
YDL174C,27.59
YIL102C,27.59
YGR243W,27.6
YHR215W,27.61
YGL065C,27.63
YLR165C,27.64
YIL111W,27.64
YMR217W,27.66
YIL046W-A,27.66
YDR417C,27.67
YPL262W,27.67
YER137C,27.68
YLR437C-A,27.7
YDL096C,27.71
YGL137W,27.71
YFL067W,27.71
YOL058W,27.72
Q0045,27.72
YFL015W-A,27.73
YLR289W,27.74
YNL259C,27.74
YNL339W-A,27.77
YGR296C-A,27.77
YCL065W,27.77
YER190C-A,27.77
YML133W-A,27.77
YPL283W-A,27.77
YGR208W,27.78
YKR039W,27.79
YDR363W-A,27.82
YLR242C,27.82
YNL003C,27.85
YER014W,27.85
YMR158C-A,27.85
YFR055W,27.85
YPL061W,27.86
YGR007W,27.87
YGR287C,27.89
YBR052C,27.89
YDR117C,27.91
YMR247W-A,27.92
YLR378C,27.94
YLR208W,27.96
YIL057C,27.97
YMR090W,28.0
YPL200W,28.0
YGL032C,28.0
YHR173C,28.04
YPL134C,28.04
YPR139C,28.04
YGL074C,28.04
YCL038C,28.05
YLR160C,28.05
YLR158C,28.05
YGL205W,28.05
YLR157C,28.05
YLR155C,28.05
YHR110W,28.06
YAL064W-B,28.09
YMR074C,28.1
YOR311C,28.1
YHR127W,28.11
YIL012W,28.11
YHR130C,28.11
YNL067W,28.12
YPR182W,28.13
YLL025W,28.14
YLR037C,28.14
YOL055C,28.16
YDR320W-B,28.18
YMR290W-A,28.19
YMR008C,28.19
YOR323C,28.21
YHR126C,28.21
YDL198C,28.22
YPR086W,28.22
YDR487C,28.23
YJL220W,28.26
YIL171W-A,28.26
YLR299W,28.26
YLR065C,28.3
YAR071W,28.3
YLR113W,28.32
YJL030W,28.32
YHR064C,28.33
YKL096C-B,28.33
YOR061W,28.33
YMR146C,28.34
YAL053W,28.36
YER163C,28.37
YBR115C,28.38
YPR191W,28.39
YGR155W,28.39
YDR427W,28.4
YOR190W,28.42
YJL038C,28.42
YAR007C,28.43
YCL001W-B,28.45
YBR234C,28.46
YOR142W,28.49
YKL033W-A,28.5
YJL117W,28.51
YJL178C,28.52
YKL156C-A,28.52
YKL103C,28.54
YOR059C,28.54
YPL246C,28.55
YEL034C-A,28.56
YPL028W,28.56
YLR237W,28.57
YBL001C,28.57
YDL069C,28.59
YMR122W-A,28.6
YMR301C,28.61
YHR182C-A,28.62
YCL001W-A,28.62
YOR269W,28.64
YDR142C,28.64
YPL111W,28.65
YML073C,28.68
YBR103W,28.69
YDR536W,28.69
YGL039W,28.69
YMR300C,28.71
YOR086C,28.72
YGL080W,28.75
YDR355C,28.76
YKL058W,28.79
YJR009C,28.79
YGL129C,28.8
YPL214C,28.81
YLR126C,28.84
YHR039C-A,28.84
YJL111W,28.86
YOR375C,28.86
YMR286W,28.88
YBL070C,28.89
YMR236W,28.89
YDR476C,28.92
YOR247W,28.93
YMR071C,28.93
YCR007C,28.94
YPL142C,28.98
YGR055W,28.98
YDR035W,29.02
YBR283C,29.03
YER057C,29.03
YKL164C,29.06
YDR264C,29.06
YBR037C,29.07
YGR236C,29.08
YBL041W,29.08
YNR027W,29.08
YDL159C-B,29.08
YBR145W,29.12
YOR325W,29.13
YDR371C-A,29.13
YKL184W,29.13
Q0085,29.15
YKL068W,29.15
YDL011C,29.17
YKR066C,29.17
YJR047C,29.19
YNL323W,29.21
YEL034W,29.22
YLL053C,29.23
YLR344W,29.24
YGR034W,29.24
YCR021C,29.25
YPR118W,29.25
YOR159C,29.25
YML018C,29.26
YLR348C,29.28
YMR209C,29.28
YNL037C,29.29
YOL083C-A,29.33
YJR048W,29.34
YPL173W,29.35
YKL080W,29.35
YBR046C,29.37
YDR079W,29.38
YGL106W,29.38
YDL041W,29.41
YFL022C,29.41
YHR174W,29.45
YOR317W,29.46
YMR310C,29.47
YPL122C,29.48
YER122C,29.49
YJL186W,29.5
YOR271C,29.51
YML038C,29.51
YMR177W,29.51
YLR118C,29.54
YIL098C,29.54
YER099C,29.56
YJR008W,29.57
YJR068W,29.57
YBL075C,29.57
YDR267C,29.57
YML028W,29.57
YNL135C,29.58
YPL048W,29.59
YJL116C,29.59
YAL037C-B,29.62
YLR220W,29.63
YHR079C-A,29.64
YIR042C,29.65
YMR251W,29.65
YLR148W,29.67
YNR073C,29.67
YLR316C,29.67
YEL070W,29.67
YBR261C,29.71
YHR100C,29.72
YGR210C,29.72
YKL163W,29.73
YER085C,29.75
YNL220W,29.76
YJR116W,29.76
YOL077W-A,29.76
YDR193W,29.76
YLL031C,29.77
YER072W,29.79
YML017W,29.79
YBL050W,29.81
YKL150W,29.81
YNL146C-A,29.81
YMR025W,29.83
YBR026C,29.83
YHR207C,29.84
YGR105W,29.85
YBR015C,29.85
YGR292W,29.86
YDR470C,29.87
YIL024C,29.88
YMR027W,29.88
YER107W-A,29.88
YOR149C,29.91
YKL151C,29.91
YLR209C,29.91
YCR015C,29.93
YDR368W,29.93
YML008C,29.97
YBR006W,29.98
YDL040C,29.98
YDL240C-A,29.99
YNR060W,29.99
YBR299W,30.0
YGR201C,30.02
YOR143C,30.02
YMR279C,30.02
YPL091W,30.03
YDR256C,30.03
YMR178W,30.04
YDR399W,30.04
YKL220C,30.05
YIL039W,30.05
YPL065W,30.05
YKR013W,30.06
YPL273W,30.07
YGL200C,30.08
YDR411C,30.08
YER056C,30.09
YMR011W,30.09
YLR355C,30.09
YER060W-A,30.1
YPR176C,30.1
YLR301W,30.11
YLL039C,30.11
YAR050W,30.11
YJR064W,30.12
YOR103C,30.12
YOL073C,30.13
YJR112W-A,30.13
YHR093W,30.14
YLR354C,30.15
YDR506C,30.16
YIL040W,30.17
YOR335C,30.17
YOL020W,30.17
YDL009C,30.18
YDR090C,30.18
YHR138C,30.19
YER023C-A,30.2
YBL042C,30.2
YPR080W,30.21
YBR118W,30.21
YKL157W,30.21
YHR179W,30.21
YGL117W,30.22
YML066C,30.22
YNL275W,30.23
YDR144C,30.24
YGR087C,30.24
YGR012W,30.25
YPR011C,30.25
YLR134W,30.25
YAL012W,30.26
YOL064C,30.28
YBL038W,30.28
YIL088C,30.29
YML106W,30.29
YLR194C,30.29
YDR252W,30.29
YOR164C,30.3
YEL029C,30.31
YDL100C,30.32
YMR202W,30.33
YLR041W,30.33
YGR276C,30.36
YNL087W,30.37
YMR241W,30.38
YGR135W,30.38
YJL079C,30.39
YGL026C,30.39
YFR011C,30.39
YBR187W,30.4
YDR270W,30.43
YCR079W,30.43
YJL104W,30.43
YIL094C,30.44
YMR099C,30.46
YGR185C,30.46
YNR030W,30.46
YPR203W,30.47
YKL213C,30.47
YOR270C,30.48
YOL150C,30.51
YIL156W-B,30.51
YNL286W,30.52
YBR107C,30.52
YPR198W,30.52
YOL008W,30.52
YMR169C,30.53
YLR090W,30.54
YBR288C,30.55
YJL180C,30.56
YBR092C,30.58
YFL011W,30.58
YLR044C,30.59
YDR033W,30.59
YLL066W-B,30.59
YKL067W,30.61
YGL247W,30.61
YDR419W,30.61
YPR002W,30.62
YIR037W,30.63
YFR035C,30.66
YDL235C,30.66
YDL126C,30.67
YBR077C,30.68
YBL048W,30.68
YDR400W,30.69
YKL069W,30.69
Q0050,30.69
YBL045C,30.7
YGR036C,30.71
YJL195C,30.72
YKL119C,30.72
YMR246W,30.73
YDL022W,30.73
YGL147C,30.76
YML009W-B,30.78
YLR284C,30.78
YDL078C,30.78
YKL035W,30.8
YOR072W-B,30.83
YFL038C,30.83
YLR412C-A,30.84
YCR063W,30.86
YKR076W,30.87
YGR123C,30.87
YPL024W,30.88
YOR095C,30.88
YKL027W,30.88
YLR027C,30.89
YEL063C,30.9
YCR025C,30.92
YJR040W,30.92
YGR033C,30.93
YCR034W,30.93
YPR074C,30.94
YDL110C,30.94
YKR009C,30.94
YJR004C,30.95
YDR078C,30.95
YBR162W-A,30.96
YJL132W,30.96
YOR097C,30.96
YOR133W,30.98
YJL196C,30.98
YDR385W,30.98
YOR379C,30.98
YPL224C,30.99
YOR187W,30.99
YPR020W,31.02
YIR022W,31.06
YJR055W,31.08
YBR104W,31.08
YGR220C,31.08
YBR222C,31.08
YKL096W-A,31.08
YDR236C,31.09
YJR085C,31.09
YHL022C,31.09
YPL199C,31.11
YHR076W,31.11
YDL121C,31.11
YPR170W-B,31.12
YCR083W,31.12
YIL008W,31.13
YPR061C,31.14
YMR321C,31.14
YPL080C,31.14
YML085C,31.16
YGR046W,31.16
YGR254W,31.16
Q0055,31.17
YDR261C,31.17
YPL025C,31.17
YJR069C,31.18
YBR220C,31.18
YEL028W,31.18
YOR374W,31.19
YNR064C,31.19
YBR271W,31.19
YLR432W,31.19
YOR003W,31.19
YDR279W,31.21
YHL049C,31.22
YCR069W,31.24
YPL220W,31.25
YGL135W,31.25
YML021C,31.26
YJL158C,31.26
YLR052W,31.27
YBR093C,31.28
YNL239W,31.29
YNL319W,31.29
YGL172W,31.31
YOL002C,31.31
YBL033C,31.31
YOR192C,31.32
YHR137C-A,31.32
YCL069W,31.33
YNL125C,31.33
YER090C-A,31.34
YPR187W,31.34
YAR075W,31.34
YGL245W,31.35
YLR097C,31.37
YLR287C-A,31.38
YOR182C,31.38
YNL310C,31.38
YPR004C,31.39
YBR221C,31.39
YHR085W,31.39
YLR388W,31.39
YGR193C,31.4
YFL053W,31.4
YOR049C,31.41
YKR079C,31.42
YPR108W,31.43
YKL218C,31.43
YHR075C,31.44
YER069W,31.45
YDR100W,31.46
YML056C,31.46
YAL058W,31.46
YLR249W,31.47
YCR005C,31.48
YGL022W,31.48
YLL061W,31.49
YBR056W,31.5
YMR208W,31.51
YDR438W,31.52
YGR117C,31.52
YIL037C,31.53
YOL023W,31.54
YAR073W,31.54
YAL020C,31.54
YNR032C-A,31.54
YDR534C,31.54
YOR331C,31.55
YGR088W,31.56
YJL047C-A,31.56
YPL029W,31.58
YPR194C,31.58
YNL252C,31.59
YCR053W,31.6
YNL033W,31.61
YDL218W,31.61
YJL133W,31.62
YCR017C,31.62
YCL066W,31.64
YOR065W,31.64
YCR040W,31.64
YNL019C,31.65
YBR230W-A,31.67
YHL016C,31.68
YIL058W,31.69
YBL091C-A,31.7
YJR121W,31.7
YNL280C,31.71
YPL201C,31.72
YJL221C,31.72
YIL172C,31.72
YLL046C,31.73
YDR222W,31.73
YML084W,31.74
YGL184C,31.75
YLR338W,31.75
YMR015C,31.76
YIR020W-A,31.76
YOR303W,31.76
YNR048W,31.77
YLR108C,31.77
YOR356W,31.77
YAL001C,31.78
YHR216W,31.78
YHR208W,31.78
YHR045W,31.78
YGR205W,31.78
YOR130C,31.79
YDL114W-A,31.79
YBR169C,31.8
YOR071C,31.8
YHR049W,31.81
YGR008C,31.81
YLR225C,31.81
YDR287W,31.82
YGR085C,31.82
YPR102C,31.82
YMR105W-A,31.83
YJR077C,31.84
YPL277C,31.85
YLR307W,31.86
YKL215C,31.87
YLR084C,31.88
YER117W,31.88
YBL087C,31.88
YML126C,31.88
Q0275,31.89
YDR513W,31.89
YKL060C,31.89
YOL157C,31.9
YNR055C,31.9
YAL005C,31.9
YLR153C,31.91
YGR096W,31.92
YDL200C,31.93
YBR134W,31.94
YGL053W,31.94
YFL049W,31.95
YDL145C,31.95
YLR083C,31.95
YER179W,31.95
YAR002C-A,31.96
YKL169C,31.96
YLR444C,31.96
YHL015W-A,31.97
YPR096C,31.98
YGR202C,31.99
YOL048C,31.99
YDL238C,31.99
YEL024W,32.0
YDR327W,32.01
YJR065C,32.01
YNR002C,32.02
YKR052C,32.02
YER050C,32.03
YOR378W,32.03
YOR310C,32.03
YLL047W,32.04
YKL127W,32.04
YLR001C,32.04
YBR210W,32.06
YHR104W,32.07
YER187W,32.07
YIL029C,32.08
YBR125C,32.09
YDR367W,32.1
YEL060C,32.1
YGL105W,32.11
YOL032W,32.12
YDR531W,32.13
YAR027W,32.13
YAL063C,32.14
YGL115W,32.15
YDR105C,32.16
YAR053W,32.16
YLR252W,32.16
YNL048W,32.16
YML124C,32.17
YMR289W,32.17
YOR046C,32.2
YKL221W,32.2
YHR143W-A,32.2
YDR127W,32.21
YDL171C,32.21
YGL055W,32.21
YLL024C,32.21
YDR232W,32.22
YHR086W,32.22
YPL109C,32.23
YCL036W,32.23
YGR279C,32.23
YML128C,32.25
YML116W,32.25
YOL159C,32.25
YJL087C,32.25
YBR195C,32.26
YKL144C,32.26
YOR391C,32.27
YCR100C,32.27
YOR136W,32.28
YNR036C,32.29
YLR197W,32.3
YLR042C,32.31
YGR175C,32.31
YOL134C,32.31
YPL280W,32.32
YPR012W,32.32
YOL140W,32.33
YPL005W,32.35
YGR043C,32.36
YHR065C,32.36
YNL083W,32.36
YFL065C,32.36
YOR067C,32.37
YJL060W,32.37
YFR044C,32.39
YKR042W,32.4
YPR073C,32.4
YBL086C,32.41
YDR012W,32.42
YPR006C,32.43
YDL125C,32.47
YPR033C,32.47
YMR052C-A,32.48
YCR102W-A,32.49
YBR177C,32.51
YJL008C,32.51
YKR094C,32.52
YIL148W,32.52
YOR365C,32.53
YPR127W,32.53
YKR095W-A,32.54
YGL186C,32.54
YGR095C,32.54
YBL040C,32.56
YFL018C,32.57
YIL090W,32.57
YJR032W,32.57
YMR205C,32.58
YNL001W,32.58
YMR134W,32.6
YHR028C,32.6
YCL018W,32.6
YDL084W,32.6
YBR078W,32.61
YKR105C,32.62
YHL011C,32.62
YFR038W,32.63
YGL258W-A,32.64
YDL188C,32.64
YLR308W,32.64
YOR024W,32.65
YML054C-A,32.66
YCR075W-A,32.66
YKR082W,32.66
YER044C,32.67
YJL179W,32.68
YNL090W,32.69
YER088W-B,32.69
YOR226C,32.71
YER079C-A,32.72
YDL182W,32.73
YCR010C,32.73
YPR028W,32.73
YGL009C,32.73
YPR034W,32.74
YLR188W,32.74
YGR260W,32.74
YHR133C,32.74
YAL061W,32.75
YGL101W,32.76
YDR258C,32.76
YLR168C,32.78
YBL113C,32.78
YOR389W,32.78
YGL145W,32.78
YER009W,32.79
YKL085W,32.79
YLR460C,32.81
YDL185W,32.81
YHR213W-A,32.81
YPL007C,32.81
YPL211W,32.82
YOR145C,32.83
YDL066W,32.85
YMR291W,32.86
YLR193C,32.86
YBR227C,32.87
YML047C,32.89
YCR105W,32.89
YMR271C,32.89
YKL182W,32.89
YJR149W,32.89
YIL165C,32.9
YLR405W,32.9
YIR036C,32.92
YKL077W,32.93
YKL187C,32.93
YOR234C,32.94
YPL143W,32.94
YBR031W,32.95
YEL041W,32.96
YBR120C,32.97
YPL227C,32.97
YBR243C,32.97
YPL151C,32.98
YGL097W,32.98
YCR001W,32.98
YCR020C,32.99
YNL010W,33.0
YJL183W,33.0
YOR120W,33.0
YDR341C,33.0
YIL155C,33.03
YBR032W,33.03
YPR051W,33.03
YLR325C,33.03
YBR273C,33.04
YML063W,33.06
YML087C,33.08
YHR175W-A,33.09
YKL115C,33.11
Q0017,33.11
YEL058W,33.12
YMR267W,33.12
YBL091C,33.13
YHR033W,33.14
YGL242C,33.14
YLR415C,33.14
YEL052W,33.15
YIL134C-A,33.15
YGR148C,33.15
YHR115C,33.17
YLR462W,33.18
YCR024C-B,33.19
YLL058W,33.2
YCR050C,33.2
YGL001C,33.2
YBL074C,33.21
YPR157W,33.24
YMR305C,33.25
YLR076C,33.25
YIL028W,33.25
YMR113W,33.26
YNR032W,33.27
YDL049C,33.28
YNL217W,33.28
YOL057W,33.28
YIL075C,33.28
YAL007C,33.28
YDR051C,33.29
YER004W,33.3
YAL042W,33.3
YOR286W,33.31
YMR322C,33.31
YGR019W,33.32
YMR152W,33.34
YLL051C,33.35
YLR441C,33.36
YGR262C,33.36
YEL054C,33.36
YDR418W,33.36
YHR183W,33.36
YFL012W-A,33.37
YBR035C,33.38
YDR248C,33.38
YIL009W,33.38
YAL008W,33.4
YDL134C,33.4
YCR097W-A,33.4
YKL197C,33.41
YPL126W,33.41
YNL128W,33.42
YHR068W,33.42
YAR064W,33.42
YFL037W,33.43
YMR224C,33.43
YER103W,33.43
YJR062C,33.43
YNL241C,33.44
YDR380W,33.45
YHR132C,33.45
YHR071C-A,33.45
YDR156W,33.45
YER091C,33.46
YLR007W,33.46
YPL102C,33.46
YJL086C,33.46
YCR060W,33.47
YGR073C,33.47
YJL153C,33.47
YML072C,33.48
YDR183W,33.49
YDR538W,33.49
YBR127C,33.49
YHR128W,33.49
YDL104C,33.5
YLR048W,33.5
YGR280C,33.51
YDR315C,33.51
YHL040C,33.52
YJL222W,33.52
YPL117C,33.52
YIL173W,33.52
YHL047C,33.53
YJR158W,33.53
YLR293C,33.53
YAR019W-A,33.53
YER007C-A,33.54
YFL017W-A,33.55
YLR124W,33.56
YBR213W,33.57
YJL046W,33.61
YMR318C,33.61
YGR191W,33.61
YIL021W,33.61
YML130C,33.62
YFR015C,33.63
YHR038W,33.63
YHR042W,33.64
YDL213C,33.64
YDR107C,33.64
YLR004C,33.65
YEL053W-A,33.65
YDL160C-A,33.65
YGL062W,33.66
YGL234W,33.66
YHR205W,33.67
YIL054W,33.67
YOR202W,33.67
YDL141W,33.67
YCR102C,33.68
YBR042C,33.68
YBR068C,33.68
YOL158C,33.68
YJR143C,33.68
YDR057W,33.69
YKL066W,33.69
YIL067C,33.7
YGR204W,33.7
YLR180W,33.71
YDL212W,33.72
YGL008C,33.73
YPL268W,33.73
YLR389C,33.75
YKR036C,33.75
YDR504C,33.76
YLL062C,33.77
YGL047W,33.77
YGR172C,33.77
YGR174W-A,33.77
YDL131W,33.78
YIL142C-A,33.78
YDR481C,33.78
YOR258W,33.79
YNL014W,33.8
YLR339C,33.81
YPR047W,33.81
YPL259C,33.81
YER124C,33.81
YHL033C,33.82
YEL030W,33.82
YDL045C,33.83
YDR340W,33.84
YGR157W,33.84
YMR118C,33.85
YBL015W,33.86
YBR192W,33.86
YER061C,33.86
YCL017C,33.89
YDR402C,33.9
YPL222W,33.91
YNL055C,33.92
YDR046C,33.93
YKL152C,33.94
YDL036C,33.94
YOR294W,33.94
YIR028W,33.95
YIL035C,33.95
YPL162C,33.95
YOR280C,33.96
YMR307C-A,33.96
YLR109W,33.98
YOL147C,33.99
YOR215C,34.0
YLR217W,34.01
YBR218C,34.01
YER052C,34.01
YDR354W,34.01
YER150W,34.02
YLR179C,34.02
YJL062W,34.03
YGL076C,34.03
YDR304C,34.03
YLR418C,34.04
YDR226W,34.04
YBL068W,34.05
YBR204C,34.05
YGR240C,34.06
YEL055C,34.07
YMR278W,34.07
YDL241W,34.07
YCR013C,34.08
YBR293W,34.08
YOR347C,34.09
YDR040C,34.09
YJL161W,34.09
YOR100C,34.1
YDL215C,34.1
YPL265W,34.1
YNL268W,34.1
YNR015W,34.1
YNL332W,34.1
YIR039C,34.1
YBR121C,34.11
YJR138W,34.12
YGR289C,34.12
YJR054W,34.13
YOL156W,34.13
YLR218C,34.13
YFL034C-A,34.13
YNL182C,34.13
YCL045C,34.16
YNL064C,34.16
YOL107W,34.16
YIL076W,34.17
YLR385C,34.17
YIR020C-B,34.18
YKL166C,34.18
YOR060C,34.18
YKR084C,34.19
YEL039C,34.19
YPL183C,34.19
YDL204W,34.19
YER170W,34.21
YCL057W,34.22
YLR213C,34.23
YDR467C,34.23
YMR266W,34.23
YBR296C,34.23
YPL042C,34.24
YIL160C,34.24
YHR089C,34.25
YBL099W,34.25
YGL148W,34.25
YDR345C,34.25
YKR080W,34.25
YDL192W,34.26
YKL003C,34.26
YDL222C,34.26
YOL049W,34.26
YLR173W,34.26
YHR153C,34.27
YCR073W-A,34.28
YER065C,34.29
YGR257C,34.3
YPR021C,34.3
YPL171C,34.3
YOL137W,34.31
YLR068W,34.31
YGL104C,34.31
YLR130C,34.32
YGL224C,34.32
YLR036C,34.33
YJL216C,34.33
YLR372W,34.33
YLL029W,34.34
YPR066W,34.34
YDR403W,34.35
YLR264W,34.35
YIL043C,34.35
YLR377C,34.36
YPR170W-A,34.36
YBR126C,34.37
YER026C,34.37
YMR006C,34.37
YDR205W,34.38
YBR039W,34.38
YNL035C,34.39
YPR114W,34.4
YGR089W,34.41
YOL061W,34.41
YGL177W,34.41
YMR010W,34.41
YPR098C,34.43
Q0065,34.43
YAL034W-A,34.43
YKL021C,34.43
YKR056W,34.43
YEL047C,34.44
YAL054C,34.44
YDL236W,34.45
YOL028C,34.46
YOL097C,34.47
YOR101W,34.47
YNL318C,34.47
YIR034C,34.47
YPL036W,34.48
YGL111W,34.49
YMR212C,34.49
YBR149W,34.49
YNL160W,34.5
YIR029W,34.5
YOR168W,34.5
YGL156W,34.5
YJL044C,34.51
YKL131W,34.51
YDR373W,34.52
YFR041C,34.52
YIL145C,34.52
YDR082W,34.52
YDL244W,34.52
YER035W,34.53
YJL012C,34.54
YCL047C,34.55
YBR286W,34.55
YPL147W,34.55
YMR253C,34.55
YHR027C,34.55
YOL154W,34.56
YER128W,34.56
YDL245C,34.57
YMR323W,34.57
YOR251C,34.57
YPL018W,34.58
YPL258C,34.58
YBR269C,34.58
YPR173C,34.59
YIL097W,34.6
YFL016C,34.6
YJR016C,34.6
YGR256W,34.61
YLR363W-A,34.62
YKL134C,34.63
YOL155W-A,34.63
YDR379C-A,34.63
YJR045C,34.63
YER094C,34.64
YNL006W,34.65
YMR080C,34.65
YBR166C,34.65
YOL125W,34.65
YBR253W,34.66
YGR173W,34.66
YBR188C,34.66
YDR058C,34.67
YDL111C,34.68
YGL194C-A,34.68
YDL237W,34.68
YFL060C,34.68
YAL059W,34.68
YAL064C-A,34.68
YDL086W,34.7
YLL045C,34.72
YNL146W,34.72
YOR297C,34.73
YAR015W,34.74
YJL174W,34.74
YKR053C,34.74
YBL039C,34.76
YLL006W-A,34.76
YPR172W,34.76
YHL017W,34.77
YFL055W,34.77
YMR203W,34.77
YBR263W,34.77
Q0110,34.78
YGL213C,34.78
YNL279W,34.78
YJL094C,34.79
YCL040W,34.79
YBL018C,34.8
YBL076C,34.8
YBR249C,34.81
YIL142W,34.81
YKL076C,34.81
YML110C,34.82
YMR075C-A,34.82
YDR042C,34.83
YFL030W,34.83
YKR062W,34.83
YIL001W,34.86
YBL106C,34.86
YDR140W,34.86
YIL002W-A,34.87
YOL151W,34.87
YBL020W,34.87
YHR129C,34.88
YKR030W,34.88
YLL063C,34.88
YFL058W,34.89
YIL157C,34.9
YNL155W,34.9
YDR184C,34.91
YHR094C,34.91
YFL017C,34.92
YNL123W,34.93
YNL178W,34.93
YDR324C,34.94
YPL119C,34.94
YLR092W,34.95
YBL071C-B,34.95
YDR292C,34.95
YLR300W,34.95
YJL089W,34.96
YNL117W,34.96
YIL164C,34.96
YCL025C,34.97
YNL056W,34.98
YMR191W,34.98
YML080W,34.99
YGL259W,35.0
YBR294W,35.0
YIL123W,35.0
YGR158C,35.0
YPR201W,35.01
YOR167C,35.01
YJL047C,35.02
YJL190C,35.02
YGR041W,35.02
YCL031C,35.02
YPR123C,35.02
YHL010C,35.02
YMR170C,35.03
YFR042W,35.03
YPL186C,35.04
YJR049C,35.04
YJR088C,35.04
YDR009W,35.04
YLR121C,35.05
YKL209C,35.05
YIL068C,35.05
YBL096C,35.07
YOR340C,35.07
YPL281C,35.08
YPL207W,35.08
YOR393W,35.08
YJR156C,35.09
YJL172W,35.1
YBL017C,35.1
YBL097W,35.1
YNL328C,35.1
YDR203W,35.1
YLR285C-A,35.11
YJR117W,35.11
YLR239C,35.12
YHL039W,35.12
YMR316C-A,35.13
YGR284C,35.13
YNL109W,35.14
YPL071C,35.14
YOR313C,35.14
YMR053C,35.15
YDR152W,35.15
YJL039C,35.17
YMR319C,35.18
YGL002W,35.18
YBR117C,35.19
YCL012C,35.2
YFR053C,35.2
YMR306W,35.2
YOR274W,35.21
YLR120C,35.22
YDR502C,35.22
YJL210W,35.23
YLR438C-A,35.24
YJL002C,35.24
YOR085W,35.25
YCL002C,35.25
YKL138C,35.25
YDR022C,35.26
YMR046W-A,35.26
YHL012W,35.26
YGR255C,35.26
YDR410C,35.27
YMR127C,35.28
YLR364W,35.28
YNR072W,35.28
YIL023C,35.29
YBR209W,35.29
YMR155W,35.3
YDR118W,35.3
YPR001W,35.31
YJL066C,35.31
YFL064C,35.32
YJL026C-A,35.32
YGL256W,35.32
YKL023C-A,35.32
YIL021C-A,35.33
YKL141W,35.33
YBL019W,35.33
YNL335W,35.35
YFL061W,35.35
YNL122C,35.35
YDR375C,35.36
YMR235C,35.36
YDR056C,35.36
YGR022C,35.36
YPR121W,35.37
YDR039C,35.37
YMR149W,35.38
YOR055W,35.39
YOR122C,35.39
YEL077C,35.39
YJR109C,35.4
YDL017W,35.4
YLR234W,35.41
YBR248C,35.41
YOL095C,35.41
YOR026W,35.42
YMR041C,35.42
YLR420W,35.42
YOL103W,35.43
YEL033W,35.43
YDL024C,35.43
YER051W,35.45
YNL158W,35.46
YDR053W,35.47
YFR020W,35.48
YDR191W,35.49
YOL146W,35.49
YGL241W,35.5
YNR034W,35.5
YAL067C,35.51
YJL219W,35.51
YLR241W,35.51
YJR137C,35.51
YDR263C,35.51
YBR183W,35.52
YOR381W,35.52
YCR057C,35.53
YML120C,35.53
YCR018C-A,35.54
YER078W-A,35.55
YER113C,35.55
YPR160W,35.55
YLR297W,35.55
YFL066C,35.56
YBR036C,35.56
YDR003W-A,35.56
YOR373W,35.56
YER043C,35.56
YDR305C,35.56
YDR242W,35.57
YKL037W,35.57
YMR096W,35.58
YOL075C,35.58
YFR045W,35.58
YNL253W,35.59
YIR021W,35.59
YDL010W,35.6
YJL024C,35.61
YGR147C,35.61
YKL081W,35.61
YBR170C,35.63
YBR163W,35.63
YJR044C,35.63
YDL092W,35.64
YKL039W,35.64
YOR153W,35.64
YOR185C,35.64
YIR031C,35.64
YGR106C,35.64
YML107C,35.65
YAL010C,35.65
YKL111C,35.65
YKL100C,35.65
YGL263W,35.66
YEL031W,35.67
YPR032W,35.67
YGL187C,35.68
YGL012W,35.69
YGL005C,35.69
YIR020C,35.69
YCL064C,35.69
YGR058W,35.69
YNL200C,35.71
YJL192C,35.71
YHR193C,35.71
YMR047C,35.71
YBR025C,35.72
YGL191W,35.72
YMR306C-A,35.73
YGL006W,35.75
YBR084W,35.76
YBR041W,35.77
YBR094W,35.77
YPL069C,35.78
YBR251W,35.78
YIL128W,35.78
YLR287C,35.78
YGL108C,35.78
YML123C,35.79
YJL209W,35.8
YER148W,35.81
YKL106W,35.81
YDR518W,35.81
YPL176C,35.81
YEL001C,35.82
Q0070,35.84
YJL208C,35.84
YBR159W,35.85
YDR021W,35.85
YDR019C,35.85
YGL084C,35.85
YBR175W,35.86
YDR135C,35.88
YKL129C,35.88
YMR065W,35.9
YKL174C,35.9
YNL026W,35.91
YDR055W,35.91
YNL162W,35.92
YHR001W-A,35.92
YFR057W,35.92
YHR141C,35.92
YGL119W,35.92
YGR231C,35.93
YJR108W,35.93
YEL002C,35.93
YMR173W,35.94
YMR263W,35.94
YJL009W,35.95
YJR096W,35.95
YMR035W,35.95
YDR497C,35.95
YNL327W,35.96
YPR140W,35.97
YNL209W,35.98
YJR074W,35.98
YKL095W,35.99
YAL060W,35.99
YGL124C,36.0
YDL217C,36.01
YMR129W,36.01
YJR103W,36.01
YHR163W,36.01
YLR142W,36.02
YOR370C,36.02
YDL229W,36.03
YPR050C,36.03
YNL112W,36.03
YER087C-B,36.03
YAL045C,36.04
YOR184W,36.04
YGR024C,36.04
YDR038C,36.04
YKL120W,36.05
YBL013W,36.05
YNR065C,36.06
YAL036C,36.06
YDR382W,36.06
YDR185C,36.08
YHL044W,36.09
YBR186W,36.09
YMR220W,36.1
YAL026C,36.1
YJL026W,36.1
YBR126W-B,36.1
YGR111W,36.1
YEL020C,36.12
YER017C,36.13
YHR147C,36.13
YPL192C,36.13
YPR024W,36.14
YJR124C,36.14
YHR039C,36.15
YJR123W,36.15
YNL334C,36.15
YBR069C,36.15
YAL022C,36.15
YDL054C,36.16
YGL082W,36.16
YDL138W,36.17
YLR166C,36.18
YLR077W,36.18
YIL083C,36.19
YGR200C,36.19
YCR081W,36.19
YDR214W,36.2
YPR048W,36.21
YMR214W,36.21
YGL232W,36.21
YLR039C,36.21
YFL040W,36.22
YGL155W,36.22
YJR039W,36.22
YLR288C,36.23
YFR009W,36.23
YDR077W,36.23
YML096W,36.24
YPR100W,36.25
YJR073C,36.26
YJL037W,36.27
YML060W,36.27
YDL210W,36.27
YLR250W,36.27
YLR292C,36.28
YGL250W,36.28
YML031W,36.28
YLR419W,36.29
YPR204W,36.29
YDR307W,36.3
YER053C,36.3
YBL069W,36.3
YML032C,36.3
YDL050C,36.3
YGL151W,36.3
YOL096C,36.31
YDR378C,36.31
YML010W,36.31
YEL069C,36.32
YFL002C,36.32
YLR122C,36.32
YOL139C,36.33
YPR016C,36.33
YMR028W,36.35
YEL065W,36.35
YIR004W,36.36
YNL336W,36.38
YBR191W,36.39
YPR128C,36.39
YLR390W,36.4
YJR019C,36.41
YPL198W,36.42
YNL237W,36.43
YPL245W,36.43
YOR266W,36.43
YER185W,36.44
YIL133C,36.44
YBR086C,36.44
YPL045W,36.44
YNL216W,36.45
YDR250C,36.45
YGR141W,36.46
YGL246C,36.48
YMR073C,36.48
YBR109W-A,36.48
YGL087C,36.49
YGR199W,36.5
YGR248W,36.5
YDR514C,36.5
YDR091C,36.5
YCL030C,36.5
YLR367W,36.5
YDL021W,36.51
YML099W-A,36.51
YPR188C,36.51
YDR332W,36.52
YLR150W,36.52
YOR321W,36.52
YJR126C,36.53
YER015W,36.53
YCR064C,36.54
YGR090W,36.55
YFL041W,36.56
YNL266W,36.57
YAR008W,36.57
YMR215W,36.57
YJR131W,36.58
YLR434C,36.58
YGL196W,36.58
YJL167W,36.58
YML026C,36.59
YGL141W,36.59
YDR450W,36.59
YGL202W,36.59
YOL090W,36.6
YPL110C,36.6
YLR050C,36.6
YDL169C,36.6
YPR110C,36.61
YGR021W,36.61
YBR200W,36.62
YBR043C,36.64
YGL036W,36.64
YGL112C,36.64
YJL055W,36.64
YIR014W,36.64
YIR012W,36.64
YER039C-A,36.65
YNL325C,36.68
YFL059W,36.68
YBR216C,36.69
YAR035W,36.69
YGL123W,36.69
YHR211W,36.7
YHR047C,36.7
YGL099W,36.7
YPR131C,36.71
YBR219C,36.71
YIL177C,36.72
YIL044C,36.72
YHR018C,36.72
YGR128C,36.72
YER165C-A,36.73
YKR035W-A,36.73
YGR132C,36.73
YOR040W,36.75
YLR251W,36.75
YDL023C,36.75
YGR099W,36.75
YLR033W,36.76
YBL107C,36.76
YOR298W,36.76
YGL223C,36.77
YBR074W,36.77
YDL014W,36.77
YPL139C,36.78
YLR028C,36.78
YOR243C,36.78
YLR127C,36.79
YER118C,36.79
YDL201W,36.79
YGR124W,36.79
YGL031C,36.79
YBR257W,36.8
YDR189W,36.81
YNL288W,36.81
YJR006W,36.82
YOR166C,36.82
YLR163C,36.82
YEL051W,36.83
YDR342C,36.83
YGR171C,36.83
YPL131W,36.83
YOR285W,36.84
YNL108C,36.84
YLR275W,36.84
YBL002W,36.84
YPL096W,36.85
YDR301W,36.85
YNR019W,36.86
YBL055C,36.86
YOR236W,36.86
YLR305C,36.87
YER016W,36.88
YOR135C,36.88
YML050W,36.9
YKL124W,36.9
YJR072C,36.9
YBR110W,36.9
YNR004W,36.9
YGR234W,36.9
YER086W,36.9
YMR076C,36.91
YIL096C,36.91
YNL291C,36.92
YGR238C,36.93
YJR142W,36.93
YBR241C,36.94
YJR122W,36.94
YNL333W,36.94
YIL166C,36.94
YDR343C,36.95
YPL210C,36.95
YPR149W,36.96
YEL040W,36.96
YMR239C,36.96
YIL125W,36.97
YNR041C,36.97
YGL218W,36.97
YDR218C,36.98
YHR052W,36.98
YMR157C,36.99
YDL026W,36.99
Q0250,36.99
YLR020C,36.99
YJL102W,37.0
YBL064C,37.0
YJL225C,37.0
YLR191W,37.0
YOR229W,37.0
YAL049C,37.01
YFL047W,37.01
YGL194C,37.01
YOR384W,37.02
YBR132C,37.02
YER012W,37.03
YIL102C-A,37.03
YDR347W,37.04
YHR170W,37.04
YMR247C,37.04
YDR404C,37.05
YKL207W,37.05
YHR050W-A,37.06
YDR148C,37.06
YJR063W,37.06
YGR068W-A,37.06
YNL258C,37.07
YBL094C,37.07
YDL202W,37.09
YHR048W,37.09
YGR169C,37.11
YJL068C,37.12
YBR080C,37.12
YPL019C,37.13
YLR061W,37.13
YBR076W,37.13
YGL169W,37.13
YCL058W-A,37.14
YDL180W,37.14
YBR181C,37.15
YCR095W-A,37.15
YDL061C,37.15
YPL090C,37.15
YDR188W,37.17
YER095W,37.17
YDR224C,37.17
YDR111C,37.18
YOR091W,37.19
YHR111W,37.19
YPR091C,37.19
YJL121C,37.2
YJL155C,37.21
YBR208C,37.21
YDR034C-A,37.21
YOL011W,37.22
YJL131C,37.23
YPR059C,37.24
YMR244W,37.24
YDR047W,37.25
YKL145W,37.25
YOR283W,37.25
YPR183W,37.25
YER097W,37.25
YIL004C,37.26
YNL270C,37.27
YCR073C,37.27
YPL013C,37.27
YOL034W,37.27
YLR021W,37.27
YCR028C,37.27
YHR171W,37.28
YNR051C,37.28
YBL028C,37.28
YBR176W,37.28
YAL069W,37.28
YKR074W,37.28
YMR290C,37.28
YJL156C,37.29
YLR067C,37.29
YLR258W,37.29
YKR051W,37.3
YHR192W,37.3
YNR024W,37.3
YER143W,37.31
YDR430C,37.32
YGR163W,37.32
YJL171C,37.32
YLR456W,37.33
YJR152W,37.33
YOL014W,37.34
YHR219W,37.34
YBR264C,37.34
YHR213W-B,37.34
YNL168C,37.34
YKL087C,37.35
YNL247W,37.35
YDR540C,37.35
YNR012W,37.35
YNR010W,37.36
YLL005C,37.36
YPL017C,37.37
YER048C,37.37
YKL193C,37.37
YEL003W,37.38
YIL124W,37.38
YHR134W,37.39
YDR243C,37.39
YGR094W,37.39
YGL020C,37.39
YEL053C,37.4
YLR243W,37.4
YNL115C,37.41
YFL019C,37.41
YLR453C,37.42
YPL223C,37.43
YMR092C,37.44
YOR329W-A,37.44
YNL320W,37.45
YDR311W,37.45
YLR146W-A,37.45
YMR085W,37.45
YOR341W,37.45
YLR075W,37.46
YLL015W,37.46
YMR138W,37.47
YOR348C,37.47
YHR213W,37.47
YDR541C,37.48
YMR125W,37.48
YMR013C,37.48
YHR162W,37.48
YLR080W,37.49
YJL108C,37.49
YMR135C,37.49
YLR286C,37.5
YGR025W,37.5
YLR013W,37.5
YPR202W,37.51
YDR519W,37.51
YPL226W,37.51
YLL067C,37.52
YMR176W,37.53
YPL272C,37.54
YOR361C,37.54
YDL112W,37.54
YMR231W,37.55
YNL042W-B,37.55
YPL031C,37.55
YKL104W-A,37.55
YCR087W,37.56
YLR381W,37.56
YGR197C,37.57
YHR091C,37.57
YBL095W,37.58
YJL006C,37.58
YHR083W,37.58
YML103C,37.58
YGR216C,37.59
YKR034W,37.59
YGR244C,37.59
YJL023C,37.6
YFL026W,37.6
YGR266W,37.6
YIL005W,37.6
YDR508C,37.61
YMR257C,37.61
YLR373C,37.62
YDL133W,37.62
YPR179C,37.64
YKL100W-A,37.64
YMR316C-B,37.64
YDL108W,37.65
YGL077C,37.65
YOL132W,37.66
YNL284C,37.67
YHL014C,37.67
YHR199C,37.67
YJL096W,37.67
YBR020W,37.68
YCR090C,37.68
YFL029C,37.68
YKL075C,37.68
YJL207C,37.68
YBR121C-A,37.68
YDR192C,37.68
YCL005W,37.69
YKR069W,37.69
YPL175W,37.69
YGR166W,37.7
YMR086C-A,37.7
YMR210W,37.7
YFL009W,37.7
YPL106C,37.71
YBR096W,37.71
YIL108W,37.71
YPL274W,37.71
YBR224W,37.71
YOR253W,37.71
YGL229C,37.71
YKL110C,37.71
YMR054W,37.72
YJR107W,37.72
YGL185C,37.73
YLR413W,37.73
YPL123C,37.73
YLR231C,37.74
YNR017W,37.75
YNR070W,37.75
YKR046C,37.76
YMR218C,37.76
YNL143C,37.77
YPL052W,37.78
YLR399W-A,37.78
YDL046W,37.78
YPR044C,37.79
YDR136C,37.79
YGR154C,37.79
YER157W,37.79
YDR362C,37.8
YLL012W,37.8
YJL053W,37.81
YPR043W,37.82
YJR094W-A,37.82
YEL017W,37.82
YDL103C,37.83
YOR125C,37.83
YBR302C,37.83
YML132W,37.83
YPL208W,37.84
YLL006W,37.85
YDR112W,37.86
YOL114C,37.86
YDR278C,37.86
YIL120W,37.86
YHR054C,37.86
YKR081C,37.87
YKR103W,37.87
YKL191W,37.87
YHR113W,37.87
YER087C-A,37.87
YOR180C,37.88
YHR011W,37.88
YGR061C,37.88
YGR122W,37.89
YJR154W,37.89
YGR081C,37.89
YIL006W,37.89
YEL025C,37.91
YNL238W,37.91
YJL045W,37.92
YIR021W-A,37.92
YMR274C,37.93
YDR007W,37.93
YNR057C,37.93
YGL192W,37.93
YBR287W,37.93
YDR137W,37.94
YLR192C,37.94
YPR113W,37.95
YPL113C,37.95
YBR004C,37.95
YBR274W,37.96
YOR241W,37.97
YGR121C,37.97
YML054C,37.98
YGL050W,37.98
YHR154W,37.99
YPR067W,38.0
YFR039C,38.0
YAL034C-B,38.0
YLR438W,38.0
YDL035C,38.01
YGR084C,38.01
YLR369W,38.01
YOR201C,38.02
YLR229C,38.02
YNL105W,38.02
YOR288C,38.02
YGL257C,38.04
YNR056C,38.04
YOL065C,38.04
YBR229C,38.04
YOL035C,38.05
YGR001C,38.05
YDR070C,38.05
YIL014W,38.05
YMR280C,38.06
YHR140W,38.06
YNL263C,38.07
YJR140W-A,38.07
YDL102W,38.07
YOR217W,38.08
YDR129C,38.09
YGR214W,38.1
YNL196C,38.1
YOR108W,38.1
YJR161C,38.11
YJL077W-A,38.11
YBR034C,38.11
YDR336W,38.12
YJR067C,38.12
YDR520C,38.12
YJL078C,38.12
YMR167W,38.12
YLR335W,38.12
YLR195C,38.12
YJL036W,38.13
YKL025C,38.13
YLR322W,38.13
YIL030C,38.14
YJR101W,38.14
YOL045W,38.15
YPL194W,38.15
YNL104C,38.15
YHR201C,38.16
YNL120C,38.16
YAL018C,38.16
YIL163C,38.17
YOR272W,38.17
YLL028W,38.18
YOR150W,38.18
YAL023C,38.19
YML075C,38.19
YEL020C-B,38.19
YOR320C,38.2
YLR147C,38.21
YLR222C,38.21
YMR250W,38.22
YNL191W,38.22
YNL306W,38.23
YOR038C,38.23
YDR384C,38.23
YDR525W-A,38.24
YKL126W,38.24
YDL015C,38.25
YGL138C,38.25
YMR270C,38.25
YGR031W,38.25
YMR020W,38.25
YKL148C,38.26
YBR142W,38.27
YBR047W,38.27
YPR036W,38.27
YNL169C,38.27
YGL011C,38.29
YOR306C,38.29
YNL092W,38.29
YKL154W,38.3
YGR281W,38.3
YDL219W,38.31
YJL074C,38.31
YDR376W,38.31
YHR114W,38.31
YBR205W,38.32
YOR124C,38.33
YCL073C,38.33
YKR032W,38.33
YIR027C,38.33
YMR158W,38.33
YDR319C,38.34
YJL120W,38.34
YER176W,38.34
YHR168W,38.34
YER189W,38.34
YPR058W,38.34
YLR318W,38.35
YDR532C,38.35
YDR268W,38.35
YDL080C,38.35
YER092W,38.35
YEL016C,38.36
YJL188C,38.36
YKL022C,38.36
YBR027C,38.37
YNL290W,38.38
YLL032C,38.38
YKL104C,38.38
YDR381C-A,38.38
YHR144C,38.39
YPL243W,38.4
YMR252C,38.4
YPL088W,38.41
YML133C,38.41
YPR195C,38.41
YCL049C,38.41
YCR054C,38.42
YER156C,38.43
YGR072W,38.45
YOR160W,38.45
YCL023C,38.46
YER182W,38.46
YDL082W,38.47
YPL015C,38.47
YOL050C,38.47
YLR382C,38.48
YGR032W,38.48
YAL048C,38.5
YGL153W,38.51
YNR001W-A,38.52
YGL094C,38.52
YNR003C,38.52
YDL130W,38.52
YOR219C,38.53
YOR368W,38.53
YKR060W,38.53
YML112W,38.53
YLR038C,38.53
YPR169W,38.53
YMR108W,38.54
YOR118W,38.54
YLR227C,38.55
YNL229C,38.55
YPR029C,38.56
YKL074C,38.56
YNL208W,38.56
YHR120W,38.56
YER001W,38.57
YPR068C,38.57
YNL101W,38.58
YDL079C,38.58
YHR191C,38.59
YHR007C,38.59
YDL033C,38.6
YGR177C,38.6
YPR010C,38.6
YDR034C,38.6
YMR142C,38.61
YDL042C,38.61
YDR353W,38.62
YBL088C,38.62
YFR006W,38.62
YML035C,38.63
YNL277W,38.63
YPL235W,38.63
YGR052W,38.63
YFL007W,38.63
YGL139W,38.64
YDR052C,38.64
YLR056W,38.65
YBR002C,38.65
YFR028C,38.66
YLR277C,38.66
YBR201W,38.67
YPL003W,38.68
YHL019C,38.68
YLR201C,38.68
YLR351C,38.68
YHR169W,38.68
YHR050W,38.69
YDL209C,38.7
YIL048W,38.7
YER142C,38.7
YMR033W,38.7
YER141W,38.71
YJR111C,38.71
YJR025C,38.72
YOL087C,38.72
YKR093W,38.73
YIL059C,38.75
YDR331W,38.75
YNL151C,38.75
YGL068W,38.76
YBR023C,38.76
YLL066C,38.76
YBR136W,38.77
YMR111C,38.77
YKL071W,38.77
YHR063W-A,38.77
YER178W,38.77
YLR346C,38.77
YPL257W,38.8
YMR100W,38.8
YKR071C,38.8
YOL084W,38.8
YEL075C,38.8
YMR153C-A,38.81
YMR110C,38.81
YML005W,38.82
YML046W,38.82
YLR412W,38.83
YKR106W,38.83
YDL154W,38.83
YML029W,38.83
YGR131W,38.83
YDL232W,38.84
YGR207C,38.84
YJR079W,38.85
YBL078C,38.85
YLR146C,38.85
YDR160W,38.85
YFR004W,38.85
YNL207W,38.85
YKR043C,38.86
YGL107C,38.86
YNL051W,38.86
YPR165W,38.87
YIL007C,38.88
YBR147W,38.88
YIL063C,38.88
YMR095C,38.89
YNL219C,38.89
YDR199W,38.9
YNL069C,38.9
YPL195W,38.9
YER166W,38.9
YNL199C,38.91
YDR158W,38.91
YLR466W,38.92
YPL008W,38.92
YOR209C,38.92
YKR086W,38.92
YPR045C,38.93
YDR434W,38.93
YCR095C,38.93
YNL262W,38.94
YML108W,38.94
YDR001C,38.94
YPL216W,38.95
YDL094C,38.95
YPR017C,38.96
YFL062W,38.96
YPR170C,38.96
YIL046W,38.97
YJR023C,38.97
YKR008W,38.97
YMR018W,38.97
YMR288W,38.97
YOR386W,38.97
YGR242W,38.98
YDR318W,38.98
YJR100C,38.98
YDR349C,38.98
YOL142W,38.99
YOR292C,39.0
YNL324W,39.0
YCR094W,39.0
YHR218W,39.0
YGR296W,39.01
YOR117W,39.01
YJL166W,39.01
YPL283C,39.01
YNL339C,39.01
YIL002C,39.01
YHR003C,39.01
YOR158W,39.02
YPL231W,39.02
YER100W,39.02
YLR071C,39.03
YBR164C,39.03
YLR064W,39.04
YLR215C,39.04
YMR145C,39.04
YMR262W,39.05
YEL042W,39.05
YBR021W,39.05
YOR254C,39.07
YML020W,39.09
YDR296W,39.09
YER078C,39.09
YDL176W,39.09
YDR179W-A,39.1
YER010C,39.1
YDL185C-A,39.1
YPR145W,39.1
YPR135W,39.11
YER105C,39.11
YCR032W,39.11
YHR096C,39.12
YBR272C,39.12
YMR230W-A,39.13
YDL230W,39.13
YOR252W,39.13
YPR144C,39.14
YJL097W,39.14
YJL184W,39.14
YGL168W,39.14
YNL147W,39.15
YPR052C,39.16
YOR116C,39.16
YGL092W,39.17
YOR328W,39.18
YDR394W,39.18
YJR001W,39.18
YPL001W,39.18
YIR002C,39.18
YIR030C,39.18
YDR530C,39.18
YFL054C,39.19
YDR371W,39.19
YKL112W,39.19
YLR467W,39.2
YML012W,39.2
YNL017C,39.2
YOR396W,39.2
YDR545W,39.2
YNL282W,39.21
YJL130C,39.22
YFL044C,39.22
YOR316C,39.22
YDR297W,39.23
YLR459W,39.23
YKL132C,39.23
YDR080W,39.24
YML034C-A,39.24
YNL264C,39.24
YOR147W,39.24
YBL059W,39.25
YJR003C,39.25
YBL111C,39.25
YMR234W,39.25
YBR235W,39.25
YLR370C,39.25
YDR234W,39.25
YOR099W,39.27
YMR221C,39.28
YOR296W,39.28
YJL212C,39.28
YMR297W,39.28
YHR037W,39.29
YDL159W,39.33
YFR030W,39.33
YBR298C,39.34
YBL065W,39.34
YLR014C,39.34
YDL156W,39.35
YJR119C,39.35
YGR213C,39.35
YDR074W,39.36
YNL011C,39.37
YMR137C,39.38
YOL143C,39.38
YER080W,39.38
YNL065W,39.39
YLR259C,39.39
YNL098C,39.4
YHR015W,39.4
YNL114C,39.4
YPR049C,39.41
YKL014C,39.41
YLR054C,39.41
YLL048C,39.41
YGL052W,39.41
YDR365C,39.42
YBL104C,39.42
YDL107W,39.43
YHR072W,39.43
YOR080W,39.43
YCR004C,39.43
YGL064C,39.44
YBR126W-A,39.45
YGR104C,39.46
YGL102C,39.47
YDR338C,39.47
YOR351C,39.47
YNL235C,39.47
YLL037W,39.47
YJL127C,39.47
YOR152C,39.49
YDL142C,39.49
YDR521W,39.49
YLR452C,39.49
YLR384C,39.5
YBR064W,39.5
YOR027W,39.5
YHL050C,39.5
YBR277C,39.51
YNL038W,39.51
YBL056W,39.51
YNR046W,39.52
YGL253W,39.52
YJL148W,39.52
YOR016C,39.52
YOR250C,39.52
YLR282C,39.53
YKL011C,39.53
YNL223W,39.53
YGL091C,39.53
YOL111C,39.53
YHR031C,39.53
YPL062W,39.53
YGL228W,39.54
YLR087C,39.54
YMR229C,39.54
YOR087W,39.54
YDR011W,39.54
YLR276C,39.55
YHR024C,39.56
YDL065C,39.56
YNR043W,39.56
YLR074C,39.56
YJR041C,39.57
YDL194W,39.57
YOR245C,39.57
YMR304W,39.57
YER079W,39.57
YDL077C,39.58
YGL048C,39.59
YML011C,39.59
YPL169C,39.59
YNL326C,39.59
YJR129C,39.6
YER190W,39.6
YGL204C,39.6
YOR265W,39.6
YPL079W,39.6
YOR110W,39.6
YGR285C,39.61
YDR150W,39.61
YGR227W,39.61
YLR196W,39.62
YBR128C,39.62
YGR275W,39.63
YOR119C,39.63
YBL037W,39.66
YKR024C,39.67
YBR123C,39.67
YOL098C,39.68
YGR184C,39.68
YKR088C,39.69
YOL040C,39.7
YLR154W-B,39.7
YLR063W,39.7
YMR156C,39.71
YNL020C,39.71
YGL025C,39.72
R0020C,39.72
YGL252C,39.72
YOR076C,39.73
YJL163C,39.73
YPR026W,39.73
YKL140W,39.73
YLR152C,39.74
YGL227W,39.74
YPL221W,39.74
YPL232W,39.75
YOL063C,39.76
YGL136C,39.76
YMR287C,39.76
YDR238C,39.76
YJL050W,39.76
YCR096C,39.77
YPR003C,39.77
YHL003C,39.77
YLR015W,39.77
YCR037C,39.78
YNL126W,39.78
YNR053C,39.78
YBL098W,39.78
YLR244C,39.78
YNL234W,39.79
YPL264C,39.79
YDR072C,39.79
YBR087W,39.8
YBR276C,39.8
YER145C,39.81
YGL161C,39.82
YKL217W,39.82
YMR084W,39.82
YPL120W,39.82
YBR148W,39.82
YOR090C,39.83
YDL022C-A,39.83
YNL088W,39.83
YDR221W,39.83
YJR135C,39.83
YHR181W,39.84
YNL292W,39.84
YKL107W,39.84
YNL231C,39.84
YNR033W,39.84
YDR220C,39.85
YOR307C,39.86
YLR334C,39.86
YGR040W,39.86
YNL119W,39.86
YER044C-A,39.87
YPR041W,39.88
YFL039C,39.88
YGR047C,39.88
YCR047W-A,39.88
YER125W,39.89
YPR082C,39.91
YER067W,39.91
YCR027C,39.92
YNL301C,39.93
YOL120C,39.93
YFR027W,39.93
YMR200W,39.94
YBR151W,39.94
YAL032C,39.95
YER090W,39.95
YGR065C,39.95
YFR005C,39.95
YMR222C,39.95
YOL021C,39.96
YOR196C,39.97
YPL041C,39.97
YMR102C,39.98
YER087W,39.98
YLR433C,39.99
YLR290C,40.0
YLL011W,40.0
YOL031C,40.02
YGL163C,40.02
YER110C,40.02
YNL248C,40.03
YCL043C,40.03
YHR022C,40.03
YPL254W,40.03
YHR196W,40.04
YMR089C,40.04
YHR005C-A,40.04
YDL144C,40.05
YDL057W,40.05
YMR264W,40.05
YHR209W,40.06
YFL052W,40.07
YHL042W,40.07
YPR122W,40.08
YPL100W,40.08
YOL138C,40.08
YDR415C,40.1
YOR275C,40.1
YLR119W,40.11
YOR259C,40.11
YER154W,40.11
YDR108W,40.11
YJL109C,40.12
R0010W,40.13
YGL125W,40.13
YGL195W,40.13
YNL260C,40.13
YBR008C,40.14
YPL038W,40.14
YOL094C,40.14
YDL158C,40.14
YKR028W,40.14
YMR067C,40.15
YPL270W,40.15
YHL048W,40.15
YDL199C,40.16
YKL113C,40.16
YBL057C,40.16
YOR111W,40.16
YDR335W,40.17
YOL010W,40.17
YNR066C,40.17
YNR068C,40.17
YPL058C,40.17
YLR069C,40.17
YKL205W,40.18
YGL233W,40.18
YGR078C,40.18
YER089C,40.19
YLR186W,40.19
YBL024W,40.2
YOR205C,40.2
YMR001C-A,40.2
YGL199C,40.2
YKL017C,40.2
YOR193W,40.21
YLR342W,40.21
YKL041W,40.21
YHR188C,40.21
YDR406W,40.21
YHR019C,40.22
YGL167C,40.23
YLR099C,40.23
YML051W,40.23
YKL155C,40.23
YJR061W,40.23
YDL164C,40.24
YGL140C,40.24
YOL062C,40.24
YGL206C,40.24
YHR137W,40.25
YER147C,40.25
YPL121C,40.25
YKR014C,40.26
YHR193C-A,40.26
YDR212W,40.27
YML004C,40.27
YJL142C,40.27
YJR130C,40.28
YIL087C,40.28
YOL078W,40.29
YDR216W,40.29
YPL203W,40.3
YCL052C,40.3
YNL212W,40.3
YDL248W,40.3
YER082C,40.3
YDR102C,40.31
YER076C,40.31
YOR203W,40.32
YDR020C,40.33
YOL046C,40.33
YPR148C,40.33
YGR261C,40.33
YNL086W,40.34
YGL095C,40.34
YBR097W,40.34
YOL163W,40.35
YKL072W,40.35
YMR168C,40.35
YHR194W,40.36
YML091C,40.37
YOL089C,40.37
YOR093C,40.37
YGR119C,40.38
YHR167W,40.38
Q0115,40.38
YLR017W,40.38
YLR240W,40.39
YOL052C,40.4
YDL247W,40.4
YGL067W,40.4
YPR184W,40.4
YDL029W,40.4
YMR055C,40.4
YBR180W,40.42
YER159C,40.42
YER042W,40.42
YMR298W,40.43
YGL144C,40.43
YGL178W,40.43
YBR124W,40.44
YPL044C,40.44
YDR195W,40.44
YLR343W,40.44
YDR173C,40.45
YGL130W,40.47
YCR087C-A,40.47
YJL063C,40.47
YKL121W,40.47
YNL267W,40.48
YLR454W,40.49
YLL054C,40.49
YCL035C,40.5
YBR139W,40.5
YBR044C,40.5
YHR175W,40.51
YBR281C,40.51
YKL219W,40.51
YDR527W,40.52
YOR332W,40.52
YBR238C,40.53
YHR078W,40.53
YKL070W,40.54
YHR148W,40.54
YOL012C,40.54
YOL104C,40.55
YNL198C,40.56
YIL016W,40.56
YDR444W,40.56
YDR370C,40.56
YLR072W,40.56
YLR248W,40.56
YDL097C,40.57
YJL191W,40.57
YMR259C,40.58
YNL287W,40.58
YLR397C,40.59
YLR202C,40.59
YHL038C,40.6
YKL008C,40.6
YKL012W,40.6
YBR028C,40.61
YLR383W,40.61
YPR076W,40.61
YIL126W,40.61
YLR424W,40.62
YDR246W,40.63
YDR101C,40.64
YOL003C,40.64
YOR214C,40.64
YMR283C,40.64
YGL238W,40.64
YOR211C,40.65
YLR268W,40.65
YNL012W,40.65
YLR327C,40.66
YDR539W,40.67
YHR092C,40.67
YPL172C,40.67
YJL193W,40.67
YDL044C,40.67
YKL173W,40.68
YLR245C,40.68
YBR245C,40.68
YER007W,40.68
YMR031C,40.69
YDR398W,40.69
YPL215W,40.69
YER135C,40.69
YML052W,40.7
YJL088W,40.7
YML059C,40.7
YKR005C,40.7
YLR145W,40.7
YMR104C,40.71
YMR122C,40.71
YKL160W,40.71
YOL122C,40.71
YGR223C,40.71
YPR097W,40.71
YJL204C,40.71
YIL049W,40.71
YMR195W,40.72
YPR025C,40.72
YPR112C,40.72
YFL050C,40.72
YGL126W,40.72
YNR022C,40.73
YDR066C,40.73
YER136W,40.73
YOL088C,40.74
YBL022C,40.75
YBR259W,40.75
YHR180W-A,40.75
YKR054C,40.76
YIL045W,40.76
YHR069C,40.76
YDL149W,40.76
YFL003C,40.77
YBR058C,40.77
YJR133W,40.77
YMR228W,40.77
YGR233C,40.78
YKR068C,40.79
YMR260C,40.79
YCR045C,40.79
YJR066W,40.79
YLR360W,40.8
YLR115W,40.8
YBL061C,40.81
YHR106W,40.81
YLR426W,40.81
YML064C,40.81
YNL062C,40.82
YDL193W,40.82
YPL188W,40.82
YDL113C,40.83
YDR441C,40.83
YNL022C,40.83
YMR009W,40.85
YPL104W,40.85
YDR364C,40.85
YDR149C,40.85
YOR302W,40.86
YDR522C,40.86
YGR028W,40.87
YDR037W,40.87
YJL134W,40.87
YMR088C,40.87
YDR093W,40.88
YJR132W,40.88
YBR053C,40.88
YGL027C,40.88
YMR126C,40.88
YDR235W,40.88
YIL137C,40.89
YDL137W,40.89
YGR168C,40.9
YIL151C,40.9
YDR087C,40.9
YPR164W,40.91
YOR128C,40.91
YKL010C,40.91
YOR200W,40.93
YNL082W,40.93
YPL153C,40.93
YAL047W-A,40.93
YJL125C,40.93
YFR018C,40.94
YMR120C,40.95
YML002W,40.95
YBR113W,40.96
YDR294C,40.96
YDL118W,40.97
YLR272C,40.97
YLR129W,40.97
YKL057C,40.98
YHR165C,40.98
YCR092C,40.99
YJR033C,41.0
YPR071W,41.0
YLR082C,41.0
YDR023W,41.0
YNL245C,41.0
YDR489W,41.0
YBR211C,41.01
YER139C,41.02
YKL183W,41.02
YFL045C,41.02
YBR012C,41.02
YDR492W,41.02
YFR047C,41.02
YPR189W,41.02
YDL027C,41.03
YDR162C,41.03
YKR104W,41.03
YDR284C,41.04
YNL121C,41.04
YBR106W,41.04
YGL044C,41.04
YFR013W,41.05
YDR496C,41.05
YOR278W,41.05
YOR330C,41.05
YJL197W,41.05
YNR016C,41.05
YDL085W,41.06
YCR002C,41.06
YNR023W,41.06
YBL080C,41.06
YDL206W,41.08
YKL002W,41.08
YML048W,41.08
YOR207C,41.08
Q0255,41.08
YKR026C,41.09
YJR146W,41.09
YDR322C-A,41.1
YAL016C-A,41.11
YOR394C-A,41.11
YJL080C,41.12
YLR393W,41.12
YIL026C,41.12
YKR001C,41.13
YHL037C,41.13
YGR093W,41.13
YKL133C,41.13
YLR085C,41.13
YDR165W,41.14
YCR061W,41.14
YOL013C,41.15
YCL016C,41.16
YMR163C,41.16
YPR109W,41.16
YJL082W,41.16
YGR295C,41.16
YDR509W,41.16
YBR141C,41.17
YKL026C,41.17
YIL114C,41.18
YLR024C,41.18
YHL035C,41.18
YJL029C,41.18
YDR490C,41.19
YML001W,41.19
YMR106C,41.2
YKL029C,41.2
YJR059W,41.2
YML104C,41.2
YER152C,41.21
YJL206C,41.21
YGR075C,41.22
YGR109C,41.23
YER168C,41.23
YMR272C,41.23
YIL099W,41.23
YKL135C,41.24
YOL155C,41.24
YGR020C,41.24
YHR032W,41.25
YBR171W,41.27
YDL019C,41.27
YFL046W,41.27
YGR218W,41.27
YIL066W-A,41.28
YIL015W,41.28
YLR010C,41.29
YIL013C,41.29
YMR302C,41.29
YOR249C,41.3
YNL131W,41.3
YBR013C,41.3
YMR285C,41.32
YOR072W,41.32
YDL005C,41.32
YAR042W,41.32
YCR011C,41.32
YOR353C,41.32
YDR088C,41.32
YDR172W,41.33
YIR007W,41.33
YDR197W,41.33
YKL020C,41.33
YKL006C-A,41.34
YER184C,41.34
YOR039W,41.34
YKL051W,41.35
YOR352W,41.35
YKR035C,41.35
YJR011C,41.35
YDL073W,41.36
YOR144C,41.37
YGL127C,41.38
YJL058C,41.39
YDR452W,41.39
YDR460W,41.39
YDR237W,41.39
YOR161C,41.39
YDR449C,41.4
YOR015W,41.4
YBR178W,41.4
YGR180C,41.4
YDR483W,41.41
YKR031C,41.41
YOL115W,41.41
YIL051C,41.41
YNR038W,41.41
YOL026C,41.41
YPL097W,41.42
YKL181W,41.42
YNL256W,41.42
YMR292W,41.42
YPR190C,41.42
YPL012W,41.43
YNL045W,41.43
YIR026C,41.43
YCR026C,41.43
YOR176W,41.44
YER036C,41.45
YMR293C,41.45
YMR114C,41.45
YLR324W,41.46
YFR052C-A,41.47
YCR019W,41.47
YOR137C,41.47
YML057W,41.47
YJR110W,41.48
YDR109C,41.48
YMR196W,41.51
YEL071W,41.51
YMR001C,41.51
YOR021C,41.52
YGR264C,41.52
YPR105C,41.52
YLR359W,41.53
YJR080C,41.53
YGR283C,41.54
YLL052C,41.54
YDL109C,41.54
YGL089C,41.54
YPL161C,41.55
YCR009C,41.56
YMR007W,41.56
YDR321W,41.56
YMR284W,41.56
YBR014C,41.57
YLR450W,41.57
YPL057C,41.57
YNL307C,41.57
YGR066C,41.58
YDL147W,41.58
YBL027W,41.58
YBR084C-A,41.58
YNL103W,41.59
YPR101W,41.59
YJL177W,41.59
YPR181C,41.6
YNL021W,41.6
YAR028W,41.6
YPR175W,41.61
YKR067W,41.62
YJR160C,41.62
YLR435W,41.62
YCR042C,41.62
YKL211C,41.63
YOL059W,41.63
YGR150C,41.63
YPL118W,41.63
YGR140W,41.65
YCL026C-B,41.65
YLR178C,41.65
YPL148C,41.65
YJR010W,41.66
YDL143W,41.66
YAL029C,41.67
YGL174W,41.67
YDL006W,41.68
Q0140,41.68
YBL058W,41.68
YPR054W,41.68
YFR037C,41.69
YJR018W,41.7
YLR106C,41.7
YLR362W,41.7
YKR016W,41.71
YCR024C,41.71
YNL257C,41.71
YDR478W,41.71
YDR360W,41.72
YPL196W,41.72
YPR117W,41.72
YOR346W,41.72
YER119C,41.72
YHR172W,41.72
YKL092C,41.73
YML069W,41.74
YDR092W,41.74
YER038W-A,41.75
YBR073W,41.75
YGR188C,41.75
YKL078W,41.75
YNL075W,41.76
YMR078C,41.76
YKL194C,41.76
YGL143C,41.76
YNL187W,41.76
YOR098C,41.76
YOR304W,41.76
YJL112W,41.78
YNL317W,41.78
YLR081W,41.78
YPR108W-A,41.78
YCR024C-A,41.79
YAL003W,41.79
YAL016W,41.8
YDR456W,41.8
YFR040W,41.8
YLR350W,41.8
YLR296W,41.81
YBL079W,41.82
YPR099C,41.82
YLR409C,41.82
YNL249C,41.83
YKL146W,41.85
YGR224W,41.85
Q0032,41.85
YNR013C,41.86
YCL022C,41.86
YGR149W,41.86
YOR244W,41.87
YOR314W,41.89
YML037C,41.89
YNR075W,41.89
YKL096W,41.9
YKR044W,41.9
YFR029W,41.9
YMR258C,41.92
YHL034C,41.92
YER165W,41.92
YBR246W,41.92
YLR443W,41.92
YOR197W,41.92
YJL101C,41.92
YOL145C,41.92
YER048W-A,41.93
YOR194C,41.94
YKR018C,41.95
YGL057C,41.95
YLR447C,41.96
YDL136W,41.97
YDL191W,41.97
YOR074C,41.98
YNL240C,41.98
YGL176C,41.99
YOR011W,41.99
YPR167C,41.99
YJR031C,41.99
YER070W,41.99
YHR155W,41.99
YOR165W,42.0
YPL129W,42.0
YPR137W,42.0
YKR101W,42.01
YOR232W,42.01
YBR155W,42.02
YMR029C,42.03
YOL124C,42.04
YDR288W,42.05
YDR060W,42.06
YDR291W,42.06
YMR162C,42.06
YLR396C,42.06
YFR023W,42.06
YMR093W,42.07
YDR493W,42.07
YER175C,42.07
YMR143W,42.08
YDL083C,42.08
YFL036W,42.08
YHR062C,42.09
YBR065C,42.09
YJR150C,42.09
YDR190C,42.1
YCR051W,42.11
YBR001C,42.11
YPL103C,42.11
YDL119C,42.11
YPL219W,42.11
YEL068C,42.11
YIR013C,42.12
YLR117C,42.13
YDL203C,42.13
YOL041C,42.13
YER034W,42.13
YIL091C,42.13
YOL152W,42.13
YLR401C,42.13
YDR064W,42.14
YOR354C,42.14
YDL227C,42.14
YHR098C,42.15
YHR016C,42.15
YLL036C,42.15
YCL010C,42.16
Q0182,42.17
YHR056C,42.17
YDR317W,42.17
YER188W,42.17
YIL071C,42.18
YPL252C,42.18
YLR398C,42.2
YBR089W,42.2
YCR044C,42.21
YGR194C,42.21
YOL092W,42.21
YOR261C,42.21
YOL015W,42.22
YPL128C,42.22
YMR223W,42.23
YBR055C,42.23
YFR007W,42.23
YMR004W,42.23
YBL082C,42.24
YJR098C,42.24
YGL016W,42.25
YJL218W,42.25
YNL137C,42.25
Q0160,42.26
YGL040C,42.26
YOL159C-A,42.26
YDL007W,42.27
YKL125W,42.28
YBR131W,42.28
YNL041C,42.28
YOL053W,42.28
YAL002W,42.28
YLL007C,42.29
YPL160W,42.29
YPR078C,42.29
YGR274C,42.29
YPR085C,42.29
YDR176W,42.29
YIL062C,42.3
YDR062W,42.3
YOL076W,42.3
YKL073W,42.31
YBR223W-A,42.31
YBR167C,42.31
YPL168W,42.31
YLR078C,42.32
YOR380W,42.33
YJL127C-B,42.33
YJL129C,42.33
YOR068C,42.33
YDL095W,42.33
YJR015W,42.34
YJL164C,42.34
YOL043C,42.34
YDR466W,42.34
YMR282C,42.35
YPL225W,42.35
YPL040C,42.35
YHR158C,42.36
YHR017W,42.36
YOL164W,42.37
YOL083W,42.37
YDR374C,42.37
YKL178C,42.37
YBL008W,42.38
YIL078W,42.38
YBR066C,42.39
YGR235C,42.39
YLR417W,42.39
YDR391C,42.39
YJL093C,42.39
YKL009W,42.4
YOR204W,42.4
YBL089W,42.41
YHR059W,42.42
YOR109W,42.43
YOR195W,42.43
YBR230C,42.44
YLL001W,42.44
YNL293W,42.44
YGL131C,42.44
YNL130C,42.45
YGR212W,42.45
YIL003W,42.45
YGL086W,42.45
YDL093W,42.46
YNR021W,42.46
YLR053C,42.46
YNL180C,42.46
YJR112W,42.47
YDR141C,42.47
YPR199C,42.47
YGR114C,42.47
YCR093W,42.47
YPL082C,42.49
YPL152W,42.49
YOL009C,42.5
YNR031C,42.51
YPR042C,42.51
YGR271W,42.51
YMR186W,42.51
YMR171C,42.51
YOR218C,42.52
YDR499W,42.52
YBL004W,42.52
YDR282C,42.52
YNL303W,42.53
YER054C,42.53
YFL025C,42.54
YPL076W,42.55
YJL057C,42.55
YIL072W,42.56
YGR015C,42.56
YJR070C,42.56
YNL172W,42.56
YNL150W,42.57
YMR277W,42.57
YPL006W,42.57
YLR233C,42.57
YGR059W,42.57
YBR198C,42.58
YMR295C,42.58
YJL198W,42.58
YDL190C,42.59
YEL023C,42.59
YPR016W-A,42.59
YJR091C,42.61
YPL002C,42.61
YDL072C,42.61
YBR228W,42.61
YDL106C,42.61
YER127W,42.62
YGL173C,42.62
YLR440C,42.62
YGR252W,42.62
YLR207W,42.63
YGR077C,42.63
YLR144C,42.63
YDL178W,42.64
YBR232C,42.64
YBR022W,42.64
YKL180W,42.64
YHL015W,42.64
YNL138W,42.65
YDL225W,42.65
YOR336W,42.66
YPR094W,42.66
YLR267W,42.66
YBR207W,42.66
YMR141C,42.68
YOL030W,42.68
YHR063C,42.69
YNL221C,42.69
YER021W,42.69
YJL016W,42.7
YHR123W,42.7
YGR121W-A,42.71
YBR295W,42.71
YNR058W,42.71
YPR009W,42.71
YBR254C,42.71
YBL026W,42.71
YFR032C,42.72
YHR151C,42.73
YLR266C,42.73
YCL001W,42.74
YLR364C-A,42.74
YOR360C,42.75
YOR239W,42.75
YLR238W,42.76
YPL060W,42.76
YDL223C,42.76
YLR336C,42.76
YDR457W,42.77
YNL273W,42.77
YLR016C,42.77
YDL173W,42.78
YPL092W,42.78
YOL079W,42.78
YIL118W,42.78
YGL240W,42.79
YCL054W,42.79
YBR060C,42.8
YJR035W,42.8
YHR190W,42.8
YHR182W,42.8
YBR280C,42.81
YIL158W,42.81
YDL116W,42.81
YMR183C,42.81
YBR173C,42.81
YDR377W,42.82
YDL243C,42.82
YBR206W,42.83
YPL037C,42.83
YLR246W,42.83
YIL103W,42.86
YOL017W,42.86
YMR038C,42.86
YKL145W-A,42.87
YIR023C-A,42.87
YDR465C,42.87
YHR002W,42.87
YOR044W,42.88
YDR326C,42.89
YPL240C,42.89
YLR172C,42.89
YDR167W,42.9
YGR038W,42.9
YPL145C,42.91
YMR048W,42.92
YER093C,42.92
YJL070C,42.92
YLR386W,42.92
YKL139W,42.93
YOL039W,42.94
YMR072W,42.94
YMR268C,42.94
YDR495C,42.94
YGL236C,42.95
YNL313C,42.95
YNL139C,42.95
YGL190C,42.95
YIL068W-A,42.95
YML125C,42.95
YBR202W,42.96
YER046W,42.97
YBR017C,42.98
YDL075W,42.98
YGR217W,42.99
YNR028W,42.99
YNL077W,42.99
YJL064W,43.0
YER049W,43.0
YCR039C,43.01
YCL067C,43.01
YDR308C,43.01
YNL085W,43.02
YNL132W,43.03
YER074W-A,43.03
YGR026W,43.03
YAL017W,43.04
YFL004W,43.05
YNL071W,43.05
YML095C,43.05
YMR069W,43.06
YIR008C,43.06
YDR119W,43.07
YIL074C,43.07
YLR345W,43.07
YLR089C,43.08
YBL100C,43.08
YDR413C,43.08
YPL237W,43.08
YIL017C,43.08
YOR051C,43.08
YBR179C,43.09
YKL090W,43.09
YCR031C,43.1
YBL060W,43.11
YDL170W,43.11
YHR217C,43.11
YNL250W,43.11
YHR071W,43.11
YPR007C,43.13
YJR113C,43.13
Q0105,43.14
YOR326W,43.14
YPR143W,43.15
YPL184C,43.15
YAR047C,43.16
YBR038W,43.16
YGL249W,43.17
YIL136W,43.17
YLR321C,43.18
YKR097W,43.18
YPL125W,43.18
YMR211W,43.19
YGL028C,43.2
YER083C,43.2
YCL004W,43.2
YPL034W,43.2
YNL261W,43.21
YER081W,43.21
YGR112W,43.21
YOR208W,43.21
YDL240W,43.21
YDL091C,43.22
YNR018W,43.22
YHR195W,43.22
YPL094C,43.22
YGR039W,43.22
YKL033W,43.22
YHR112C,43.24
YDR065W,43.24
YKL188C,43.24
YKR058W,43.25
YJR118C,43.25
YNL189W,43.25
YDR131C,43.26
YMR207C,43.26
YLL020C,43.26
YFR019W,43.26
YKL068W-A,43.26
YJL022W,43.26
YJR106W,43.27
YGL034C,43.27
YPL236C,43.28
YJL156W-A,43.29
YDR233C,43.29
YOR363C,43.29
YER037W,43.29
YKR098C,43.3
YJL133C-A,43.3
YOL056W,43.32
YNL181W,43.32
YMR112C,43.33
YBL092W,43.33
YPR169W-A,43.34
YGR211W,43.34
YJL042W,43.34
YDL062W,43.34
YPL135C-A,43.34
YKL047W,43.35
YLR143W,43.35
YMR109W,43.35
YMR199W,43.35
YOR318C,43.35
YCR052W,43.36
YCL044C,43.37
YKL024C,43.37
YPR056W,43.37
YGL159W,43.37
YER112W,43.37
YJL010C,43.38
YFR012W-A,43.39
YPR160C-A,43.39
YNR011C,43.39
YDR262W,43.4
YJR042W,43.4
YDL183C,43.41
YER019W,43.42
YOR256C,43.42
YAL064W,43.42
YIL121W,43.42
YML006C,43.42
YGL017W,43.43
YPL043W,43.43
YOR273C,43.44
YDL231C,43.44
YDR081C,43.44
YJL056C,43.44
YER038C,43.45
YJL122W,43.46
YDR524W-C,43.46
YGR029W,43.46
YHR099W,43.47
YML105C,43.48
YPL174C,43.48
Q0120,43.48
YDR505C,43.49
YMR119W,43.49
YKL015W,43.49
YPL202C,43.49
YPR180W,43.5
YKR011C,43.51
YAR003W,43.52
YLR262C,43.52
YDL208W,43.52
YAR031W,43.53
YMR281W,43.53
YBL035C,43.53
YOR156C,43.54
YPR092W,43.55
YNR039C,43.55
YIL169C,43.57
YPL193W,43.57
YLR411W,43.57
YER172C,43.57
YDL031W,43.57
YGL248W,43.58
YJL154C,43.58
YIL061C,43.58
YLR226W,43.59
YER107C,43.59
YHL030W,43.6
YHR117W,43.61
YBL012C,43.61
YLR026C,43.62
YGR170W,43.62
YGL134W,43.62
YDL146W,43.62
YPL218W,43.62
YLR455W,43.62
YDR392W,43.63
YMR121C,43.63
YOR141C,43.63
YOR057W,43.64
YIL147C,43.64
YDR512C,43.64
YIL141W,43.64
YCL039W,43.66
YGL160W,43.66
YLR430W,43.66
YBR247C,43.66
YCL028W,43.67
YIL042C,43.68
YGR198W,43.68
YOR030W,43.68
YDL025C,43.69
YDL163W,43.69
YOR174W,43.69
YJL107C,43.7
YML036W,43.7
YPL140C,43.7
YDR524C,43.71
YOR112W,43.71
YBL034C,43.72
YDR479C,43.72
YER068W,43.74
YGL146C,43.74
YPR155C,43.75
YNL029C,43.75
YBR067C,43.75
YDL060W,43.75
YDL117W,43.76
YGL251C,43.76
YKL137W,43.76
YHR070W,43.76
YMR165C,43.76
YJL214W,43.76
YER027C,43.76
YGR219W,43.77
YCL041C,43.77
YAL026C-A,43.77
YBR140C,43.77
YHL028W,43.77
YOL038C-A,43.78
YJR147W,43.78
YHR102W,43.8
YGL222C,43.8
YLL026W,43.8
YEL009C,43.8
YBR265W,43.8
YIL085C,43.81
YOR151C,43.81
YMR060C,43.82
YDL114W,43.83
YMR184W,43.83
YLR031W,43.84
YOR260W,43.84
YLR088W,43.85
YAL056W,43.85
YIL129C,43.85
YDR334W,43.85
YDL205C,43.86
YML088W,43.86
YFL008W,43.87
YPL213W,43.87
YPR146C,43.87
YKL179C,43.88
YNR040W,43.89
YML025C,43.89
YLR136C,43.89
YCR101C,43.89
YNL144W-A,43.89
YDL039C,43.89
YCL048W,43.89
YDL172C,43.91
YNR067C,43.91
YJR141W,43.91
YNL138W-A,43.91
YJL119C,43.91
YDR306C,43.91
YNL061W,43.92
YLR093C,43.92
YPL167C,43.93
YHR180W,43.93
YNL242W,43.93
YDR073W,43.93
YLL057C,43.93
YHR025W,43.94
YBR109C,43.95
YPL189W,43.96
YNL032W,43.96
YLR175W,43.96
YGL203C,43.97
YDR166C,43.97
YKR002W,43.98
YDR002W,43.98
YJL165C,43.99
YIL107C,43.99
YHR020W,43.99
YDR041W,43.99
YDR387C,44.0
YML101C-A,44.0
YLR368W,44.01
YHR204W,44.01
YPR081C,44.02
YML049C,44.03
YKL206C,44.03
YHR081W,44.04
YKL165C,44.04
YPL256C,44.05
YDR186C,44.05
YBR057C,44.06
YHL046W-A,44.06
YML013W,44.06
YJL090C,44.06
YBL025W,44.07
YLR392C,44.07
YJR125C,44.07
YAL021C,44.07
YPL179W,44.08
YMR160W,44.08
YCL050C,44.08
YOR005C,44.09
YLR387C,44.09
YDR161W,44.11
YPR038W,44.11
YMR139W,44.11
YMR151W,44.12
YDR116C,44.12
YLR319C,44.12
YJL106W,44.12
YBR081C,44.13
YCR023C,44.13
YDR128W,44.13
YMR012W,44.13
YGR053C,44.13
YML076C,44.13
YPR035W,44.14
YBR040W,44.14
YGR247W,44.14
YER024W,44.14
YOR350C,44.14
YLR189C,44.15
YLR057W,44.15
YDR244W,44.15
YJL157C,44.16
YOR064C,44.16
YKL123W,44.17
YGR145W,44.17
YNL040W,44.17
YBR054W,44.18
YCL061C,44.18
YDL001W,44.18
YLR376C,44.19
YAL051W,44.19
YDR168W,44.19
YGR125W,44.2
YDL043C,44.2
YPL249C,44.2
YDL074C,44.21
YEL010W,44.21
YDR180W,44.23
YKR023W,44.24
YJL124C,44.26
YMR189W,44.26
YAL059C-A,44.28
YMR166C,44.28
YBR256C,44.28
YPR159C-A,44.29
YEL066W,44.3
YGL164C,44.3
YDR164C,44.3
YLL059C,44.31
YGR286C,44.32
YBR199W,44.32
YBL016W,44.34
YDL165W,44.34
YGR048W,44.35
YOL117W,44.35
YLR410W,44.35
YOL100W,44.36
YOR129C,44.37
YER003C,44.37
YFR031C,44.37
YIR030W-A,44.37
YGR113W,44.37
YDR461C-A,44.38
YNL106C,44.39
YLL043W,44.39
YAL056C-A,44.4
YMR133W,44.4
YCL011C,44.4
YFR024C-A,44.41
YDL139C,44.41
YLR060W,44.41
YGL041C-B,44.41
YDL071C,44.42
YOR349W,44.43
YJL085W,44.43
YMR064W,44.43
YBR185C,44.44
YNL222W,44.44
YDR440W,44.45
YBR085C-A,44.45
YGR030C,44.46
YGR271C-A,44.46
YML041C,44.46
YOR154W,44.47
YMR232W,44.47
YOR113W,44.48
YPR030W,44.49
YHR082C,44.5
YNL304W,44.5
YLL060C,44.5
YML081W,44.5
YMR193W,44.51
YDL058W,44.51
YJL160C,44.51
YDR182W,44.51
YDL127W,44.52
YOL077C,44.53
YDR320C,44.53
YPR178W,44.53
YJR090C,44.54
Q0010,44.54
YJL048C,44.55
YHR206W,44.55
YGR049W,44.56
YIL036W,44.56
YLR347C,44.56
YHR101C,44.56
YKR064W,44.57
YEL030C-A,44.57
YHR005C,44.57
YGR165W,44.57
YNL274C,44.57
YNL201C,44.57
YDR381W,44.57
YOR148C,44.58
YDL226C,44.58
YDR198C,44.59
YLR465C,44.59
YHR197W,44.59
YGL180W,44.59
YBR298C-A,44.59
YDR372C,44.6
YGL120C,44.6
YOL018C,44.6
YBR153W,44.62
YLR329W,44.62
YNL297C,44.62
YDR516C,44.62
YOR019W,44.62
YGR070W,44.63
YPR079W,44.63
YLR436C,44.63
YDR079C-A,44.66
YMR188C,44.66
YDR401W,44.66
YER077C,44.66
YHR139C,44.66
YDR283C,44.66
YNL316C,44.67
YDL150W,44.67
YOR138C,44.68
YML023C,44.68
YOL033W,44.71
YNL226W,44.71
YGL171W,44.71
YBR197C,44.71
YNL072W,44.72
YJL011C,44.72
YOR069W,44.73
YKL198C,44.74
YER164W,44.74
YGL063W,44.74
YPR046W,44.75
YPL159C,44.76
YMR026C,44.77
YEL013W,44.78
YGL038C,44.78
YFL021C-A,44.78
YBR266C,44.78
YLL049W,44.78
YBR063C,44.79
YBL066C,44.79
YBR061C,44.8
YDR030C,44.81
YGR017W,44.81
YPL212C,44.82
YML115C,44.82
YMR175W,44.84
YDR461W,44.84
YKR022C,44.85
YIL050W,44.85
YGR222W,44.85
YDR523C,44.85
YDR484W,44.85
YNL039W,44.86
YOR299W,44.87
YFL051C,44.87
YKL045W,44.88
YOL006C,44.88
YMR237W,44.89
YPL073C,44.89
YGL114W,44.9
YHR021C,44.9
YBL084C,44.9
YER059W,44.9
YMR079W,44.91
YGL254W,44.91
YLR340W,44.92
YPL135W,44.92
YPL136W,44.92
YPL030W,44.92
YOL144W,44.93
YDR196C,44.93
YGR265W,44.94
YGL093W,44.94
YGL110C,44.94
YPR089W,44.95
YCL014W,44.95
YHL034W-A,44.95
YPL157W,44.95
YPL112C,44.95
YOL068C,44.96
YOR315W,44.97
YER147C-A,44.97
YDR255C,44.97
YJR140C,44.98
YBR162C,44.98
YGR258C,44.99
YJL033W,44.99
YPL039W,44.99
YBR239C,45.0
YJL049W,45.0
YDR097C,45.0
YPL191C,45.01
YDR329C,45.01
YNL036W,45.01
YPL149W,45.02
YER171W,45.02
YFR002W,45.02
YIL143C,45.03
YJL071W,45.03
YDR228C,45.04
YLL027W,45.04
YML042W,45.04
YGR097W,45.04
YFL021W,45.04
YEL022W,45.06
YBL062W,45.06
YNL170W,45.06
YPL068C,45.06
YMR312W,45.06
YGL024W,45.06
YML100W,45.06
YGR069W,45.07
YOR175C,45.08
YGR129W,45.09
YGR290W,45.09
YBR111C,45.09
YER084W-A,45.1
YJR135W-A,45.11
YML058W-A,45.12
YDR407C,45.12
YOR267C,45.13
YIL041W,45.13
YLR181C,45.13
YER149C,45.13
YOR054C,45.14
YDR254W,45.14
YPR093C,45.15
YGR098C,45.15
YNL043C,45.16
YMR308C,45.16
YER005W,45.16
YDR027C,45.16
YJL099W,45.16
YMR243C,45.17
YLR002C,45.19
YLR040C,45.2
YNL081C,45.2
YOR001W,45.2
YHL032C,45.21
YLR114C,45.21
YPL063W,45.22
YNR029C,45.22
YMR242W-A,45.22
YJR155W,45.23
YOL106W,45.24
YGR060W,45.25
YDL132W,45.25
YER014C-A,45.25
YAR019C,45.26
YKL001C,45.26
YIL047C,45.27
YER091C-A,45.28
YLL055W,45.29
YGL073W,45.29
YBR201C-A,45.29
YCR020C-A,45.3
YHR166C,45.32
YJL152W,45.32
YDR044W,45.32
YKR063C,45.34
YLR403W,45.35
YNL102W,45.35
YJR089W,45.36
YNL232W,45.36
YOR002W,45.36
YFR032C-B,45.37
YOL025W,45.37
YNL095C,45.38
YHL045W,45.39
YML082W,45.39
YDR153C,45.39
YAL044C,45.4
YMR261C,45.4
YGR246C,45.41
YNL192W,45.41
YMR128W,45.42
YGL133W,45.43
YKR099W,45.43
YOL037C,45.43
YKL142W,45.43
YGR005C,45.44
YOR230W,45.44
YOR224C,45.44
YKL203C,45.44
YML068W,45.44
YBR007C,45.44
YMR094W,45.44
YGL150C,45.45
YOR334W,45.45
YJR099W,45.45
YEL005C,45.46
YGL059W,45.47
YLR046C,45.47
YAL019W,45.48
YFL027C,45.48
YKL128C,45.48
YLR253W,45.48
YPL081W,45.48
YKL099C,45.48
YMR240C,45.49
YLR023C,45.49
YJR115W,45.49
YGL071W,45.5
YNL089C,45.51
YNR063W,45.51
YLR182W,45.51
YFR010W,45.52
YAR033W,45.52
YFR014C,45.52
YDR409W,45.52
YER053C-A,45.54
YOR291W,45.54
YPR037C,45.55
YDR036C,45.56
YML079W,45.57
YNL210W,45.57
YHR108W,45.58
YHR023W,45.58
YPL053C,45.58
YHR186C,45.58
YDR393W,45.58
YER025W,45.59
YNL243W,45.59
YHR035W,45.59
YGL142C,45.6
YBR284W,45.61
YBL032W,45.61
YMR275C,45.63
YGR259C,45.63
YLR352W,45.64
YOL072W,45.64
YEL007W,45.64
YMR194W,45.64
YJL065C,45.64
YML065W,45.66
YBL005W,45.66
YHR107C,45.67
YGR230W,45.68
YCR084C,45.69
YFR021W,45.69
YMR023C,45.7
YGL051W,45.7
YLR105C,45.7
YPL072W,45.71
YOR033C,45.71
YPL234C,45.71
YLR103C,45.72
YDL067C,45.72
YLR363C,45.72
YDR366C,45.72
YPL217C,45.73
YPR077C,45.73
YLR274W,45.73
YMR197C,45.74
YPR156C,45.74
YLR291C,45.75
YNL177C,45.75
YKR055W,45.76
YMR190C,45.76
YHR178W,45.76
YER174C,45.78
YLL018C,45.78
YOL081W,45.79
YDR174W,45.8
YJL015C,45.8
YDR085C,45.8
YJR114W,45.8
YLR047C,45.81
YPR141C,45.81
YPL070W,45.81
YLR224W,45.81
YDL052C,45.82
YBR240C,45.82
YDR472W,45.82
YKL007W,45.83
YOR263C,45.83
YPR129W,45.84
YLR429W,45.84
YIL093C,45.84
YMR061W,45.85
YJL081C,45.85
YDR187C,45.87
YMR063W,45.88
YJL201W,45.89
YOR173W,45.89
YDR049W,45.89
YOL112W,45.89
YPR163C,45.9
YDR257C,45.9
YNL204C,45.91
YDL234C,45.92
YAL055W,45.92
YLR341W,45.92
YNL154C,45.93
YMR147W,45.93
YMR141W-A,45.94
YNL312W,45.94
YDR503C,45.94
YNL236W,45.94
YLR425W,45.95
YHR030C,45.95
YCR068W,45.95
YLR035C,45.95
YHR160C,45.95
YDR405W,45.97
YJL150W,45.97
YJL105W,45.98
YNL054W,45.98
YIL140W,45.98
YEL032W,45.98
YEL059W,45.99
YDR388W,46.0
YOR295W,46.0
YBR101C,46.0
YCR071C,46.0
YPL010W,46.01
YLR357W,46.02
YER006W,46.02
YKL040C,46.03
YIL022W,46.03
YDL187C,46.03
YDR350C,46.04
YBR050C,46.04
YDR390C,46.04
YOR221C,46.04
YLR312W-A,46.05
YIL010W,46.06
YKL004W,46.06
YPR134W,46.07
YBR003W,46.08
YKR087C,46.08
YJL014W,46.09
YNL294C,46.09
YML024W,46.09
YNL321W,46.09
YKR040C,46.1
YGL123C-A,46.11
YHR077C,46.12
YEL038W,46.12
YML111W,46.12
YPL021W,46.12
YDR361C,46.13
YPL239W,46.13
YHR074W,46.15
YLR055C,46.16
YOL082W,46.16
YDR219C,46.17
YDR245W,46.18
YJR136C,46.18
YIL104C,46.19
YLR018C,46.19
YJR021C,46.2
YML097C,46.2
YBR010W,46.21
YLR232W,46.21
YNL031C,46.21
YLR247C,46.23
YOL141W,46.24
YKL149C,46.24
YLR404W,46.24
YPL248C,46.25
YDR202C,46.25
YOL101C,46.26
YDR067C,46.26
YHL021C,46.26
YDR114C,46.27
YCR038C,46.27
YLR177W,46.29
YOR392W,46.29
YPL033C,46.29
YIL146C,46.29
YIL132C,46.29
YGR225W,46.29
YLR011W,46.29
YLR029C,46.31
YGR245C,46.31
YHR073W,46.31
YKL138C-A,46.31
YOR268C,46.31
YGR042W,46.32
YMR198W,46.32
YLL023C,46.32
YNL329C,46.34
YLR310C,46.35
YOR062C,46.36
YER155C,46.36
YDR494W,46.37
YNL116W,46.37
YER046W-A,46.37
YCR006C,46.38
YOL126C,46.38
YNL053W,46.38
YLR380W,46.39
YLR406C,46.39
YLR271W,46.39
YMR269W,46.4
YPL253C,46.4
YNL144C,46.41
YGL083W,46.41
YDR170C,46.41
YIL066C,46.41
YPL249C-A,46.41
YJL032W,46.42
YGR195W,46.42
YBL039W-B,46.42
YBL067C,46.42
YOR022C,46.44
YLR313C,46.44
YBR119W,46.45
YPL011C,46.46
YDR151C,46.46
YML089C,46.46
YKR017C,46.47
YML102W,46.48
YNL175C,46.5
YOR025W,46.5
YGL075C,46.5
YCR048W,46.51
YDR295C,46.51
YGL239C,46.51
YDR004W,46.51
YOR385W,46.51
YLR442C,46.51
YOR170W,46.52
YBR172C,46.52
YPR161C,46.54
YMR180C,46.55
YJL100W,46.55
YOL060C,46.55
YIL115W-A,46.55
YLR137W,46.56
YPL026C,46.56
YMR216C,46.56
YJR024C,46.56
YNL110C,46.58
YHR080C,46.58
YDR147W,46.58
YMR154C,46.6
YNL080C,46.6
YDR526C,46.61
YKL196C,46.61
YDR143C,46.62
YGR134W,46.62
YLR086W,46.62
YMR075W,46.63
YDR320C-A,46.63
YNL271C,46.65
YGL158W,46.65
YDR206W,46.66
YAL014C,46.66
YGR229C,46.66
YML034W,46.66
YLR019W,46.67
YJL194W,46.67
YER126C,46.67
YOR228C,46.67
YBR260C,46.68
YMR068W,46.68
YMR117C,46.68
YNL206C,46.68
YBR215W,46.69
YJL138C,46.7
YLR439W,46.7
YDL099W,46.7
YPR031W,46.7
YKR059W,46.7
YPL137C,46.7
YKL065C,46.71
YOR262W,46.71
YPR104C,46.72
YCR107W,46.72
YDR227W,46.72
YNL195C,46.72
YPL241C,46.73
YLL034C,46.74
YJL028W,46.74
YGL128C,46.75
YHR053C,46.75
YHR055C,46.75
YPL187W,46.75
YDR468C,46.75
YBL102W,46.76
YIL019W,46.76
YLL018C-A,46.77
YJL043W,46.77
YJL176C,46.77
YGL066W,46.78
YAL044W-A,46.78
YDR443C,46.78
YHR058C,46.79
YOL016C,46.79
YDR071C,46.79
YDR352W,46.8
YIL110W,46.8
YDR498C,46.8
YEL026W,46.8
YGL063C-A,46.8
YBR105C,46.8
YGR068C,46.8
YGR164W,46.81
YKL130C,46.81
YHR072W-A,46.81
YJL059W,46.81
YMR003W,46.81
YGL023C,46.81
YGL021W,46.82
YPL083C,46.82
YOR081C,46.83
YDR330W,46.83
YBR049C,46.84
YBL063W,46.84
YCR016W,46.84
YNL173C,46.86
YML061C,46.86
YDL160C,46.86
YGR054W,46.87
YML098W,46.88
YER098W,46.88
YDR325W,46.88
YOR206W,46.89
YJL027C,46.89
YPL178W,46.9
YNL141W,46.91
YGR250C,46.92
YKR021W,46.92
YIL073C,46.92
YJL222W-B,46.92
YPL016W,46.93
YDL233W,46.93
YDR314C,46.93
YDL090C,46.93
YNL046W,46.94
YKR065C,46.95
YLR273C,46.95
YPL004C,46.95
YHR202W,46.95
YLR402W,46.95
YJR005W,46.95
YLR323C,46.96
YHR079C,46.96
YGR190C,46.97
YDL157C,46.97
YMR276W,46.97
YKL214C,46.98
YMR115W,46.99
YDR447C,47.0
YOR308C,47.0
YDL068W,47.0
YHR088W,47.0
YOR277C,47.01
YNL007C,47.01
YDR014W,47.02
YKR049C,47.02
YLR265C,47.03
YML094C-A,47.04
YBR203W,47.04
YDR414C,47.04
YCL034W,47.05
YOR290C,47.05
YNR008W,47.06
YNR020C,47.06
YDR379W,47.06
YAL016C-B,47.07
YIL144W,47.09
YOL118C,47.1
YGL244W,47.1
YBL006W-A,47.1
YGR151C,47.11
YLR320W,47.12
YGR079W,47.12
YNL246W,47.12
YIL077C,47.13
YDL166C,47.13
YOL001W,47.14
YCR086W,47.14
YOL105C,47.15
YOR376W,47.15
YGR116W,47.15
YOR056C,47.15
YLR138W,47.15
YDR211W,47.15
YBR200W-A,47.16
YJR084W,47.17
YIL131C,47.17
Q0075,47.18
YAL063C-A,47.18
YGL041C,47.18
YKR029C,47.19
YDR026C,47.19
YPL074W,47.2
YJL205C,47.2
YJL103C,47.2
YLR428C,47.2
YJR053W,47.23
YLR466C-B,47.23
YLR135W,47.25
YKL156W,47.25
YJR046W,47.25
YPR200C,47.25
YEL061C,47.25
YER133W,47.26
YDR273W,47.27
YML014W,47.27
YHR095W,47.27
YPL164C,47.28
YGL088W,47.28
YDR515W,47.28
YLR328W,47.28
YNL063W,47.28
YLR235C,47.28
YDR208W,47.29
YJL061W,47.29
YOR107W,47.31
YLR302C,47.31
YPR040W,47.31
YPR133C,47.31
YFL033C,47.32
YGL211W,47.32
YLR171W,47.33
YBR275C,47.33
YDR201W,47.33
YOR126C,47.34
YBR255W,47.34
YMR244C-A,47.34
YHR001W,47.35
YJL098W,47.35
YMR294W-A,47.35
YLL038C,47.36
YBR168W,47.36
YML094W,47.38
YPL084W,47.38
YER058W,47.38
YIL047C-A,47.39
YGL013C,47.39
YGL042C,47.4
YDL195W,47.4
YHR150W,47.4
YML007W,47.41
YLR422W,47.41
YOR339C,47.41
YMR024W,47.41
YBL105C,47.42
YDR537C,47.43
YDR247W,47.43
YPL189C-A,47.43
YOL086W-A,47.44
YGR110W,47.45
YGL149W,47.45
YNL153C,47.46
YGL010W,47.47
YER029C,47.48
YKL208W,47.48
YEL037C,47.49
YIR025W,47.49
YGL003C,47.49
YKR078W,47.5
YCL046W,47.5
YPL116W,47.51
YHR161C,47.51
YJL004C,47.52
YER144C,47.52
YHR004C,47.55
YNR061C,47.55
YCR014C,47.55
YLR361C,47.55
YDR024W,47.56
YLR128W,47.57
YGR063C,47.57
YLL040C,47.58
YPR060C,47.59
YDR059C,47.59
YHR040W,47.59
Q0092,47.61
YMR132C,47.61
YDR229W,47.62
YGR127W,47.62
YOR007C,47.63
YJR020W,47.63
YGR186W,47.63
YJR127C,47.64
YNL171C,47.65
YLR286W-A,47.65
YOR377W,47.65
YGR179C,47.65
YEL015W,47.65
YDL148C,47.65
YOR337W,47.65
YJL137C,47.65
YGR082W,47.68
YHR156C,47.68
YKL034W,47.68
YGL235W,47.69
YHR187W,47.69
YPR070W,47.69
YLR094C,47.69
YBL046W,47.69
YOL027C,47.7
YOR131C,47.7
YLR139C,47.7
YDR416W,47.7
Q0144,47.71
YLR112W,47.71
YML100W-A,47.72
YIL105W-A,47.72
YGL207W,47.73
YJL092W,47.73
YJL054W,47.73
YJL013C,47.74
YFR052W,47.74
YBR058C-A,47.75
YNL194C,47.75
YDR110W,47.76
YJR071W,47.77
YMR098C,47.79
YNL186W,47.8
YBR018C,47.8
YFL034C-B,47.82
YBR290W,47.83
YDR103W,47.83
YBR072W,47.83
YDR408C,47.84
YOR029W,47.84
YMR153W,47.84
YDR386W,47.86
YIL065C,47.86
YGL201C,47.87
YKR025W,47.87
YLR149C,47.87
YBL047C,47.89
YER172C-A,47.89
YBR221W-A,47.9
YDR231C,47.91
YBL071C,47.91
YLR256W,47.92
YBR237W,47.93
YCR067C,47.93
YIR038C,47.94
YMR082C,47.94
YJR097W,47.94
YJR036C,47.96
YLL004W,47.96
YNL311C,47.97
YMR313C,47.98
YJR056C,47.98
YLR003C,47.98
YLR205C,47.99
YFL042C,47.99
YDR437W,47.99
YGR080W,48.0
YDR310C,48.0
YHR164C,48.0
YMR182W-A,48.01
YDR120C,48.01
YLR285W,48.01
YLR203C,48.02
YPL263C,48.02
YAL037W,48.02
YGR133W,48.02
YOR186W,48.03
YML127W,48.03
YNL166C,48.05
YMR030W,48.06
YML062C,48.07
YKL161C,48.08
YLR446W,48.08
YIL139C,48.08
YDL034W,48.08
YPR168W,48.08
YER013W,48.09
YOR171C,48.09
YDL070W,48.09
YDR473C,48.09
YJR078W,48.09
YNL203C,48.11
YBR082C,48.11
YDL085C-A,48.12
YPL108W,48.12
YIL092W,48.13
YBL112C,48.13
YLR279W,48.13
YHR218W-A,48.13
YJL146W,48.13
YHL002C-A,48.14
YNR037C,48.15
YOR371C,48.15
YBR133C,48.16
YDR223W,48.16
YDR061W,48.18
YMR172W,48.18
YHL008C,48.18
YPR088C,48.18
YDR183C-A,48.2
YEL062W,48.2
YGR138C,48.21
YGL029W,48.21
YER151C,48.22
YCL027W,48.22
YOL022C,48.23
YJL149W,48.23
YJL144W,48.23
YCR045W-A,48.23
YIL150C,48.23
YPL078C,48.24
YPL022W,48.24
YIL025C,48.24
YLR199C,48.25
YEL057C,48.25
YIL161W,48.25
YBR297W,48.26
YPL023C,48.26
YNL068C,48.27
YDL167C,48.27
YBL073W,48.28
YGR013W,48.28
YDL063C,48.29
YOR008C,48.3
YIR005W,48.31
YFR012W,48.31
YNL193W,48.32
YDL101C,48.32
YKR015C,48.33
YGR003W,48.33
YLR365W,48.33
YKR089C,48.34
YIL115C,48.34
YDR089W,48.36
YOR216C,48.36
YMR101C,48.36
YBR030W,48.37
YKR033C,48.37
YPR196W,48.39
YOR231W,48.39
YDR119W-A,48.4
YML058W,48.41
YDL124W,48.41
YLR278C,48.41
YPR055W,48.41
YDR083W,48.42
YDR126W,48.42
YEL076C-A,48.43
YLR464W,48.43
YOL136C,48.44
YHR013C,48.44
YDR395W,48.46
YNL059C,48.46
YDR069C,48.46
YDL220C,48.47
YBL101C,48.47
YML118W,48.47
YPR111W,48.47
YPL278C,48.47
YKL059C,48.47
YDL175C,48.48
YLR375W,48.48
YOL019W,48.48
YPL156C,48.49
YLL019C,48.5
YDR200C,48.5
YGR064W,48.5
YLR451W,48.51
YDR448W,48.52
YIL119C,48.53
YPL138C,48.53
YLR269C,48.54
YLL013C,48.54
YKL031W,48.56
YCR089W,48.58
YML099C,48.58
YJL069C,48.58
YPL093W,48.58
YOR035C,48.58
YHL026C,48.59
YKL038W,48.59
YDR421W,48.59
YCR066W,48.62
YPL166W,48.63
YMR254C,48.64
YMR265C,48.64
YJL110C,48.64
YMR066W,48.64
YHL007C,48.65
YNL227C,48.66
YJL143W,48.66
YNL127W,48.67
YJR151C,48.67
YMR159C,48.68
YMR185W,48.69
YNL008C,48.69
YNL097C,48.7
YLR371W,48.7
YGL212W,48.7
YBR193C,48.71
YDR428C,48.71
YKR004C,48.71
YDR266C,48.72
YIL154C,48.72
YGR187C,48.72
YHR176W,48.73
YOR058C,48.74
YBR258C,48.74
YLL035W,48.74
YJL051W,48.74
YKL102C,48.74
YNL004W,48.74
YKR072C,48.75
YHL025W,48.75
YGR100W,48.75
YER162C,48.75
YLL008W,48.76
YBR174C,48.76
YIL084C,48.77
YNL100W,48.77
YOL091W,48.77
YJL140W,48.79
YAL035W,48.79
YNL163C,48.79
YER146W,48.79
YJR157W,48.79
YDR464C-A,48.8
YGR071C,48.81
YBR150C,48.82
YGR108W,48.83
YMR144W,48.83
YOL162W,48.84
YIL159W,48.85
YGL061C,48.86
YOR198C,48.87
YFR025C,48.87
YPR151C,48.87
YLL002W,48.88
YCL026C-A,48.89
YJL005W,48.89
YLR407W,48.9
YFL013C,48.9
YDR178W,48.9
YAL033W,48.9
YLR262C-A,48.92
YGR291C,48.92
YCR018C,48.92
YJL175W,48.92
YOR017W,48.93
YDR096W,48.94
YHR125W,48.94
YGL182C,48.94
YJR030C,48.95
YJR094C,48.95
YNR069C,48.95
YLR045C,48.96
YNL157W,48.96
YMR324C,48.96
YMR256C,48.97
YGR251W,48.97
YJR052W,48.98
YLR361C-A,48.99
YLR395C,48.99
YAL015C,49.0
YEL035C,49.0
YJR082C,49.0
YEL012W,49.01
YFR043C,49.01
YOR242C,49.02
YKL116C,49.02
YDR251W,49.02
YDL089W,49.02
YMR014W,49.03
YKR007W,49.03
YIL095W,49.04
YPR197C,49.04
YKR027W,49.08
YKL048C,49.08
YOL123W,49.09
YKR010C,49.09
YOR372C,49.09
YOR335W-A,49.09
YDR276C,49.1
YBR033W,49.1
YKL098W,49.13
YLR187W,49.13
YNL331C,49.13
YPL228W,49.15
YOR289W,49.16
YDR017C,49.16
YGL116W,49.19
YKR096W,49.19
YBL009W,49.19
YIL130W,49.19
YPL238C,49.2
YDL037C,49.2
YDR239C,49.22
YGR196C,49.22
YDR104C,49.23
YPL067C,49.24
YEL074W,49.26
YGR253C,49.26
YIL106W,49.26
YNL027W,49.27
YOR161W-B,49.27
YNL315C,49.28
YML121W,49.28
YFL001W,49.29
YMR174C,49.29
YOR014W,49.3
YPL132W,49.31
YHR103W,49.31
YGL090W,49.31
YOR342C,49.31
YDL018C,49.32
YML109W,49.32
YNL073W,49.33
YOL165C,49.33
YKL189W,49.35
YOR237W,49.36
YIL052C,49.37
YDR285W,49.38
YGL198W,49.39
YLR190W,49.39
YKL175W,49.4
YJL072C,49.4
YGR241C,49.4
YDR138W,49.41
YLR030W,49.41
YCL007C,49.42
YPL251W,49.44
YNL107W,49.44
YBR223C,49.46
YNL047C,49.47
YLR212C,49.47
YJL181W,49.48
YGR189C,49.48
YOR010C,49.5
YDR346C,49.5
YGL243W,49.5
YER075C,49.53
YKL165C-A,49.54
YOR191W,49.54
YGR083C,49.55
YGL208W,49.58
YHR066W,49.59
YKR019C,49.6
YJL025W,49.62
YJL123C,49.63
YLR022C,49.64
YAR018C,49.64
YGL043W,49.65
YPR159W,49.66
YGL006W-A,49.67
YPL144W,49.67
YOR036W,49.68
YNL299W,49.7
YOR293C-A,49.7
YOR162C,49.7
YDL130W-A,49.7
YBR146W,49.71
YGL018C,49.72
YDL216C,49.72
YBL007C,49.72
YBR102C,49.73
YDL028C,49.73
YOL130W,49.73
YML019W,49.74
YMR326C,49.74
YPR115W,49.74
YOL047C,49.75
YFR016C,49.75
YGR228W,49.76
YGL231C,49.76
YGL015C,49.77
YDR316W,49.77
YIL105C,49.78
YKR083C,49.79
YLL050C,49.79
YDR422C,49.8
YML031C-A,49.8
YEL019C,49.81
YPL146C,49.81
YJR075W,49.81
YER066C-A,49.82
YDL122W,49.83
YDR204W,49.83
YMR299C,49.84
YNL269W,49.84
YOL102C,49.84
YMR059W,49.86
YOR075W,49.86
YNL028W,49.87
YBR079C,49.87
YIL149C,49.87
YDR028C,49.87
YDL211C,49.87
YNL140C,49.88
YDL003W,49.88
YEL076C,49.9
YDL004W,49.92
YGL049C,49.92
YNL002C,49.92
YPL085W,49.93
YIL153W,49.93
YIL071W-A,49.93
YKL177W,49.93
YDR383C,49.93
YMR103C,49.94
YNL156C,49.94
YGR178C,49.94
YAL027W,49.95
YDR303C,49.96
YDR217C,49.96
YPL101W,49.97
YPL027W,49.97
YOL110W,49.97
YER020W,49.97
YKR050W,49.98
YPR119W,49.98
YLL030C,49.98
YOR327C,49.98
YDL088C,49.98
YNL305C,49.99
YBR009C,50.02
YNL030W,50.02
YLR151C,50.02
YDR323C,50.04
YGL162W,50.04
YHR049C-A,50.04
YAL037C-A,50.04
YMR005W,50.04
YPR014C,50.06
YHR200W,50.06
YNL052W,50.06
YDL120W,50.07
YHR009C,50.07
YER056C-A,50.07
YJR102C,50.08
YML003W,50.09
YKL222C,50.1
YCR008W,50.1
YER137W-A,50.11
YNL049C,50.12
YML083C,50.13
YLR073C,50.14
YDL008W,50.14
YBR152W,50.14
YOR048C,50.15
YGL260W,50.15
YBR045C,50.16
YOL044W,50.16
YOR084W,50.17
YBR255C-A,50.18
YIR036W-A,50.18
YER140W,50.19
YKL053C-A,50.19
YNL097C-B,50.19
YLR025W,50.2
YOR199W,50.21
YPL150W,50.23
YNL005C,50.23
YOL007C,50.23
YOR376W-A,50.25
YER173W,50.26
YMR172C-A,50.26
YLR185W,50.28
YLR005W,50.28
YDL105W,50.28
YER022W,50.28
YNL162W-A,50.3
YIL101C,50.3
YBL044W,50.3
YDR121W,50.31
YML071C,50.31
YOR070C,50.31
YDR446W,50.32
YDR084C,50.32
YIL127C,50.32
YDR175C,50.33
YDR269C,50.33
YDR132C,50.34
YDR157W,50.34
YLR228C,50.34
YLR283W,50.35
YDL214C,50.36
YLR006C,50.38
YJL126W,50.38
YGR056W,50.39
YBR024W,50.39
YHR105W,50.4
YDR163W,50.4
YLR270W,50.4
YGL060W,50.4
YNL230C,50.42
YLR309C,50.43
YJR058C,50.44
YBL014C,50.44
YFR036W,50.46
YEL017C-A,50.46
YAL043C,50.46
YAL041W,50.46
YHR109W,50.46
YMR192W,50.46
YPL271W,50.47
YBR184W,50.47
YOR172W,50.47
YBR250W,50.48
YEL077W-A,50.48
YDR029W,50.49
YGL152C,50.49
YDR358W,50.49
YDR517W,50.5
YLR132C,50.5
YGR120C,50.5
YJR050W,50.5
YKL063C,50.51
YBR165W,50.51
YMR049C,50.52
YGR273C,50.52
YGR270W,50.53
YOL093W,50.56
YMR052W,50.56
YOR233W,50.56
YNL244C,50.56
YOR050C,50.57
YPL242C,50.58
YNL024C-A,50.58
YOR037W,50.59
YKL143W,50.59
YNL079C,50.59
YIL070C,50.6
YMR187C,50.61
YDL053C,50.64
YBR161W,50.64
YLR059C,50.64
YLR314C,50.65
YFL031W,50.66
YJR087W,50.66
YHR067W,50.66
YHR021W-A,50.67
YLL044W,50.68
YDR431W,50.69
YNR007C,50.69
YMR213W,50.7
YJL073W,50.7
YHL029C,50.71
YBR091C,50.71
YER119C-A,50.71
YJL083W,50.72
YBR158W,50.72
YDR265W,50.72
YDR535C,50.73
YDR125C,50.73
YBR226C,50.73
YGL214W,50.74
YHL050W-A,50.77
YBR270C,50.77
YPR162C,50.78
YOR276W,50.78
YMR017W,50.79
YDR241W,50.8
YDR458C,50.8
YDR445C,50.8
YNL023C,50.82
YGL014W,50.82
YKL183C-A,50.83
YDR274C,50.83
YFL013W-A,50.85
YBR144C,50.87
YLR299C-A,50.89
YLL021W,50.89
YPR002C-A,50.89
YDL016C,50.89
YGR006W,50.89
YOR281C,50.91
YKL225W,50.91
YHR061C,50.91
YOR178C,50.91
YDR459C,50.92
YNR049C,50.93
YCR106W,50.94
YOR134W,50.95
YDR312W,50.96
YDL098C,50.97
YNL148C,50.98
YPL020C,51.0
YPL260W,51.02
YKL176C,51.03
YDL020C,51.03
YDR429C,51.05
YIR033W,51.06
YJR134C,51.06
YOL128C,51.07
YLR221C,51.07
YPR095C,51.08
YGR288W,51.08
YKL147C,51.1
YNL225C,51.11
YER006C-A,51.12
YMR242C,51.12
YOR312C,51.12
YML093W,51.13
YGL045W,51.14
YKL201C,51.14
YDR013W,51.15
YPL177C,51.16
YNL302C,51.17
YDR423C,51.17
YNL152W,51.17
YKL117W,51.19
YIL177W-A,51.19
YJL225W-A,51.19
YOL051W,51.21
YPL066W,51.21
YJL199C,51.21
YER123W,51.23
YMR161W,51.23
YDR356W,51.23
YNR045W,51.24
YPR005C,51.25
YGL170C,51.26
YDR043C,51.27
YGR101W,51.29
YPL047W,51.29
YMR158W-B,51.29
YMR245W,51.3
YBL083C,51.35
YLR214W,51.35
YCL024W,51.35
YEL045C,51.36
YKL089W,51.36
YGL081W,51.36
YLR096W,51.37
YMR019W,51.37
YMR201C,51.41
YKL019W,51.42
YBR098W,51.42
YDR369C,51.46
YHL041W,51.46
YDR525W,51.46
YDR098C,51.47
YBR189W,51.48
YGR278W,51.48
YML015C,51.49
YDR194C,51.49
YER167W,51.49
YGL098W,51.5
YDR351W,51.5
YIR017C,51.52
YAL009W,51.52
YJL095W,51.53
YOR163W,51.54
YDL129W,51.55
YOR132W,51.55
YDR488C,51.55
YJL169W,51.55
YDL002C,51.57
YGL166W,51.57
YOR092W,51.58
YDR124W,51.59
YOR210W,51.61
YDR159W,51.61
YBR137W,51.61
YOR293W,51.62
YHL006C,51.63
YKL159C,51.64
YNL183C,51.64
YDR280W,51.64
YBR233W,51.67
YIL038C,51.67
YCL055W,51.67
YGL113W,51.68
YMR309C,51.69
YPR023C,51.69
YJL139C,51.69
YOR105W,51.7
YIL117C,51.7
YAL066W,51.71
YFR001W,51.71
YHR212W-A,51.71
YFR056C,51.72
YNL218W,51.74
YLR263W,51.75
YGR076C,51.75
YIL079C,51.75
YGR167W,51.75
YMR173W-A,51.77
YFR034W-A,51.79
YDR076W,51.8
YPL096C-A,51.8
YPL269W,51.83
YDR491C,51.83
YIL033C,51.85
YBR130C,51.86
YKL043W,51.91
YOR367W,51.92
YOR169C,51.92
YDR322W,51.95
YGR146C-A,51.95
YPR072W,51.96
YDL162C,51.97
YBL108W,51.97
YPL075W,51.98
YNL113W,51.99
YIL156W-A,51.99
YDR260C,51.99
YJL077C,52.0
YEL050C,52.0
YGR004W,52.0
YKL036C,52.0
YMR296C,52.01
YER145C-A,52.01
YLR123C,52.01
YER116C,52.02
YGR181W,52.02
YPL009C,52.04
YLR032W,52.04
YPL181W,52.04
YLR104W,52.04
YBR114W,52.05
YMR135W-A,52.05
YGL179C,52.05
YGR092W,52.06
YHR073C-B,52.07
YGR009C,52.08
YIL138C,52.08
YCR076C,52.09
YLR164W,52.09
YBL093C,52.11
YOR047C,52.15
YDR477W,52.16
YOR300W,52.16
YNL094W,52.17
YHR051W,52.17
YKL062W,52.2
YOR212W,52.2
YHR056W-A,52.21
YPL089C,52.22
YEL008W,52.23
YBL031W,52.23
YER102W,52.24
YIL009C-A,52.24
YBL072C,52.24
YDR333C,52.26
YOR177C,52.27
YHR122W,52.27
YDL013W,52.28
YNL314W,52.29
YBL043W,52.29
YNL118C,52.31
YGR263C,52.32
YFR051C,52.34
YHR097C,52.35
YJL019W,52.35
YMR316W,52.36
YLL022C,52.36
YER047C,52.39
YHR185C,52.39
YIR023W,52.39
YJR038C,52.4
YPR136C,52.41
YER180C,52.43
YOR114W,52.43
YPL051W,52.45
YJR007W,52.46
YKL030W,52.46
YPL130W,52.47
YKL061W,52.47
YER129W,52.49
YPL165C,52.49
YLR254C,52.52
YGL041W-A,52.55
YPL222C-A,52.55
YIL112W,52.55
YPR057W,52.56
YKL091C,52.57
YCL042W,52.59
YNL224C,52.6
YOL148C,52.61
YLR176C,52.61
YOL113W,52.61
YER130C,52.61
YAL040C,52.62
YDR133C,52.62
YJL135W,52.62
YKL016C,52.63
YNL298W,52.64
YAL030W,52.64
YPR125W,52.64
YLL042C,52.65
YBR268W,52.65
YPR186C,52.66
YGR293C,52.68
YER183C,52.68
YML117W,52.68
YOR018W,52.68
YOL133W,52.69
YGL069C,52.69
YER169W,52.71
YDR068W,52.71
YER071C,52.71
YMR131C,52.72
YGR126W,52.73
YDR299W,52.79
YOL160W,52.79
YMR091C,52.81
YCL008C,52.84
YGR130C,52.88
YOR396C-A,52.89
YGR296C-B,52.89
YER190C-B,52.89
YNL295W,52.89
YPR204C-A,52.89
YBL113W-A,52.89
YLR466C-A,52.89
YNR009W,52.89
YPL283W-B,52.89
YLR467C-A,52.89
YAL024C,52.9
YGL183C,52.91
YLR326W,52.92
YNL213C,52.92
YLR049C,52.93
YIL156W,52.93
YDR511W,52.94
YKL050C,52.94
YGL217C,52.94
YBL023C,52.94
Q0080,52.97
YER008C,52.97
YNL179C,52.97
YDR225W,53.03
YOR322C,53.03
YBL003C,53.03
YJR093C,53.04
YEL036C,53.04
YKL044W,53.05
YKL162C,53.07
YKL055C,53.07
YOR227W,53.07
YBR212W,53.08
YMR077C,53.08
YBR122C,53.09
YDL228C,53.09
YEL009C-A,53.1
YDL086C-A,53.1
YJL211C,53.1
YNR035C,53.11
YER152W-A,53.11
YDR363W,53.11
YKR006C,53.11
YNL276C,53.14
YBR154C,53.17
YGL226W,53.17
YNL339W-B,53.18
YHR219C-A,53.18
YML133W-B,53.18
YLL067W-A,53.18
YLR427W,53.18
YFL068W,53.18
YLL066W-A,53.18
YDR529C,53.19
YOL004W,53.22
YMR087W,53.22
YCR035C,53.23
YCR047C,53.25
YER111C,53.26
YDR507C,53.26
YPR013C,53.27
YLR294C,53.29
YJR043C,53.29
YMR204C,53.31
YBR048W,53.32
YOR028C,53.32
YDR025W,53.32
YFL023W,53.33
YBR076C-A,53.33
YKL109W,53.34
YNL188W,53.34
YDR545C-A,53.34
YOL121C,53.36
YKL005C,53.36
YER188C-A,53.37
YLR261C,53.38
YLR414C,53.38
YBR138C,53.38
YDR181C,53.38
YDR177W,53.39
YER181C,53.4
YDR500C,53.4
YHL004W,53.4
YGL056C,53.41
YLR131C,53.41
YOL109W,53.42
YDR015C,53.42
YPR019W,53.43
YDR122W,53.44
YKR037C,53.45
YMR086W,53.48
YER186C,53.49
YFR017C,53.49
YKL162C-A,53.53
YDR006C,53.53
YGR016W,53.53
YOR043W,53.56
YGR139W,53.57
YNL251C,53.58
YDL087C,53.6
YOR213C,53.6
YLR223C,53.6
YLR210W,53.61
YGR107W,53.62
YAL031W-A,53.62
YKL088W,53.62
YKR100C,53.62
YGL165C,53.66
YDR249C,53.67
YBL051C,53.69
YCL033C,53.7
YNL174W,53.7
YOR012W,53.71
YPL204W,53.73
YLR101C,53.75
YDL179W,53.76
YDL153C,53.77
YPL255W,53.78
YJR120W,53.79
YDR005C,53.8
YPL233W,53.8
YDR275W,53.81
YGR062C,53.82
YKR090W,53.84
YEL043W,53.86
YER114C,53.86
YPR130C,53.87
YLR099W-A,53.88
YJL187C,53.91
YKR020W,53.91
YNL130C-A,53.92
YHL019W-A,53.92
YMR044W,53.92
YHR146W,53.94
YKL079W,53.96
YKR048C,53.97
YJL031C,53.97
YDR464W,53.99
YMR294W,53.99
YKR061W,54.0
YGL100W,54.01
YJL003W,54.01
YJL127W-A,54.03
YDR123C,54.03
YOR052C,54.04
YMR070W,54.07
YJL173C,54.09
YMR123W,54.1
YML016C,54.1
YBL090W,54.12
YLR154W-A,54.12
YER096W,54.13
YBR194W,54.13
YCL059C,54.15
YPL055C,54.16
YEL056W,54.16
YHL024W,54.16
YKL105C,54.17
YDR439W,54.18
YGR237C,54.18
YDR240C,54.22
YMR179W,54.23
YBL011W,54.23
YLR204W,54.25
YKR095W,54.27
YNR042W,54.27
YLR230W,54.27
YIL011W,54.28
YNL278W,54.29
YLR298C,54.3
YEL050W-A,54.31
YBR214W,54.32
YKL167C,54.33
YHL005C,54.33
YBR279W,54.33
YJR128W,54.34
YCL057C-A,54.34
YGR091W,54.35
YNL197C,54.37
YBR051W,54.37
YDR510W,54.38
YNR054C,54.38
YNL214W,54.4
YOR220W,54.4
YGR153W,54.42
YIL030W-A,54.43
YMR311C,54.44
YBR116C,54.45
YOR238W,54.45
YIL113W,54.46
YJL168C,54.47
YER033C,54.48
YGL216W,54.48
YNL254C,54.49
YOR301W,54.49
YBL103C,54.5
YOL069W,54.5
YLR091W,54.5
YCR077C,54.51
YGR161W-C,54.51
YDR289C,54.52
YHR184W,54.54
YML053C,54.55
YBR156C,54.56
YNR059W,54.58
YGR143W,54.58
YOL085C,54.6
YPR084W,54.6
YOR324C,54.63
YDL056W,54.64
YER019C-A,54.64
YHR119W,54.66
YKL018C-A,54.67
YOR161W-A,54.68
YPL209C,54.68
YNL167C,54.68
YCR020W-B,54.69
YKL101W,54.69
YDL197C,54.7
YNL233W,54.7
YJL141C,54.7
YBR236C,54.7
YGL058W,54.72
YHL023C,54.72
YER040W,54.72
YPR008W,54.73
YAL047C,54.73
YJR034W,54.75
YPR106W,54.76
YDR544C,54.77
YGL188C,54.79
YOL038W,54.81
YGR002C,54.82
YFL010C,54.83
YHR007C-A,54.83
YPL115C,54.84
YDL207W,54.84
YBR300C,54.84
YGR057C,54.86
YBR285W,54.88
YPL119C-A,54.89
YDR145W,54.9
YHL009C,54.91
YLL003W,54.92
YGR067C,54.95
YDR501W,54.95
YDR433W,54.95
YMR227C,54.97
YKL192C,54.98
YDR412W,54.98
YDR213W,54.99
YGL215W,55.0
YHL031C,55.01
YLR102C,55.01
YCL029C,55.02
YLL014W,55.06
YCL032W,55.1
YDL140C,55.1
YPR158W,55.14
YGL181W,55.14
YDL239C,55.16
YGL189C,55.17
YBL054W,55.18
YDR396W,55.18
YFR026C,55.18
YNL296W,55.19
YMR021C,55.22
YPL098C,55.23
YLL041C,55.23
YNR075C-A,55.24
YDL115C,55.24
YGR146C,55.29
YDR337W,55.3
YNL050C,55.32
YIR017W-A,55.33
YLR198C,55.33
YDR215C,55.33
YNL283C,55.33
YDR293C,55.35
YER064C,55.37
YLR257W,55.38
YGL079W,55.42
R0040C,55.44
YOR006C,55.45
YKL083W,55.45
YJL128C,55.45
YBR005W,55.46
YOR077W,55.46
YOR115C,55.47
YML057C-A,55.47
YER148W-A,55.47
YFR046C,55.48
YNR052C,55.48
YJR037W,55.49
YJL170C,55.53
YCR030C,55.55
YLR095C,55.57
YDR207C,55.59
YOL135C,55.6
YOL116W,55.61
YHR152W,55.63
YBR267W,55.65
YJR017C,55.66
YPL158C,55.66
YBL021C,55.67
YPL155C,55.7
YDR063W,55.71
YHL048C-A,55.71
YCR049C,55.71
YOR121C,55.72
YIR040C,55.72
YKL052C,55.73
YGR010W,55.73
YNL309W,55.75
YLR154W-E,55.76
YNL308C,55.78
YLR400W,55.8
YJL076W,55.8
YLR399C,55.81
YAL031C,55.82
YIL109C,55.83
YHR014W,55.84
YER132C,55.87
YLR211C,55.87
YNL272C,55.87
YLR431C,55.87
YER131W,55.89
YLR133W,55.9
YER133W-A,55.9
YIL055C,55.9
YHR034C,55.91
YPL267W,55.91
YDL155W,55.92
YKL042W,55.93
YFL034W,55.93
YDL081C,55.94
YJR060W,55.95
YEL044W,55.96
YJR012C,55.97
YLR154W-F,55.97
YER041W,55.98
YJL084C,56.0
YDR313C,56.0
YNL070W,56.01
YDR486C,56.03
YPR142C,56.03
YFL024C,56.06
YMR140W,56.08
YPL064C,56.09
YJR076C,56.09
YOR355W,56.1
YPL077C,56.1
YBL029C-A,56.13
YBR059C,56.14
YKL065W-A,56.14
YDR389W,56.15
YJR092W,56.16
YDR286C,56.17
YLR098C,56.17
YIR018W,56.21
YKL093W,56.27
YNL255C,56.27
YCR059C,56.28
YPR022C,56.3
YJL202C,56.31
YMR032W,56.32
YFL032W,56.32
YMR016C,56.32
YCL068C,56.33
YHR131W-A,56.39
YKL153W,56.39
YGR152C,56.46
YGL096W,56.46
YLR458W,56.47
YLR183C,56.47
YBL052C,56.48
YOL070C,56.5
YOR096W,56.52
YLR449W,56.52
YCL021W-A,56.54
YAR014C,56.55
YDR485C,56.55
YDL007C-A,56.56
YBL010C,56.57
YGR137W,56.57
YDR094W,56.58
YHL013C,56.58
YER121W,56.6
YDR146C,56.61
YOR264W,56.62
YPR120C,56.63
YNL205C,56.64
YCR065W,56.66
YPL152W-A,56.67
YIR011C,56.7
YDL224C,56.71
YKR075C,56.72
YOR140W,56.73
YER093C-A,56.74
YHR124W,56.74
YMR008C-A,56.78
YAL028W,56.79
YDR259C,56.79
YFL031C-A,56.8
YNR047W,56.8
YOR155C,56.82
YKL223W,56.84
YPL247C,56.86
YML009C-A,56.87
YKL082C,56.88
YKR041W,56.88
YOR023C,56.89
YBL049W,56.89
YAL034C,56.9
YML007C-A,56.93
YGR051C,56.93
YER120W,56.94
YGR162W,56.95
YOR045W,56.97
YLR260W,56.97
YGR156W,56.97
YCR091W,56.98
YNL165W,57.0
YOR004W,57.01
YJR005C-A,57.03
YGL219C,57.03
YCL009C,57.04
YGR182C,57.05
YNL076W,57.06
YIL020C-A,57.06
YML030W,57.07
R0030W,57.07
YNR005C,57.1
YPR107C,57.1
YOR127W,57.11
YDL030W,57.12
YFL015C,57.14
YNL211C,57.14
YHL030W-A,57.16
YMR148W,57.17
YER018C,57.19
YKL204W,57.2
YJL075C,57.22
YDL177C,57.22
YPL099C,57.25
YHL043W,57.25
YDR328C,57.25
YPL133C,57.27
YKL171W,57.28
YOR041C,57.3
YPL056C,57.33
YBR182C,57.34
YLR169W,57.36
YDR171W,57.37
YPL032C,57.37
YBL006C,57.4
YIL031W,57.41
YLR416C,57.42
YJL185C,57.43
YOL166C,57.45
YNL184C,57.46
YDR095C,57.47
YPR036W-A,57.51
YOR073W,57.52
YBR292C,57.52
Q0142,57.54
YPL014W,57.57
YNL078W,57.58
YER180C-A,57.59
YMR040W,57.6
YMR219W,57.61
YFL063W,57.63
YLR421C,57.65
YPR160W-A,57.66
YLR394W,57.66
YNL025C,57.68
YGL175C,57.68
YOL036W,57.69
YPL182C,57.69
YGL019W,57.71
YLR141W,57.73
YPL185W,57.75
YNL289W,57.76
YMR037C,57.76
YML101C,57.76
YKL028W,57.78
YDR348C,57.8
YBR083W,57.82
YGL035C,57.82
YER177W,57.84
YDR435C,57.85
YOL071W,57.86
YCL005W-A,57.86
YNL084C,57.86
YHR116W,57.89
YOR188W,57.92
YHR139C-A,57.92
YMR081C,57.96
YGL197W,57.97
YLR463C,57.98
YJL020W-A,57.98
YEL018C-A,57.99
YDR463W,58.0
YDR543C,58.01
YNR077C,58.01
YER002W,58.06
YAR029W,58.09
YHR118C,58.1
YOR082C,58.12
YDR425W,58.12
YHR135C,58.12
YOL166W-A,58.12
YDR194W-A,58.16
YPL183W-A,58.17
YFR048W,58.19
YOR284W,58.19
YLR236C,58.2
YMR002W,58.21
YOR345C,58.22
YEL075W-A,58.23
YLL009C,58.24
YNL265C,58.24
YLL065W,58.25
YBR089C-A,58.3
YBR225W,58.31
YOR333C,58.31
YLR358C,58.33
YML043C,58.33
YGR103W,58.34
YOR287C,58.34
YMR136W,58.37
YOR357C,58.37
YJR002W,58.37
YIR001C,58.39
YKR102W,58.43
YHR084W,58.48
YML119W,58.48
YPL107W,58.52
YGR045C,58.52
YCR033W,58.53
YMR233W,58.58
YLR312C,58.62
YIL082W,58.66
YAL013W,58.69
YPL105C,58.69
YAR002W,58.71
YHR214W-A,58.72
YIL034C,58.72
YPL050C,58.73
YGR031C-A,58.74
YKR003W,58.75
YBL077W,58.75
YFR054C,58.81
YBL029W,58.82
YGR011W,58.86
YKR077W,58.87
YER088C-A,58.89
YER076W-A,58.9
YDR480W,58.91
YMR107W,58.92
YAL025C,58.93
YMR272W-A,58.96
YMR230W,58.98
YBL085W,58.98
YOR223W,59.01
YJL147C,59.03
YDR106W,59.07
YMR194C-B,59.09
YDR169C,59.11
YLL010C,59.14
YDR442W,59.14
YPR152C,59.14
YIR018C-A,59.18
YLR154W-C,59.18
YAL046C,59.2
YHR036W,59.21
YGR267C,59.22
YCR003W,59.24
YLR353W,59.26
YJR162C,59.28
YJL007C,59.29
YMR193C-A,59.3
YGL070C,59.33
YMR124W,59.34
YPL180W,59.35
YPR124W,59.38
YJR083C,59.4
YNL096C,59.41
YDR469W,59.42
YOR032C,59.42
YLR306W,59.42
YGR044C,59.44
YDL048C,59.49
YNL159C,59.51
YDR420W,59.55
YHR073W-A,59.6
YML114C,59.61
YDR436W,59.62
YKR091W,59.66
YIL056W,59.66
YHR032C-A,59.67
YER115C,59.68
YPL049C,59.71
YNL099C,59.71
YGR203W,59.71
YDR113C,59.75
YPL059W,59.79
YPR171W,59.8
YIR010W,59.8
YDR179C,59.83
YBR090C,59.85
YNL164C,59.88
YDL242W,59.89
YBR157C,59.91
YAR068W,59.92
YOR139C,59.92
YPR087W,59.97
YER011W,59.98
YDR253C,60.01
YER088C,60.08
YBL107W-A,60.09
YNL136W,60.12
YGL122C,60.13
YPR083W,60.13
YOR104W,60.16
YCL076W,60.17
YPL205C,60.21
YHR006W,60.21
YAL011W,60.26
YHR143W,60.28
YNL176C,60.28
YDR045C,60.31
YJL162C,60.37
YLR219W,60.41
YLR330W,60.42
YGL193C,60.44
YMR317W,60.46
YKL195W,60.47
YDL189W,60.54
YJR151W-A,60.56
YIL029W-A,60.56
YKR085C,60.58
YDL076C,60.6
YEL032C-A,60.67
YHL002W,60.68
YOL085W-A,60.69
YGR169C-A,60.7
YBR062C,60.72
YNL277W-A,60.75
YHR086W-A,60.78
YHL006W-A,60.83
YNL228W,60.83
YOR146W,60.84
YMR272W-B,60.84
YBR095C,60.86
YGR014W,60.9
YGR174C,60.92
YCR108C,60.93
YKR073C,60.96
YGR221C,60.96
YLR349W,60.98
YDR451C,60.99
YFR034C,61.01
YLR408C,61.02
YDL151C,61.05
YLR331C,61.07
YML113W,61.11
YER028C,61.13
YPL141C,61.16
YOR009W,61.21
YCR046C,61.27
YDR344C,61.28
YDR031W,61.29
YOL029C,61.3
YAL039C,61.33
YLR116W,61.35
YGR142W,61.42
YEL014C,61.42
YLR125W,61.42
YLR051C,61.48
YFR022W,61.48
YCR088W,61.56
YJR086W,61.61
YNL149C,61.68
YBR112C,61.71
YNL337W,61.73
YGR249W,61.8
YOL013W-A,61.83
YOR344C,61.86
YLR307C-A,61.86
YOR257W,61.87
YOR255W,61.88
YKL097C,61.89
YGL033W,61.9
YER153C,61.96
YDR054C,61.98
YDR290W,61.98
YOR359W,62.0
YJL222W-A,62.05
YLR149C-A,62.05
YIL032C,62.1
YLR295C,62.13
YPR065W,62.14
YKL168C,62.2
YAL019W-A,62.24
YMR164C,62.25
YCL063W,62.31
YLR140W,62.31
YIL100C-A,62.37
YDL181W,62.41
Q0143,62.42
YPL250C,62.43
YBL081W,62.44
YHR157W,62.44
YNR025C,62.53
YPR063C,62.54
YCL051W,62.56
YGL220W,62.59
YBL071W-A,62.6
YIR006C,62.6
YDL051W,62.64
YHR060W,62.66
YFR033C,62.66
YPL046C,62.68
YML122C,62.71
YOR032W-A,62.74
YER045C,62.78
YHR054W-A,62.8
YHR052W-A,62.8
YAL067W-A,62.86
YNL016W,62.96
YGR239C,63.0
YLR315W,63.01
YIL060W,63.01
YEL008C-A,63.05
YOR066W,63.05
YKL172W,63.06
YLR184W,63.07
YBR289W,63.08
YDR475C,63.15
YDR016C,63.18
YJL020C,63.18
YOR338W,63.19
YDR462W,63.21
YBR278W,63.23
YOL108C,63.23
YLR222C-A,63.24
YCR097W,63.28
YBR016W,63.29
YPR154W,63.33
YKL108W,63.35
YLR162W,63.36
YJL151C,63.4
YLR366W,63.52
YHR159W,63.53
YML074C,63.54
YDR099W,63.56
YPR075C,63.58
YDL221W,63.62
YOR282W,63.75
YER084W,63.78
YOR358W,63.83
YKL136W,63.88
YJL136W-A,63.89
YBR233W-A,63.92
YKL086W,63.97
YHR028W-A,64.01
YKR045C,64.06
YNL091W,64.11
YDL196W,64.13
YMR042W,64.14
YGR277C,64.14
YHR090C,64.15
YGR035C,64.17
YHR165W-A,64.19
YKL084W,64.31
YLR200W,64.32
YDL247W-A,64.35
YGL014C-A,64.37
YDR309C,64.39
YOR181W,64.4
YCR099C,64.44
YDR118W-A,64.46
YKL185W,64.47
YOR078W,64.47
YGR206W,64.5
YHR177W,64.58
YFR036W-A,64.59
YBR056W-A,64.62
YOR316C-A,64.65
YLR445W,64.66
YDL045W-A,64.78
YKL013C,64.81
YLR157W-D,64.84
YBL039C-A,64.85
YER106W,64.85
YGR018C,65.0
YBR217W,65.03
YOR381W-A,65.04
YHR149C,65.08
YDL064W,65.19
YDR277C,65.23
YGR086C,65.25
YBR190W,65.33
YDL032W,65.33
YDR003W,65.36
YDL159W-A,65.39
YMR320W,65.4
YDR359C,65.4
YMR194C-A,65.41
YOR106W,65.42
YNL042W,65.42
YER063W,65.46
YER032W,65.48
YNL058C,65.53
YLR079W,65.56
YPL054W,65.57
YPR185W,65.59
YMR273C,65.7
YDR432W,65.8
YKL053W,65.92
YGL118C,65.98
YOR189W,66.0
YDL152W,66.01
YGL121C,66.04
YNL124W,66.04
YLR332W,66.18
YNL161W,66.2
YER158C,66.27
YFR008W,66.29
YOR192C-C,66.3
YPR053C,66.3
YMR039C,66.36
YKL118W,66.43
YPL124W,66.64
YPL230W,66.64
YMR036C,66.65
YOR231C-A,66.66
YGR240C-A,66.67
YDL161W,66.68
YHR189W,66.69
YNR044W,66.83
YOL054W,67.04
YLR311C,67.21
YEL067C,67.24
YGL237C,67.24
YER161C,67.37
YOR329C,67.45
YHL027W,67.49
YDR154C,67.53
YDR130C,67.53
YPR018W,67.54
YMR175W-A,67.64
YGR074W,67.65
YBR231C,67.67
YML012C-A,67.71
YGR268C,67.84
YIR003W,68.14
YCL037C,68.18
YDR455C,68.24
YLR162W-A,68.32
YDR528W,68.35
YGL209W,68.39
YDR014W-A,68.4
YPR177C,68.43
YNL018C,68.53
YDR397C,68.58
YML129C,68.66
YGL007W,68.68
YOL013W-B,68.72
YGR136W,68.76
YAR030C,68.84
YGR161C,68.89
YNL074C,69.0
YHR136C,69.03
YIR016W,69.11
YBL008W-A,69.21
YBR108W,69.35
YOR186C-A,69.41
YHR131C,69.45
YLR317W,69.58
YFL012W,69.65
YPR145C-A,69.72
YAR060C,69.83
YHR212C,69.83
YMR181C,70.02
YJL215C,70.12
YLR390W-A,70.13
YKL023W,70.22
YOR123C,70.28
YOL131W,70.44
YDR374W-A,70.44
YIL135C,70.52
YOL024W,70.55
YNL067W-A,70.56
YKL064W,70.57
YNL034W,70.58
YLR281C,70.64
YKL032C,70.67
YER158W-A,70.7
YDL123W,70.71
YOR343C,70.73
YLR009W,70.78
YHL020C,70.94
YGR023W,71.04
YOR042W,71.04
YJR010C-A,71.07
YIL122W,71.12
YER030W,71.23
YMR206W,71.41
YER138W-A,71.42
YBR071W,71.45
YAL068W-A,72.13
YPR015C,72.36
YLR255C,72.39
YHR145C,72.58
YKL049C,72.79
YDR169C-A,72.84
YOR279C,72.85
YOL019W-A,72.97
YDL186W,72.98
YNR003W-A,73.07
YPL190C,73.32
YDR048C,73.45
YBL100W-C,73.76
YLR437C,73.79
YIR019C,73.9
YLR012C,73.97
YOR304C-A,74.01
YML047W-A,74.08
YNL215W,74.17
YBR103C-A,74.35
YNR006W,74.37
YBR135W,74.89
YJL115W,74.9
YML116W-A,74.98
YMR022W,75.0
YLR457C,75.01
YDR482C,75.12
YGR159C,75.24
YPL114W,75.56
YBL109W,75.86
YCR038W-A,75.97
YBL059C-A,76.17
YMR182C,76.38
YBR196C-A,76.38
YMR255W,76.41
YAL042C-A,76.45
YER175W-A,76.55
YIL152W,76.66
YML027W,76.92
YPR039W,76.95
YOR073W-A,76.98
YLR206W,77.28
YDR271C,77.32
YBL053W,77.37
YMR057C,77.48
YGL007C-A,77.81
YDR115W,78.07
YPR074W-A,78.23
YER104W,78.62
YKL054C,79.31
YDR230W,79.38
YLR337C,80.3
YHR132W-A,80.52
YPR133W-A,80.53
YOR161C-C,80.76
YPL229W,80.76
YKL106C-A,81.18
YJL189W,81.73
YCL054W-A,81.91
YFL010W-A,81.93
YDR354C-A,82.59
YJL118W,82.7
YJR107C-A,82.73
YKR047W,83.12
YDR008C,83.26
YMR043W,83.83
YHR199C-A,84.33
YGR176W,84.4
YMR031W-A,84.49
YLR161W,84.7
YLR159W,84.7
YLR156W,84.7
YNR014W,85.03
YGR115C,85.25
YOR083W,85.31
YHR180C-B,85.83
YPR174C,86.68
YCR022C,87.12
YOR008C-A,87.15
YLR280C,87.23
YGL109W,87.36
YMR315W-A,88.44
YDR246W-A,89.98
YOR248W,89.99
YLR157W-E,95.14
YFR003C,95.55
YNL097W-A,96.41
YKL202W,96.77
YOR072W-A,98.08
YLL019W-A,99.39
YJL052C-A,100.37
YDR210W,100.59
YGR160W,100.92
YDL133C-A,102.31
YDL184C,102.31
YBR072C-A,102.98
YDL012C,103.12
YBR131C-A,103.64
YDR034W-B,104.32
YBR141W-A,106.76
YLR154C-G,108.72
YKR092C,110.8
Q0297,115.08
YBR056C-B,128.57
YAR035C-A,129.41
YOR309C,137.73
YOR053W,153.4
