Systematic Name,Isoelectric Point
YPR123C,2.81
YGR160W,2.91
YIL014C-A,3.14
YOL050C,3.32
YMR316C-B,3.41
YDL159C-B,3.42
YBL071W-A,3.49
YIR023C-A,3.5
YPL136W,3.51
YDL081C,3.53
YDR433W,3.59
YKL096W-A,3.59
YJL075C,3.61
YDL007C-A,3.61
YDL130W,3.62
YJL115W,3.62
YLR331C,3.65
YAL037C-B,3.67
YOL039W,3.68
YDR077W,3.71
YGR106C,3.72
YOR055W,3.72
YFR033C,3.72
YAL016C-A,3.75
YNL131W,3.75
YHR213W,3.75
YGR022C,3.75
YDL041W,3.77
YDR162C,3.77
YNL057W,3.78
YOR009W,3.78
YGL242C,3.79
YOR010C,3.79
YDR382W,3.8
YPL250C,3.81
YDR022C,3.81
YGR014W,3.82
YPL130W,3.82
YAR050W,3.83
YPL250W-A,3.84
YER187W,3.84
YPL163C,3.85
YLR338W,3.86
YEL012W,3.86
YLR435W,3.87
YGR122C-A,3.88
YKR083C,3.89
YIR039C,3.89
YIL011W,3.9
YOL155C,3.9
YAL063C,3.91
YBR109C,3.92
YER150W,3.92
YDR054C,3.92
YAL064W-B,3.92
YLR062C,3.92
YOR383C,3.92
YDR363W-A,3.92
YHR211W,3.93
YPR076W,3.93
YBR067C,3.94
YKR102W,3.95
YDR437W,3.95
YJL065C,3.95
YDR210W,3.95
YDR016C,3.95
YKR092C,3.95
YKR048C,3.96
YNL066W,3.96
YEL037C,3.97
YKR028W,3.97
YGL058W,3.97
YKR058W,3.98
YIR019C,3.98
YDL039C,3.99
YEL073C,3.99
YOR214C,3.99
YDR161W,4.0
YGL250W,4.0
YDL065C,4.0
YNL151C,4.01
YGL079W,4.01
YBL043W,4.02
YOR194C,4.02
YDR276C,4.02
YOL054W,4.02
YBL046W,4.02
YJR093C,4.03
YOR247W,4.04
YOL099C,4.04
YJL116C,4.04
YJL098W,4.04
YDR396W,4.04
YLR438C-A,4.04
YLR099W-A,4.04
YNL113W,4.04
YLR055C,4.04
YPL142C,4.05
YLR125W,4.05
YOL159C,4.05
YAL003W,4.05
YMR173W,4.06
YDR034C-A,4.06
YPR188C,4.06
YPL197C,4.06
YOR123C,4.06
YJR151C,4.07
YJL024C,4.07
YOL009C,4.07
YOR387C,4.07
YIL008W,4.08
YFL010C,4.08
YMR324C,4.08
YDL046W,4.08
YGR167W,4.08
YIR012W,4.09
YJR118C,4.09
YER068C-A,4.09
YGL028C,4.09
YML074C,4.09
YPL046C,4.09
YDR098C,4.1
YAR014C,4.1
YGL258W,4.1
YGR282C,4.1
YNL111C,4.1
YAL064C-A,4.11
YBL062W,4.11
YDR328C,4.11
YPL239W,4.11
YLR076C,4.11
YNL099C,4.11
YFR016C,4.11
YLL044W,4.11
YDL163W,4.11
YNR042W,4.11
YLR114C,4.11
YKR025W,4.12
YDR534C,4.12
YDL005C,4.12
YHR143W,4.12
YMR219W,4.13
YDR100W,4.13
YNR067C,4.13
YCL043C,4.13
YPL190C,4.13
YLR243W,4.13
YKL028W,4.13
YKL190W,4.14
YIL169C,4.14
YJR004C,4.14
YNL144W-A,4.14
YPL186C,4.14
YLR286C,4.14
YGL203C,4.15
YNL206C,4.15
YER092W,4.15
YPR075C,4.15
YNL291C,4.15
YGL127C,4.15
YML062C,4.16
YDR346C,4.16
YDR486C,4.17
YLR421C,4.17
YJR108W,4.17
YGR190C,4.17
YBR232C,4.17
YOL046C,4.17
YOR262W,4.17
YKL056C,4.17
YIL076W,4.18
YER030W,4.18
YLR084C,4.18
YBR088C,4.18
YIL138C,4.18
YOR257W,4.18
YGL102C,4.19
YDR465C,4.19
YJR099W,4.19
YKL195W,4.19
YDR063W,4.19
YKL117W,4.2
YGL069C,4.2
YIL123W,4.2
YDR068W,4.2
Q0250,4.2
YMR227C,4.21
YJL078C,4.21
YJL197W,4.21
YBR092C,4.21
YOR304C-A,4.21
YLR196W,4.21
YDR167W,4.21
YLR330W,4.21
YKL183W,4.21
YLR447C,4.22
YJL123C,4.22
YJR150C,4.22
YDR152W,4.22
YOR358W,4.22
YBR111W-A,4.22
YGR196C,4.23
YBL056W,4.23
YAR066W,4.23
YDR468C,4.23
YHR214W,4.23
YOL030W,4.23
YFR020W,4.23
YIL070C,4.23
YMR131C,4.23
YKR013W,4.23
YDR057W,4.23
YJL079C,4.23
YGR189C,4.24
YCR026C,4.24
YDR383C,4.24
YJR042W,4.24
YML108W,4.24
YBR278W,4.24
YLR181C,4.24
YGL091C,4.24
YGL227W,4.24
YMR307W,4.24
YLR347C,4.25
YGR120C,4.25
YKL160W,4.25
YCR051W,4.25
YHR027C,4.25
YBR017C,4.25
YDL003W,4.25
YKL096W,4.25
YDL099W,4.25
YGL019W,4.25
YOL069W,4.25
YMR305C,4.25
YMR235C,4.25
YER110C,4.26
YNL153C,4.26
YKL046C,4.26
YBR162C,4.26
YOR054C,4.26
YPR187W,4.26
YGR086C,4.26
YCL048W-A,4.26
YGR023W,4.26
YJL158C,4.27
YPR016C,4.27
YLR223C,4.27
YKL143W,4.27
YBR030W,4.27
YDL166C,4.27
YDL151C,4.27
YJR002W,4.27
YIL021W,4.27
YFR036W,4.27
YPR159W,4.27
YER146W,4.27
YOR174W,4.27
YIL002W-A,4.28
YGR017W,4.28
YCR059C,4.28
YGL241W,4.28
YNL079C,4.28
YMR006C,4.28
YLR110C,4.29
YHR012W,4.29
YER174C,4.29
YIL110W,4.29
YNR007C,4.29
YHR122W,4.29
YER009W,4.29
YDR330W,4.29
YMR008C,4.3
YIL034C,4.3
YOR224C,4.3
YMR277W,4.3
YAL016W,4.31
YDR281C,4.31
YNL223W,4.31
YCR088W,4.31
YFR040W,4.31
YGL005C,4.31
YCR075W-A,4.31
YLR449W,4.31
YMR311C,4.31
YJR074W,4.31
YHL017W,4.31
YPR152C,4.32
YAL013W,4.32
YMR297W,4.32
YBR253W,4.32
YJR132W,4.32
YLR315W,4.32
YGL106W,4.32
YDL153C,4.32
YDL110C,4.33
YBL097W,4.33
YDL235C,4.33
YGR163W,4.33
YOR239W,4.33
YLR212C,4.33
YNL215W,4.33
YFR046C,4.33
YGR229C,4.33
YDR526C,4.33
YKR072C,4.33
YDR173C,4.33
YKL125W,4.34
YPL004C,4.34
YMR238W,4.34
YLR295C,4.34
YPL223C,4.34
YKL206C,4.34
YOR138C,4.34
YDR395W,4.34
YOR281C,4.34
YBL047C,4.34
YLR300W,4.34
YDR144C,4.34
YMR195W,4.34
YMR308C,4.35
YNL281W,4.35
YPR002C-A,4.35
YML071C,4.35
YFL023W,4.35
YKL052C,4.35
YDL115C,4.35
YLR297W,4.35
YCR067C,4.35
YGR187C,4.35
YOL025W,4.36
YDR267C,4.36
YGL137W,4.36
YGR214W,4.36
YIL162W,4.36
YDL232W,4.36
YMR046W-A,4.36
YDR384C,4.36
YEL048C,4.37
YLR019W,4.37
YLL022C,4.37
YMR058W,4.37
YMR215W,4.37
YOR370C,4.37
YLR025W,4.37
YFL051C,4.37
YJL175W,4.37
YFL037W,4.37
YEL040W,4.37
YNL246W,4.38
YKR042W,4.38
YGR253C,4.38
YHL030W-A,4.38
YNR046W,4.38
YLR200W,4.38
YIR025W,4.38
YAL044C,4.38
YIL165C,4.38
YNR044W,4.38
YPR148C,4.39
YLR103C,4.39
YJR012C,4.39
YGL229C,4.39
YJR037W,4.39
YDR374W-A,4.39
YDL134C,4.39
YOR369C,4.39
YLR215C,4.39
YFR039C,4.4
YER011W,4.4
YEL001C,4.4
YKL089W,4.4
YGL121C,4.4
YIL015W,4.4
YPL011C,4.4
YLR048W,4.4
YER116C,4.4
YKL142W,4.4
YDR209C,4.4
YDL188C,4.41
YDR211W,4.41
YMR171C,4.41
YLL049W,4.41
YOR007C,4.41
YDR299W,4.41
YOR160W,4.41
YBR093C,4.41
YIL059C,4.41
YAL014C,4.42
YAR003W,4.42
YNL124W,4.42
YDR170C,4.42
YML011C,4.42
YOR111W,4.42
YLR154C,4.42
YOR051C,4.42
YGL154C,4.42
YCR101C,4.42
YLR199C,4.43
YGR279C,4.43
YMR158C-A,4.43
YPR070W,4.43
YOR141C,4.43
YPL219W,4.43
YLR444C,4.43
YGL164C,4.43
YJL173C,4.43
YNL327W,4.43
YBR290W,4.43
YCL049C,4.43
YPL233W,4.43
YOR042W,4.43
YOL082W,4.43
YAR029W,4.43
YOR008C,4.43
YMR222C,4.43
YKR014C,4.43
YDR456W,4.43
YBR062C,4.43
YKL144C,4.43
YDR361C,4.44
YMR260C,4.44
YPL249C,4.44
YDR434W,4.44
YLR160C,4.44
YLR155C,4.44
YPL170W,4.44
YDR469W,4.44
YLR157C,4.44
YMR181C,4.44
YDR420W,4.44
YLR158C,4.44
YDR489W,4.45
YBR272C,4.45
YML058W,4.45
YKL061W,4.45
YJR125C,4.45
YHR200W,4.45
YDL160C-A,4.45
YCR052W,4.45
YIL115C,4.45
YGR143W,4.45
YPL154C,4.45
YOR339C,4.45
YIL104C,4.45
YLL025W,4.46
YFL020C,4.46
YLR340W,4.46
YLR021W,4.46
YHR187W,4.46
YIL102C,4.46
YER190C-A,4.47
YML133W-A,4.47
YBR199W,4.47
YLR120C,4.47
YGR296C-A,4.47
YPL283W-A,4.47
YNL339W-A,4.47
YBL018C,4.47
YER027C,4.47
YEL056W,4.47
YER076C,4.47
YBR081C,4.48
YGR211W,4.48
YDL116W,4.48
YIL071C,4.48
YLR182W,4.48
YBR078W,4.48
YMR186W,4.48
YHR196W,4.48
YJL184W,4.48
YLR307W,4.48
YJR092W,4.48
YDR056C,4.48
YNL193W,4.48
YPR066W,4.48
YML069W,4.48
YDR273W,4.48
YLR146W-A,4.48
YGL033W,4.48
YNR061C,4.49
YDR201W,4.49
YJL146W,4.49
YOR344C,4.49
YHR036W,4.49
YJR072C,4.49
YGR095C,4.49
YDL008W,4.5
YNL148C,4.5
YMR074C,4.5
YML067C,4.5
YJL176C,4.5
YBL021C,4.5
YJR112W,4.5
YCR090C,4.5
Q0010,4.5
YDR221W,4.5
YBL017C,4.5
YJR079W,4.5
YER033C,4.51
YER180C-A,4.51
YKR035C,4.51
YLR128W,4.51
YHR157W,4.51
YJR070C,4.51
YDR532C,4.51
YGR078C,4.51
YOL132W,4.51
YGL153W,4.51
YLR221C,4.51
YBR211C,4.51
YDR325W,4.51
YDL152W,4.51
YHR013C,4.52
YGL259W,4.52
YCR089W,4.52
YLR210W,4.52
YDR078C,4.52
YGR001C,4.52
YLR445W,4.52
YOL037C,4.52
YDR080W,4.53
YOL092W,4.53
YNL189W,4.53
YOR189W,4.53
YKL010C,4.53
YCR082W,4.53
YJL034W,4.53
YJR134C,4.53
YMR048W,4.53
YDR289C,4.53
YLR440C,4.53
YBR287W,4.53
YDL122W,4.53
YMR183C,4.53
YDR518W,4.53
YMR065W,4.53
YPL181W,4.54
YPL240C,4.54
YLR043C,4.54
YOL022C,4.54
YBR279W,4.54
YOR340C,4.54
YER177W,4.54
YOR195W,4.54
YLR257W,4.54
YBR095C,4.54
YDL011C,4.54
YLR179C,4.54
YGR209C,4.54
YER095W,4.54
YPL059W,4.54
YFR052W,4.54
YDR354C-A,4.54
YML001W,4.54
YMR125W,4.54
YNL166C,4.54
YDR099W,4.54
YGL233W,4.54
YHR182C-A,4.55
YBR164C,4.55
YOR260W,4.55
YER139C,4.55
YOR110W,4.55
YBR094W,4.55
YER120W,4.55
YER148W-A,4.55
YOR216C,4.55
YOR152C,4.55
YPL176C,4.55
YDR349C,4.55
YMR294W,4.55
YHR180W,4.56
YDL037C,4.56
YEL034W,4.56
YFR043C,4.56
YOR036W,4.56
YDR398W,4.56
YLR172C,4.56
YDL126C,4.56
YBR247C,4.56
YDL023C,4.56
YMR276W,4.56
YJL140W,4.56
YML007W,4.56
YGR037C,4.56
YIL139C,4.57
YDR193W,4.57
YGL161C,4.57
YJR047C,4.57
YDR020C,4.57
YLL042C,4.57
YGL134W,4.57
YHR193C,4.57
YKL192C,4.57
YBR103W,4.57
YJR006W,4.57
YLL009C,4.58
YCR054C,4.58
YGR159C,4.58
YLR040C,4.58
YMR091C,4.58
YFR036W-A,4.58
YDR441C,4.58
YGL089C,4.58
YER188W,4.58
YDR223W,4.58
YMR117C,4.58
YOL106W,4.58
YML006C,4.59
YOL117W,4.59
YNL258C,4.59
YNL216W,4.59
YGL090W,4.59
YLR341W,4.59
YNL238W,4.59
YPL278C,4.59
YDL058W,4.59
YGR104C,4.6
YLR135W,4.6
YBR271W,4.6
YKR020W,4.6
YMR309C,4.6
YDR113C,4.6
YKL130C,4.6
YLR343W,4.6
YIL140W,4.6
YMR165C,4.6
YMR194C-A,4.6
YLR173W,4.6
YOR186W,4.6
YGR158C,4.6
YDL100C,4.61
YGR013W,4.61
YDR397C,4.61
YPL117C,4.61
YNL312W,4.61
YJL069C,4.61
YJR031C,4.61
YNL164C,4.61
YGL217C,4.61
YCR035C,4.61
YIL041W,4.62
YDR121W,4.62
YPR168W,4.62
YEL017W,4.62
YIR003W,4.62
YHR109W,4.62
YDR045C,4.62
YOR229W,4.62
YGR161W-C,4.62
YGR116W,4.63
YCR076C,4.63
YKL213C,4.63
YKR007W,4.63
YOL011W,4.63
YBL058W,4.63
YER089C,4.63
YER180C,4.63
YIL118W,4.63
YLR106C,4.63
YDL012C,4.63
YNL305C,4.63
YDR527W,4.63
YHR149C,4.63
YKL153W,4.63
YNR032W,4.63
YDR060W,4.63
YNL286W,4.63
YDR352W,4.64
YDL006W,4.64
YCR100C,4.64
YJL169W,4.64
YPR118W,4.64
YKL187C,4.64
YOL154W,4.64
YDR373W,4.64
YDR355C,4.64
YKL088W,4.64
YKL054C,4.65
YJR007W,4.65
YJR076C,4.65
YGL016W,4.65
YKL040C,4.65
YOR041C,4.65
YPL161C,4.65
YBR112C,4.65
YDR229W,4.65
YDR318W,4.65
YCR099C,4.65
YPL036W,4.66
YDR308C,4.66
YDR510W,4.66
YGL044C,4.66
YFL042C,4.66
YAR020C,4.66
YCL050C,4.66
YOR352W,4.66
YBR101C,4.67
YOL098C,4.67
YLL052C,4.67
YNL233W,4.67
YKL112W,4.67
YJR060W,4.67
YMR304W,4.67
YER071C,4.67
YDR066C,4.67
YBR143C,4.67
YOR117W,4.67
YIL099W,4.67
YHR138C,4.67
YJL171C,4.67
YBR077C,4.67
YDR075W,4.68
YPR109W,4.68
YHR160C,4.68
YKR068C,4.68
YHR064C,4.68
YNL061W,4.68
YGR130C,4.68
YPR041W,4.68
YGR020C,4.68
YKL058W,4.68
YOR021C,4.68
YDR168W,4.68
YBL074C,4.68
YDR244W,4.68
YBR053C,4.68
YML093W,4.68
YLR037C,4.68
YLR194C,4.68
YLL024C,4.68
YDR028C,4.68
YLR287C,4.69
YPL120W,4.69
YIL154C,4.69
YER121W,4.69
YLR384C,4.69
YDR363W,4.69
YNR065C,4.69
YKL069W,4.69
YAL022C,4.69
YDR257C,4.69
YML114C,4.69
YHR153C,4.69
YBR127C,4.69
YPL195W,4.7
YPL187W,4.7
YGL027C,4.7
YJL195C,4.7
YDL106C,4.7
YJR097W,4.7
YPL096C-A,4.7
YNL212W,4.71
YER143W,4.71
YAL047C,4.71
YCR057C,4.71
YIL064W,4.71
YLR423C,4.71
YKL191W,4.71
YBL050W,4.71
YML085C,4.71
YNR066C,4.71
YLR220W,4.71
YOR265W,4.72
YML097C,4.72
YNL201C,4.72
YGL207W,4.72
YBR258C,4.72
YER031C,4.72
YOR159C,4.72
YJR129C,4.72
YPR089W,4.72
YGL008C,4.72
YDR280W,4.72
YDR140W,4.72
YHR167W,4.72
YKL210W,4.72
YCL035C,4.72
YHR077C,4.73
YHR204W,4.73
YDR171W,4.73
YAL005C,4.73
YFL031W,4.73
YGR134W,4.73
YNL016W,4.73
YNL228W,4.73
YAL007C,4.74
YML029W,4.74
YDR390C,4.74
YNL308C,4.74
YHR087W,4.74
YNL287W,4.74
YNR029C,4.74
YPL260W,4.75
YDR176W,4.75
YKR082W,4.75
YKL075C,4.75
YJL138C,4.75
YPR180W,4.75
YDR372C,4.75
YBL010C,4.75
YML022W,4.75
YNL163C,4.75
YKR059W,4.75
YGL081W,4.75
YKL019W,4.75
YBR231C,4.75
YIL026C,4.75
YOR389W,4.75
YGL151W,4.76
YPL208W,4.76
YKL033W,4.76
YDR495C,4.76
YGR009C,4.76
YDR079C-A,4.76
YDR331W,4.76
YEL013W,4.76
YBR049C,4.76
YGL053W,4.76
YJL185C,4.76
YNR064C,4.76
YER103W,4.76
YLR250W,4.76
YML028W,4.77
YHR215W,4.77
YLR192C,4.77
YIL068C,4.77
YKL205W,4.77
YHR156C,4.77
YBL023C,4.77
YPL263C,4.77
YJR105W,4.77
YJL151C,4.77
YLR146C,4.77
YNL272C,4.77
YDR179C,4.77
YHL009C,4.77
YMR043W,4.77
YPL178W,4.77
YER094C,4.77
YLR413W,4.77
YJL002C,4.77
YGR128C,4.78
YMR033W,4.78
YLL036C,4.78
YCR011C,4.78
YEL022W,4.78
YPL236C,4.78
YJR058C,4.78
YAR071W,4.78
YBR173C,4.78
YLR285W,4.78
YLL010C,4.78
YLR109W,4.78
YKL039W,4.78
YHL020C,4.78
YFL013C,4.78
YDL234C,4.78
YCR018C-A,4.79
YIR033W,4.79
YDR357C,4.79
YOR299W,4.79
YGL201C,4.79
YCR010C,4.79
YDR270W,4.79
YGR063C,4.79
YBL075C,4.79
YFL041W,4.79
YLR443W,4.79
YNR057C,4.79
YPL010W,4.79
YOR336W,4.79
YIL050W,4.8
YMR022W,4.8
YMR299C,4.8
YKR018C,4.8
YDR183W,4.8
YMR049C,4.8
YGL194C,4.8
YHR195W,4.8
YIL001W,4.8
YHR042W,4.8
YBL014C,4.81
YPR169W,4.81
YGR270W,4.81
YML124C,4.81
YPR176C,4.81
YGR142W,4.81
YOR362C,4.81
YLL050C,4.81
YBR256C,4.81
YPL166W,4.81
YMR185W,4.82
YCL001W-B,4.82
YPR007C,4.82
YKL057C,4.82
YOR069W,4.82
YLL021W,4.82
YGR258C,4.82
YOL013W-B,4.82
YJL159W,4.82
YEL019C,4.82
YCR086W,4.82
YKR090W,4.82
YKL124W,4.82
YDR013W,4.82
YDR485C,4.83
YEL009C,4.83
YLR130C,4.83
YIR014W,4.83
YPL238C,4.83
YFR051C,4.83
YDL063C,4.83
YGR135W,4.83
YLR321C,4.83
YDR457W,4.83
YGR208W,4.83
YLR180W,4.83
YPL026C,4.83
YPL006W,4.83
YOR164C,4.83
YMR317W,4.84
YOR249C,4.84
YER060W-A,4.84
YDR236C,4.84
YER159C,4.84
YGR136W,4.84
YOL159C-A,4.84
YDR156W,4.84
YOR124C,4.84
YKL041W,4.84
YKL053C-A,4.84
YDR189W,4.84
YBR045C,4.84
YGR105W,4.84
YDR143C,4.84
YKR095W,4.85
YPR173C,4.85
YHR151C,4.85
YJR062C,4.85
YIR004W,4.85
YGL238W,4.85
YBL025W,4.85
YGL004C,4.85
YKL135C,4.86
YML010W,4.86
YGR180C,4.86
YDR260C,4.86
YBR058C,4.86
YOR026W,4.86
YBR107C,4.86
YER056C,4.86
YLR301W,4.86
YOL026C,4.86
YGL199C,4.86
YAL034W-A,4.86
YPL106C,4.86
YAL065C,4.86
YCR021C,4.86
YLR277C,4.86
YJR067C,4.86
YNR050C,4.87
YMR029C,4.87
YLR273C,4.87
YLR373C,4.87
YGL093W,4.87
YNL136W,4.87
YPR135W,4.87
YIL073C,4.87
YFL017C,4.87
YNL093W,4.88
YBR261C,4.88
YLL014W,4.88
YGL206C,4.88
YDL154W,4.88
YDR177W,4.88
YDR517W,4.88
YFL045C,4.88
YHL046W-A,4.88
YPL273W,4.88
YLR016C,4.89
YMR106C,4.89
YOL018C,4.89
YGL234W,4.89
YDR365C,4.89
YPR108W,4.89
YFL034W,4.89
YDR005C,4.89
YOL110W,4.89
YGR047C,4.89
YOR254C,4.89
YBR131W,4.89
YJL026W,4.9
YPL139C,4.9
YPR068C,4.9
YER038C,4.9
YPR163C,4.9
YPL125W,4.9
YAL025C,4.9
YNL041C,4.91
YDR320C,4.91
YBR202W,4.91
YHR047C,4.91
YJL019W,4.91
YFR030W,4.91
YGL195W,4.91
YDR416W,4.91
YPL200W,4.91
YKR071C,4.91
YAR028W,4.91
YNL207W,4.91
YMR025W,4.91
YJR094C,4.92
YGR061C,4.92
YOL032W,4.92
YMR042W,4.92
YJL139C,4.92
YKR008W,4.92
YOL146W,4.92
YDR138W,4.92
YIR006C,4.92
YLR424W,4.92
YHR046C,4.92
YLR396C,4.92
YIL062C,4.92
YDR087C,4.92
YIL088C,4.92
YOR368W,4.92
YLR126C,4.92
YGL098W,4.92
YBR052C,4.93
YOR165W,4.93
YOL131W,4.93
YKL073W,4.93
YHR101C,4.93
YFL038C,4.93
YGL253W,4.93
YMR244W,4.93
YGL060W,4.93
YCR036W,4.93
YLR007W,4.93
YHR132C,4.94
YPL281C,4.94
YBR139W,4.94
YJL020C,4.94
YIR016W,4.94
YFR018C,4.94
YCL061C,4.94
YLR053C,4.94
YOR393W,4.94
YMR044W,4.94
YCR007C,4.94
YHR188C,4.94
YAL058W,4.94
YCL030C,4.94
YNR006W,4.94
YLR231C,4.94
YJR109C,4.95
YPL129W,4.95
YDL045C,4.95
YMR211W,4.95
YLR259C,4.95
YFL044C,4.95
YBR286W,4.95
YBR221C,4.95
YHR131C,4.95
YNL049C,4.95
YPL225W,4.95
YFL017W-A,4.95
YPL232W,4.95
YNL222W,4.95
YJL223C,4.96
YGR294W,4.96
YEL049W,4.96
YHR058C,4.96
YEL036C,4.96
YPR017C,4.96
YKL007W,4.96
YIL173W,4.96
YKL002W,4.96
YIL176C,4.96
YJL222W,4.96
YGL261C,4.96
YDR003W,4.96
YGL223C,4.96
YPL235W,4.96
YAL068C,4.96
YHL046C,4.96
YDR217C,4.96
YBR301W,4.96
YIL085C,4.97
YDR338C,4.97
YJL039C,4.97
YEL055C,4.97
YJL043W,4.97
YKR026C,4.97
YPL003W,4.97
YPR072W,4.97
YNL121C,4.97
YNL232W,4.97
YKL224C,4.97
YGR075C,4.98
YDR335W,4.98
YHL012W,4.98
YMR009W,4.98
YCL045C,4.98
YGR066C,4.98
YDR502C,4.98
YDR428C,4.98
YEL042W,4.98
YOR166C,4.98
YHR030C,4.98
YNR002C,4.99
YDR488C,4.99
YOR101W,4.99
YJL049W,4.99
YHR044C,4.99
YDR186C,4.99
YER022W,4.99
YJL061W,4.99
YML088W,5.0
YDR275W,5.0
YCR020C-A,5.0
YOR079C,5.0
YFL014W,5.0
YOR230W,5.0
YOR087W,5.0
YLL034C,5.0
YMR077C,5.0
YNL084C,5.0
YHR185C,5.0
YKR084C,5.0
YOR089C,5.0
YDL155W,5.0
YLR288C,5.0
YGR198W,5.01
YDR261C,5.01
YGR248W,5.01
YCR020C,5.01
YPR189W,5.01
YDR198C,5.01
YMR237W,5.01
YOR332W,5.01
YGR250C,5.01
YIR010W,5.02
YGL244W,5.02
YHR005C-A,5.02
YBR085C-A,5.02
YJR135W-A,5.02
YPL085W,5.02
YMR270C,5.02
YLR038C,5.02
YPL023C,5.02
YNR003C,5.02
YDR288W,5.02
YKL174C,5.02
YBR123C,5.02
YML082W,5.02
YPR193C,5.02
YPL065W,5.02
YKL047W,5.02
YER049W,5.03
YOR197W,5.03
YMR192W,5.03
YOR112W,5.03
YPL218W,5.03
YMR112C,5.03
YKL005C,5.03
YHR158C,5.03
YJL218W,5.03
YLR308W,5.03
YMR054W,5.04
YFR037C,5.04
YJL106W,5.04
YGR100W,5.04
YDL194W,5.04
YAL019W,5.04
YKR093W,5.04
YDR092W,5.05
YJR032W,5.05
YML115C,5.05
YML070W,5.05
YPL001W,5.05
YPL084W,5.05
YDL020C,5.05
YGR205W,5.05
YML109W,5.05
YER016W,5.05
YER037W,5.05
YHR025W,5.05
YGL073W,5.06
YDR262W,5.06
YIR032C,5.06
YBR150C,5.06
YCR045C,5.06
YNL174W,5.06
YHR041C,5.06
YNL107W,5.06
YLR222C,5.06
YKL015W,5.06
YMR028W,5.06
YOL129W,5.06
YJL030W,5.07
YDR483W,5.07
YOR155C,5.07
YPL222W,5.07
YDR150W,5.07
YPR026W,5.07
YNL141W,5.07
YDR400W,5.07
YDR242W,5.07
YNR004W,5.07
YLR144C,5.07
YGL086W,5.08
YML079W,5.08
YPL061W,5.08
YNL160W,5.08
YBL057C,5.08
YKL145W,5.08
YER157W,5.08
YDL047W,5.08
YHR166C,5.08
YDL229W,5.08
YDR321W,5.08
YGL112C,5.08
YIL145C,5.08
YJL157C,5.08
YDR007W,5.08
YJR102C,5.09
YNL285W,5.09
YPR029C,5.09
YKL159C,5.09
YKR096W,5.09
YNL010W,5.09
YNL035C,5.09
YJL070C,5.09
YJR142W,5.1
YDR103W,5.1
YKL013C,5.1
YMR323W,5.1
YHR139C,5.1
YLL026W,5.1
YFR053C,5.1
YEL032W,5.1
YER057C,5.1
YLR248W,5.1
YGR153W,5.1
YBR246W,5.1
YLL018C-A,5.1
YOL109W,5.1
YGL158W,5.11
YNL091W,5.11
YPL231W,5.11
YMR196W,5.11
YBR147W,5.11
YJL167W,5.11
YJR052W,5.11
YOR003W,5.11
YKR095W-A,5.11
YNL243W,5.11
YDL111C,5.11
YBR187W,5.11
YCR043C,5.11
YNL059C,5.12
YOL083W,5.12
YLL004W,5.12
YPL022W,5.12
YJL081C,5.12
YCL010C,5.12
YMR134W,5.12
YHR170W,5.12
YER133W,5.12
YAL062W,5.12
YML013W,5.12
YBR137W,5.12
YGR021W,5.12
YKL109W,5.12
YLR206W,5.12
YGL210W,5.13
YGR287C,5.13
YPR034W,5.13
YDL180W,5.13
YPR083W,5.13
YFR011C,5.13
YER008C,5.13
YKR036C,5.13
YDR129C,5.13
YJL107C,5.14
YDR533C,5.14
YGR218W,5.14
YJL164C,5.14
YNL209W,5.14
YAL026C,5.14
YLR314C,5.14
YNL086W,5.14
YNL090W,5.14
YDR519W,5.14
YPR027C,5.14
YBR233W-A,5.14
YDL228C,5.14
YCL032W,5.14
YBR193C,5.15
YBR034C,5.15
YBR248C,5.15
YMR247C,5.15
YOR154W,5.15
YPR078C,5.15
YBR072W,5.15
YDR105C,5.15
YDR089W,5.15
YJR137C,5.15
YCL034W,5.16
YLL001W,5.16
YHR137W,5.16
YOL086W-A,5.16
YLR138W,5.16
YDL022W,5.16
YHR060W,5.16
YOR270C,5.16
YMR319C,5.16
YPR110C,5.16
YOL112W,5.16
YMR079W,5.16
YNL021W,5.16
YLR386W,5.16
YPL053C,5.16
YNL186W,5.17
YDR394W,5.17
YOL139C,5.17
YHR129C,5.17
YER023W,5.17
YLR254C,5.17
YOL115W,5.17
YMR004W,5.17
YJR064W,5.17
YHR163W,5.17
YML012W,5.17
YER172C,5.18
YAL004W,5.18
YOR335C,5.18
YHR028C,5.18
YMR203W,5.18
YJL216C,5.18
YAL039C,5.18
YDL084W,5.19
YDR038C,5.19
YDL024C,5.19
YKR005C,5.19
YHR199C-A,5.19
YDL211C,5.19
YDR039C,5.19
YOR256C,5.19
YNL330C,5.2
YDL225W,5.2
YFR021W,5.2
YCL076W,5.2
YKL193C,5.2
YOL157C,5.2
YIL053W,5.22
YOR223W,5.22
YER060W,5.22
YPR158W,5.22
YLR085C,5.22
YER104W,5.22
YGR184C,5.22
YBR281C,5.22
YJL111W,5.22
YJL214W,5.22
YKL184W,5.22
YNL176C,5.23
YOL005C,5.23
YGR201C,5.23
YDR530C,5.23
YML125C,5.23
YOL031C,5.23
YJL112W,5.23
YIL003W,5.23
YML068W,5.23
YKL207W,5.23
YJR045C,5.24
YPR069C,5.24
YGR121C,5.24
YDR040C,5.24
YJL029C,5.24
YMR170C,5.24
YPR134W,5.24
YDR432W,5.25
YOR323C,5.25
YOL058W,5.25
YLR113W,5.25
YKL100C,5.25
YBR216C,5.25
YBR011C,5.25
YPR178W,5.25
YCR068W,5.25
YER171W,5.25
YJL172W,5.26
YGR200C,5.26
YBL022C,5.26
YGL100W,5.26
YLR272C,5.26
YGR103W,5.26
YAR042W,5.26
YLR102C,5.26
YML034W,5.26
YOR027W,5.26
YFL059W,5.26
YLL062C,5.26
YLR211C,5.26
YNL333W,5.26
YIL014W,5.26
YLR117C,5.27
YMR096W,5.27
YGR289C,5.27
YOR035C,5.27
YPL228W,5.27
YMR092C,5.27
YGR133W,5.27
YML103C,5.27
YGL213C,5.27
YDR358W,5.27
YLL040C,5.28
YNL032W,5.28
YMR208W,5.28
YJL221C,5.28
YMR041C,5.28
YKL163W,5.28
YIL172C,5.28
YDR031W,5.28
YDL237W,5.28
YER081W,5.28
YER149C,5.28
YER021W,5.29
YIL038C,5.29
YBR169C,5.29
YOL123W,5.29
YEL038W,5.3
YMR039C,5.3
YGR079W,5.3
YBR208C,5.3
YCR053W,5.3
YBR207W,5.3
YGR040W,5.31
YPL171C,5.31
YLR332W,5.31
YLR309C,5.31
YPR160W,5.31
YNL085W,5.31
YNL138W,5.31
YOL052C,5.32
YOR179C,5.32
YOL049W,5.32
YMR200W,5.32
YDR304C,5.32
YDL140C,5.33
YDR481C,5.33
YDR238C,5.33
YJR088C,5.33
YNL313C,5.33
YMR027W,5.33
YML015C,5.33
YML130C,5.34
YLR133W,5.34
YOL004W,5.34
YNL127W,5.34
YGR275W,5.34
YOR261C,5.34
YGR028W,5.34
YIL112W,5.34
YHR197W,5.34
YJR069C,5.34
YGL208W,5.35
YLR093C,5.35
YHR084W,5.35
YNL277W,5.35
YML065W,5.35
YOR075W,5.35
YLR306W,5.36
YLL006W,5.36
YBR195C,5.36
YNL329C,5.36
YFR044C,5.36
YPL277C,5.36
YGL133W,5.36
YCL052C,5.36
YHL034C,5.36
YHL016C,5.36
YGL167C,5.36
YCR042C,5.37
YJL055W,5.37
YLR292C,5.37
YLR057W,5.37
YDR333C,5.38
YMR020W,5.38
YGL257C,5.38
YDL001W,5.38
YDR082W,5.38
YER118C,5.38
YGR082W,5.38
YNL297C,5.38
YPR181C,5.38
YPL111W,5.38
YJR103W,5.39
YGR186W,5.39
YDL216C,5.39
YPL254W,5.39
YOL142W,5.39
YHR201C,5.39
YOR375C,5.39
YBR152W,5.4
YKR027W,5.4
YJL011C,5.4
YKR022C,5.4
YKL196C,5.4
YOL136C,5.4
YNL224C,5.4
YOR126C,5.4
YDR141C,5.4
YHR043C,5.4
YCR084C,5.4
YDR399W,5.4
YDR287W,5.4
YJR121W,5.41
YGR193C,5.41
YJR057W,5.41
YOR306C,5.41
YEL034C-A,5.41
YNL149C,5.41
YLL008W,5.41
YML092C,5.41
YMR146C,5.41
YDL186W,5.41
YLR274W,5.41
YNL001W,5.41
YOL063C,5.41
YHR214C-D,5.42
YPR049C,5.42
YLR397C,5.42
YMR169C,5.42
YAR069C,5.42
YOR178C,5.42
YGL092W,5.42
YPR143W,5.43
YGL101W,5.43
YFL039C,5.43
YPR137W,5.43
YKL162C-A,5.43
YLR154W-A,5.43
YHL025W,5.43
YPL009C,5.43
YPL002C,5.43
YNR023W,5.43
YJL008C,5.44
YBR299W,5.44
YGR292W,5.44
YHR128W,5.44
YJL207C,5.44
YHR029C,5.44
YPL196W,5.44
YOL013C,5.45
YOR259C,5.45
YMR090W,5.45
YMR061W,5.45
YAL017W,5.45
YJL178C,5.45
YLR363C,5.45
YDL195W,5.45
YOR104W,5.45
YAL035W,5.45
YBR298C,5.45
YEL016C,5.46
YBR056W-A,5.46
YDL215C,5.46
YDR484W,5.46
YNL108C,5.46
YJR131W,5.46
YGL150C,5.46
YGL115W,5.46
YNL325C,5.46
YML098W,5.47
YDL060W,5.47
YJL181W,5.47
YCR002C,5.47
YKL181W,5.47
YCL008C,5.48
YLR262C,5.48
YCL018W,5.48
YNL173C,5.48
YGR080W,5.48
YHR018C,5.48
YJL204C,5.48
YDR264C,5.48
YLR437C-A,5.49
YNR055C,5.49
YDL128W,5.49
YJL054W,5.49
YHR068W,5.49
YNR043W,5.49
YLR324W,5.49
YNL029C,5.49
YBR170C,5.5
YGL240W,5.5
YNL182C,5.5
YDR427W,5.5
YLR095C,5.5
YOL045W,5.51
YDR443C,5.51
YER048C,5.51
YBR155W,5.51
YKL105C,5.51
YPR097W,5.51
YHR184W,5.52
YML008C,5.52
YDL029W,5.52
YJR065C,5.52
YER130C,5.52
YOL070C,5.52
YDR111C,5.53
YNR069C,5.53
YPR184W,5.53
YJL074C,5.53
YMR289W,5.53
YOR006C,5.53
YFL022C,5.53
YIL039W,5.53
YDL190C,5.54
YLR208W,5.54
YKR061W,5.54
YNL103W,5.54
YLR060W,5.55
YDR032C,5.55
YCL057W,5.55
YEL041W,5.55
YNR033W,5.55
YDR097C,5.56
YGL130W,5.56
YPL252C,5.56
YDR415C,5.57
YDR487C,5.57
YDR118W,5.58
YFL047W,5.58
YDR166C,5.58
YOR318C,5.58
YGL125W,5.58
YDL161W,5.59
YJR025C,5.59
YOR122C,5.59
YKL060C,5.59
YDR188W,5.59
YMR119W,5.59
YJL080C,5.59
YPL174C,5.59
YHL024W,5.59
YHR019C,5.59
YPL015C,5.6
YHR142W,5.6
YPL226W,5.6
YGR261C,5.6
YGL255W,5.6
YOL133W,5.6
YPR046W,5.6
YDR014W,5.6
YPL160W,5.6
YJL130C,5.6
YOR190W,5.61
YDR137W,5.61
YEL051W,5.61
YMR231W,5.61
YDR542W,5.61
YPL256C,5.62
YJR010W,5.62
YNR031C,5.62
YKL018W,5.62
YBL007C,5.62
YMR199W,5.62
YLL007C,5.62
YDR190C,5.62
YBR032W,5.62
YPL191C,5.63
YGR233C,5.63
YKL033W-A,5.63
YGL228W,5.63
YKL103C,5.63
YDL120W,5.63
YJR053W,5.63
YLR446W,5.63
YPR104C,5.64
YDR147W,5.64
YNR076W,5.64
YML049C,5.64
YOL161C,5.64
YLR429W,5.64
YMR325W,5.64
YER096W,5.64
YLR461W,5.64
YIR041W,5.64
YLL064C,5.64
YBR121C,5.64
YJL170C,5.64
YDR071C,5.64
YCR104W,5.64
YFR047C,5.64
YNL118C,5.65
YIL128W,5.65
YGL152C,5.65
YPR036W-A,5.65
YFL048C,5.65
YER090W,5.65
YKR075W-A,5.66
YIL007C,5.66
YHR126C,5.66
YGL047W,5.66
YMR224C,5.66
YJL222W-B,5.66
YHR009C,5.67
YOR250C,5.67
YDL017W,5.67
YFL029C,5.67
YFL053W,5.67
YEL053C,5.67
YPL064C,5.67
YDL165W,5.68
YPR121W,5.68
YKR079C,5.68
YBL103C,5.68
YOR275C,5.69
YGL009C,5.69
YGR124W,5.69
YIL020C,5.69
YAL002W,5.69
YPL184C,5.69
YJL001W,5.69
YGL157W,5.69
YDR090C,5.7
YEL002C,5.7
YJL066C,5.7
YDR301W,5.7
YHR210C,5.7
YDR529C,5.7
YLR361C,5.71
YLR143W,5.71
YJL153C,5.71
YLR002C,5.71
YOL149W,5.71
YIL017C,5.71
YDR218C,5.71
YGR108W,5.71
YBR186W,5.71
YHR034C,5.71
YLR299W,5.72
YDL226C,5.72
YMR010W,5.72
YNL323W,5.72
YKL217W,5.72
YNL261W,5.72
YOR095C,5.72
YIL149C,5.72
YPR062W,5.73
YIR005W,5.73
YER179W,5.73
YKL182W,5.73
YFL007W,5.73
YGR177C,5.73
YKL173W,5.74
YHR055C,5.74
YDR313C,5.74
YNL242W,5.74
YDR353W,5.74
YAR015W,5.74
YLR336C,5.74
YHR053C,5.74
YPL214C,5.74
YKL116C,5.75
YBR115C,5.75
YEL058W,5.75
YHR190W,5.75
YGR010W,5.75
YGR183C,5.75
YPR164W,5.75
YGL039W,5.75
YDL146W,5.75
YOL144W,5.75
YJR135C,5.75
YLR390W-A,5.75
YKR100C,5.75
YCL029C,5.76
YHR112C,5.76
YER034W,5.76
YDR128W,5.76
YPL258C,5.77
YHR114W,5.77
YAL047W-A,5.77
YCR106W,5.77
YFR050C,5.77
YLR087C,5.77
YER165W,5.77
YEL059C-A,5.77
YMR138W,5.78
YNL265C,5.78
YOR068C,5.78
YPL247C,5.78
YMR321C,5.79
YDR378C,5.79
YMR218C,5.79
YBR057C,5.79
YKL068W-A,5.79
YNL266W,5.79
YHR209W,5.79
YBR019C,5.8
YOR219C,5.8
YPR167C,5.8
YGR071C,5.8
YJL124C,5.8
YNL123W,5.8
YNL172W,5.8
YDR521W,5.8
YDR271C,5.8
YMR202W,5.8
YLR399C,5.81
YFR025C,5.81
YDR050C,5.81
YIL151C,5.81
YAL048C,5.82
YDR388W,5.82
YDL149W,5.82
YOR292C,5.82
YJL099W,5.82
YER136W,5.83
YER003C,5.83
YDL135C,5.83
YOR213C,5.83
YBR149W,5.83
YKR043C,5.83
YGR146C,5.83
YNL135C,5.83
YPL017C,5.83
YMR179W,5.84
YJR003C,5.84
YDL145C,5.84
YNL080C,5.84
YML023C,5.84
YOR361C,5.84
YDL007W,5.84
YGR162W,5.84
YPR127W,5.85
YHR174W,5.85
YHR050W,5.85
YNL054W,5.85
YIR027C,5.85
YNL092W,5.85
YKR057W,5.85
YJL136C,5.85
YKL216W,5.85
YOR276W,5.85
YNL104C,5.85
YML043C,5.85
YML106W,5.85
YNL225C,5.86
YHR051W,5.86
YDR213W,5.86
YKL179C,5.86
YGL202W,5.86
YIL066C,5.86
YER166W,5.87
YGL144C,5.87
YPL272C,5.87
YIR030C,5.87
YCR027C,5.87
YLR377C,5.87
YNL250W,5.87
YDR499W,5.88
YDR498C,5.88
YJR130C,5.88
YBR014C,5.88
YPL145C,5.88
YOL016C,5.88
YDR002W,5.89
YLR129W,5.89
YHL013C,5.89
YNL011C,5.9
YFR015C,5.9
YKR021W,5.9
YDR460W,5.9
YDL238C,5.9
YBL076C,5.9
YBL039C,5.91
YOR039W,5.91
YJR104C,5.91
YLR249W,5.91
YDR322C-A,5.91
YKL050C,5.92
YDL138W,5.92
YPR093C,5.92
YMR178W,5.92
YFL061W,5.93
YBR175W,5.93
YDL217C,5.93
YOR251C,5.93
YLR015W,5.93
YNL335W,5.93
YBL032W,5.93
YFL034C-A,5.93
YNL273W,5.93
YJL137C,5.94
YIL143C,5.94
YER055C,5.94
YDR023W,5.94
YLR030W,5.95
YLR061W,5.95
YLR451W,5.95
YBL041W,5.96
YJL014W,5.96
YIL142W,5.96
YDL112W,5.96
YOR043W,5.96
YFR008W,5.97
YFR014C,5.97
YOL105C,5.97
YPR105C,5.98
R0030W,5.98
YGL036W,5.98
YPL201C,5.98
YJL094C,5.98
YHR033W,5.98
YBL104C,5.98
YOL067C,5.98
YER124C,5.98
YLR431C,5.98
YHR117W,5.99
YOL090W,5.99
YOL137W,5.99
YML036W,5.99
YKR017C,5.99
YBR188C,6.0
YGL097W,6.0
YGR048W,6.0
YDR539W,6.0
YBR126C,6.0
YHR040W,6.0
YDR037W,6.01
YLR011W,6.01
YDL178W,6.01
YPR144C,6.01
YIL024C,6.01
YOL056W,6.01
YKL004W,6.02
YDR438W,6.02
YBL079W,6.02
YHR057C,6.02
YPR165W,6.02
YBR267W,6.02
YDL147W,6.02
YDL070W,6.02
YPR145W,6.02
YAL061W,6.03
YJL062W,6.03
YPL193W,6.03
YNL027W,6.03
YLR216C,6.03
YHR205W,6.03
YIL075C,6.04
YKR078W,6.04
YCL014W,6.04
YGL172W,6.04
YFR003C,6.04
YPL069C,6.04
YOR291W,6.04
YDR093W,6.04
YER100W,6.05
YMR099C,6.05
YDR479C,6.05
YGL040C,6.05
YCR061W,6.05
YIL130W,6.05
YFR055W,6.05
YBR117C,6.05
YDL185W,6.05
YER062C,6.05
YGL248W,6.06
YOL151W,6.06
YHR032W,6.06
YLR070C,6.06
YJR107W,6.06
YNR073C,6.07
YMR229C,6.07
YEL070W,6.07
YDL124W,6.07
YJL041W,6.08
YLR174W,6.08
YFR006W,6.08
YDR310C,6.08
YEL068C,6.08
YOL055C,6.08
YBL067C,6.08
YJR119C,6.08
YLR086W,6.09
YAR027W,6.09
YPR175W,6.09
YGL256W,6.09
YPL183C,6.09
YNL094W,6.09
YGR140W,6.1
YNR052C,6.1
YPR082C,6.1
YCL039W,6.1
YEL030W,6.1
YEL011W,6.1
YBR229C,6.1
YDR110W,6.1
YOR212W,6.1
YER070W,6.1
YGL128C,6.1
YDR282C,6.1
YMR296C,6.1
YPR124W,6.1
YLR044C,6.11
YIR042C,6.11
YNL227C,6.11
YGR087C,6.11
YAR007C,6.11
YDR272W,6.11
YPR019W,6.11
YFR004W,6.11
YNL102W,6.12
YER163C,6.12
YNL134C,6.12
YER059W,6.12
YLR320W,6.12
YER012W,6.13
YOL064C,6.13
YLR072W,6.13
YDL206W,6.13
YNL316C,6.13
YCL011C,6.13
YCL040W,6.13
YLR090W,6.13
YLR329W,6.13
YDR184C,6.13
YJR140C,6.14
YNL014W,6.14
YER067W,6.14
YGL011C,6.14
YDR421W,6.14
YNL279W,6.15
YGL170C,6.15
YIL109C,6.15
YGL062W,6.15
YNL192W,6.15
YAL043C,6.15
YDR334W,6.15
YPL007C,6.16
YJR133W,6.16
YMR116C,6.16
YGR156W,6.16
YGR093W,6.16
YGR003W,6.16
YPR103W,6.16
YNR038W,6.17
YPR060C,6.17
YMR216C,6.17
YMR084W,6.17
YNL024C,6.17
YBL091C,6.17
YFR009W,6.17
YML018C,6.17
YLR316C,6.17
YEL005C,6.17
YBR015C,6.17
YER005W,6.18
YMR130W,6.18
YMR076C,6.18
YHR202W,6.18
YHR069C,6.18
YIL093C,6.18
YPL121C,6.18
YGL159W,6.18
YJR039W,6.18
YCR019W,6.18
YGL095C,6.18
YER175C,6.18
YGL082W,6.19
YJL127C,6.19
YKR054C,6.19
YLR270W,6.19
YJL187C,6.2
YJL044C,6.2
YLR227C,6.2
YBR274W,6.2
YMR300C,6.2
YBL051C,6.2
YLR088W,6.2
YER043C,6.2
YLR166C,6.2
YFR038W,6.2
YGL065C,6.2
YIL030C,6.21
YMR278W,6.21
YNL064C,6.21
YLR162W-A,6.21
YDR516C,6.21
YDL097C,6.21
YBR079C,6.21
YJL132W,6.21
YNR016C,6.21
YCR017C,6.21
YOR118W,6.21
YHR171W,6.21
YLR353W,6.22
YMR063W,6.22
YDR127W,6.22
YJL154C,6.22
YNL241C,6.22
YDR123C,6.22
YOL057W,6.22
YJL101C,6.22
YNL082W,6.23
YPR159C-A,6.23
YDL159W-A,6.23
YCR037C,6.23
YBL034C,6.23
YOL145C,6.23
YER066W,6.23
YGR144W,6.23
YOR133W,6.23
YJL121C,6.23
YAL049C,6.23
YGL037C,6.23
YER026C,6.23
YDR385W,6.23
YJL088W,6.24
YLR385C,6.24
YPL229W,6.24
YOR326W,6.24
YBR280C,6.24
YKL066W,6.24
YDR149C,6.24
YEL046C,6.24
YER024W,6.24
YGR234W,6.24
YHR098C,6.24
YLR456W,6.24
YDR139C,6.25
YLR137W,6.25
YKR088C,6.25
YOR014W,6.25
YMR168C,6.25
YGL067W,6.25
YBR265W,6.25
YGL017W,6.25
YDL131W,6.25
YJL004C,6.26
YHR006W,6.26
YMR236W,6.26
YLR369W,6.26
YMR128W,6.26
YCL048W,6.26
YMR031C,6.26
YOR143C,6.26
YKL161C,6.26
YDR202C,6.26
YEL047C,6.26
YOR238W,6.26
YBR213W,6.26
YMR190C,6.26
YGL145W,6.27
YOR316C,6.27
YIL091C,6.27
YLR442C,6.27
YJL050W,6.27
YDL055C,6.27
YLR024C,6.28
YGR277C,6.28
YLR032W,6.28
YDR329C,6.28
YBL093C,6.28
YIL129C,6.28
YIR036C,6.28
YIR035C,6.28
YLR368W,6.29
YMR284W,6.29
YPR035W,6.29
YML102W,6.29
YML112W,6.29
YDR524C-A,6.29
YDL236W,6.29
YMR159C,6.29
YBL033C,6.29
YDR027C,6.29
YPR179C,6.29
YPL051W,6.29
YBR273C,6.29
YDR283C,6.29
YBR111C,6.3
YDL086W,6.3
YKL166C,6.3
YMR273C,6.3
YPR036W,6.3
YLR039C,6.3
YDL010W,6.3
YNL274C,6.3
YHR024C,6.3
YKR097W,6.31
YLR417W,6.31
YBR008C,6.31
YPL126W,6.31
YHR049W,6.31
YHR219W,6.31
YLR258W,6.31
YBR133C,6.31
YDL091C,6.31
YGL155W,6.31
YHR172W,6.31
YHR182W,6.31
YML057W,6.32
YLR052W,6.32
YLR149C,6.32
YLL035W,6.32
YPL182C,6.32
YMR261C,6.32
YOL019W,6.32
YOR115C,6.32
YDL205C,6.32
YKR066C,6.32
YJR044C,6.32
YHL023C,6.33
YLR354C,6.33
YIR029W,6.33
YGR111W,6.33
YNL119W,6.33
YGR043C,6.33
YEL015W,6.33
YDL080C,6.33
YCR005C,6.33
YFR054C,6.33
YLR271W,6.33
YJR041C,6.33
YHR023W,6.33
YMR243C,6.34
YBR145W,6.34
YER173W,6.34
YOR129C,6.34
YKL172W,6.34
YDR531W,6.35
YDL223C,6.35
YBL068W,6.35
YIL067C,6.35
YGR240C,6.35
YLR001C,6.35
YMR012W,6.35
YGL224C,6.35
YDL090C,6.35
YMR198W,6.35
YHR020W,6.35
YPL162C,6.35
YOR127W,6.35
YHR136C,6.35
YOR285W,6.35
YJR005W,6.35
YMR258C,6.35
YJL217W,6.36
YKL093W,6.36
YDR506C,6.36
YGL190C,6.36
YDR391C,6.36
YNR010W,6.36
YEL060C,6.36
YJR011C,6.36
YDL074C,6.36
YKR074W,6.36
YML104C,6.36
YOL079W,6.37
YDR430C,6.37
YBL060W,6.37
YER065C,6.37
YHL002W,6.37
YOR337W,6.37
YIL116W,6.37
YBL036C,6.37
YDR226W,6.37
YOR202W,6.37
YDR108W,6.38
YJL102W,6.38
YGL120C,6.38
YER020W,6.38
YKL025C,6.38
R0020C,6.38
YBL029W,6.38
YGR126W,6.38
YIL074C,6.38
YNL290W,6.38
YGL141W,6.39
YOR171C,6.39
YHL029C,6.39
YFL008W,6.39
YCR093W,6.39
YLR359W,6.39
YKR075C,6.39
YER105C,6.39
YDR408C,6.39
YBL052C,6.39
YDR081C,6.39
YDL030W,6.4
YKL104C,6.4
YLR134W,6.4
YNL256W,6.4
YLR345W,6.4
YBR135W,6.41
YBR296C,6.41
YLR303W,6.41
YJR089W,6.41
YOR280C,6.41
YML123C,6.41
YER091C,6.41
YNR058W,6.41
YDL169C,6.41
YJR082C,6.41
YCR032W,6.41
YAL024C,6.42
YGR232W,6.42
YDR284C,6.42
YJL156C,6.42
YHR207C,6.42
YJL057C,6.42
YBR196C,6.42
YOL164W,6.42
YIL048W,6.43
YBR001C,6.43
YDR153C,6.43
YLR267W,6.43
YGR115C,6.43
YER099C,6.43
YFL033C,6.43
YHR164C,6.43
YBR056W,6.43
YGR242W,6.43
YOR388C,6.43
YOR057W,6.43
YNL195C,6.43
YKL201C,6.44
YDR212W,6.44
YMR080C,6.44
YGR007W,6.44
YJL109C,6.44
YML003W,6.44
YNL229C,6.44
YGR175C,6.44
YML096W,6.44
YCL016C,6.45
YJR154W,6.45
YHR108W,6.45
YOR032C,6.45
YPL255W,6.45
YIR007W,6.46
YKL126W,6.46
YER164W,6.46
YMR220W,6.46
YGR221C,6.46
YNL267W,6.46
YJL036W,6.46
YIR031C,6.46
YBR218C,6.47
YCR081W,6.47
YMR217W,6.47
YDL123W,6.47
YER036C,6.47
YGL026C,6.47
YDR417C,6.47
YGR179C,6.47
YJR090C,6.48
YGR056W,6.48
YGL041C-B,6.48
YDR203W,6.49
YNL271C,6.49
YHR069C-A,6.49
YOR302W,6.49
YLR232W,6.49
YPL135C-A,6.49
YFR026C,6.49
YOR151C,6.49
YNL006W,6.5
YPR138C,6.5
YOR012W,6.5
YHL030W,6.5
YGR172C,6.5
YDL247W-A,6.5
YDR525W-A,6.5
YPR112C,6.5
YLR247C,6.5
YHR123W,6.5
YHL010C,6.51
YNL019C,6.51
YLR178C,6.51
YOL066C,6.51
YBR204C,6.51
YDR476C,6.51
YJL089W,6.51
YDR497C,6.51
YOL143C,6.51
YDR541C,6.51
YBR074W,6.51
YMR139W,6.51
YGR088W,6.51
YCR060W,6.51
YEL029C,6.51
YNR032C-A,6.51
YKL164C,6.51
YMR085W,6.51
YHR074W,6.51
YNL033W,6.51
YNR063W,6.51
YOL088C,6.51
YHR111W,6.51
YDR403W,6.51
YPR182W,6.51
YDR536W,6.51
YIL137C,6.51
YNL144C,6.51
YOR045W,6.51
YBR082C,6.51
YCL009C,6.51
YLR420W,6.51
YDR380W,6.51
YNL249C,6.51
YHR099W,6.51
YDL021W,6.52
YDR324C,6.52
YLR293C,6.52
YMR228W,6.52
YLL054C,6.52
YGL002W,6.52
YGL262W,6.52
YBR288C,6.52
YNL040W,6.52
YER078C,6.52
YOR184W,6.52
YDL076C,6.52
YGL246C,6.52
YAL012W,6.52
YPR172W,6.52
YML110C,6.52
YHR061C,6.52
YMR246W,6.52
YBR275C,6.52
YLR028C,6.52
YMR120C,6.52
YLL018C,6.53
YPL037C,6.53
YDL004W,6.53
YKR069W,6.53
YHR179W,6.53
YJL060W,6.53
YKL059C,6.53
YDR239C,6.53
YKL024C,6.53
YOR119C,6.53
YGL175C,6.53
YHR076W,6.53
YKL107W,6.53
YBR063C,6.54
YKR016W,6.54
YPL082C,6.54
YBR140C,6.54
YOL165C,6.54
YNL292W,6.54
YGR145W,6.54
YOR078W,6.55
YAL060W,6.55
YNL045W,6.55
YDL171C,6.55
YKL175W,6.55
YLR228C,6.55
YHR079C,6.55
YJR061W,6.55
YDL220C,6.55
YMR272C,6.55
YMR037C,6.55
YBL005W,6.55
YKL034W,6.55
YKL128C,6.56
YHR082C,6.56
YDR422C,6.56
YEL023C,6.56
YCR009C,6.56
YMR197C,6.56
YEL031W,6.56
YOL122C,6.57
YNL130C,6.57
YBR166C,6.57
YMR259C,6.57
YGR288W,6.57
YDR362C,6.57
YIL106W,6.58
YGR271W,6.58
YHL028W,6.58
YPL194W,6.58
YHR124W,6.58
YIL009C-A,6.59
YGR052W,6.59
YMR105C,6.59
YHL050C,6.59
YLR207W,6.59
YGR264C,6.59
YJR024C,6.59
YLR151C,6.59
YHR072W,6.59
YGL014W,6.59
YPL128C,6.59
YML035C,6.59
YJL082W,6.6
YPR018W,6.6
YOR360C,6.6
YAL054C,6.6
YOR157C,6.6
YGR254W,6.6
YOR304W,6.6
YHR183W,6.6
YPR057W,6.6
YNL115C,6.61
YMR053C,6.61
YBR245C,6.61
YGL180W,6.61
YIL063C,6.61
YMR250W,6.61
YLR380W,6.61
YMR315W,6.61
YPL096W,6.61
YDR004W,6.61
YML100W,6.61
YOR173W,6.62
YGR252W,6.62
YGL114W,6.62
YMR154C,6.62
YLL031C,6.62
YBR006W,6.62
YHR063C,6.62
YJR136C,6.62
YGR174W-A,6.62
YCL028W,6.63
YOR131C,6.63
YLR054C,6.63
YLL012W,6.63
YNL158W,6.63
YGR038W,6.63
YOL021C,6.63
YPL158C,6.63
YNL056W,6.63
YFL028C,6.63
YPR190C,6.63
YJL072C,6.64
YGR006W,6.64
YDL210W,6.64
YIR038C,6.64
YOR371C,6.64
YDL172C,6.64
YJL051W,6.64
YHL039W,6.64
YOR187W,6.64
YER052C,6.64
YOL060C,6.64
YDR448W,6.64
YGR099W,6.64
YDR291W,6.65
YLR092W,6.65
YLL057C,6.65
YDL139C,6.65
YDR477W,6.65
YKL080W,6.65
YDR505C,6.65
YHR092C,6.65
YLR433C,6.65
YMR205C,6.65
YDR354W,6.66
YGR155W,6.66
YNL142W,6.66
YDL176W,6.66
YDL013W,6.66
YMR298W,6.66
YKL020C,6.66
YMR038C,6.66
YGL001C,6.67
YOR099W,6.67
YOL087C,6.67
YOL086C,6.67
YBL001C,6.67
YER125W,6.67
YGL094C,6.67
YNR008W,6.67
YKR055W,6.67
YLR153C,6.67
YER152C,6.67
YMR312W,6.67
YGR239C,6.67
YOR185C,6.68
YGR127W,6.68
YBR005W,6.68
YJL100W,6.68
YPL071C,6.68
YLR127C,6.68
YNL129W,6.68
YFR032C,6.68
YOL130W,6.68
YDL095W,6.68
YNL237W,6.68
YIL126W,6.68
YBR284W,6.69
YBR064W,6.69
YJL149W,6.69
YOL116W,6.69
YKL084W,6.69
YDL170W,6.69
YBR023C,6.69
YGR188C,6.69
YMR264W,6.69
YPL156C,6.69
YDL214C,6.69
YIL002C,6.7
YJL068C,6.7
YOL078W,6.7
YDR165W,6.7
YLR403W,6.7
YNL294C,6.7
YML002W,6.7
YPL152W,6.7
YDR216W,6.71
YKL165C,6.71
YPR119W,6.71
YPR204W,6.71
YNL008C,6.71
YDR158W,6.71
YGR041W,6.71
YFL050C,6.71
YDL246C,6.71
YFL025C,6.72
YLR389C,6.72
YGR212W,6.72
YNR071C,6.72
YDR528W,6.72
YAL020C,6.72
YDL144C,6.72
YLR398C,6.72
YOR034C,6.72
YCR102C,6.72
YBR020W,6.72
YMR129W,6.72
YOR374W,6.72
YNL331C,6.73
YMR262W,6.73
YFL004W,6.73
YPR055W,6.73
YBL055C,6.73
YMR318C,6.73
YDL044C,6.73
YMR303C,6.73
YMR162C,6.74
YOL014W,6.74
YBR105C,6.74
YML091C,6.74
YBR012C,6.74
YBR174C,6.74
YLR229C,6.74
YMR110C,6.74
YBR091C,6.74
YKL022C,6.75
YHR079C-A,6.75
YHR180W-A,6.75
YDR269C,6.75
YNR026C,6.75
YPL138C,6.75
YOR108W,6.75
YKL215C,6.75
YER051W,6.75
YDR300C,6.75
YOR083W,6.75
YDR341C,6.76
YDL168W,6.76
YMR071C,6.76
YBR097W,6.76
YGR241C,6.76
YPL119C-A,6.76
YDR059C,6.77
YPL110C,6.77
YER134C,6.77
YBL015W,6.77
YDR109C,6.77
YDR455C,6.77
YOR308C,6.78
YGL087C,6.78
YNR027W,6.78
YER025W,6.78
YHR003C,6.78
YLL055W,6.78
YBR294W,6.78
YHR115C,6.78
YML086C,6.78
YDR307W,6.78
YDR017C,6.78
YBR153W,6.78
YMR059W,6.78
YBR217W,6.78
YDR076W,6.78
YGR019W,6.79
YPR162C,6.79
YGL200C,6.79
YNL304W,6.79
YPL217C,6.79
YNL128W,6.79
YHR110W,6.79
YPL282C,6.79
YPL199C,6.79
YOR016C,6.79
YFR007W,6.79
YDR429C,6.79
YMR123W,6.79
YOL097C,6.79
YOR394W,6.79
YDL243C,6.8
YNL015W,6.8
YCR107W,6.8
YJL155C,6.8
YMR176W,6.8
YNR035C,6.8
YDR461C-A,6.8
YOR048C,6.8
YDR044W,6.8
YHR054C,6.8
YDR470C,6.8
YFR002W,6.81
YMR107W,6.81
YFL067W,6.81
YPL122C,6.81
YDR285W,6.81
YPL131W,6.81
YDL019C,6.81
YJL012C,6.81
YMR226C,6.81
YMR113W,6.82
YGR194C,6.82
YLR266C,6.82
YDL174C,6.82
YAL042W,6.82
YDR180W,6.83
YPL115C,6.83
YIL153W,6.83
YIL031W,6.83
YGR204W,6.83
YKL140W,6.83
YGR260W,6.83
YPL058C,6.83
YAL021C,6.84
YHL019C,6.84
YLR069C,6.84
YJR008W,6.84
YNL247W,6.84
YLR224W,6.84
YLL029W,6.84
YLR425W,6.84
YML004C,6.84
YLR152C,6.84
YGR199W,6.84
YGR278W,6.84
YNL034W,6.85
YCR073W-A,6.85
YDR452W,6.85
YOR342C,6.85
YPL050C,6.85
YLR141W,6.85
YGL077C,6.85
YFL052W,6.86
YDL018C,6.86
YLR260W,6.86
YGR266W,6.86
YBL063W,6.86
YKR064W,6.86
YIL013C,6.86
YJL126W,6.86
YJL064W,6.86
YMR160W,6.87
YDL167C,6.87
YGR057C,6.87
YLR083C,6.87
YCR044C,6.87
YMR124W,6.87
YJL186W,6.87
YMR100W,6.88
YDR245W,6.88
YKR023W,6.88
YBL101C,6.88
YGL071W,6.88
YPR025C,6.88
YDL108W,6.88
YLL028W,6.88
YOL134C,6.88
YLR118C,6.88
YDR496C,6.88
YKR035W-A,6.88
YHR106W,6.88
YEL071W,6.88
YPR155C,6.88
YBL113C,6.89
YKR044W,6.89
YLR328W,6.89
YDR311W,6.89
YKR076W,6.89
YOL126C,6.9
YOL017W,6.9
YDR247W,6.9
YGR178C,6.9
YOR321W,6.9
YNL077W,6.9
YJR106W,6.9
YLL043W,6.9
YJL084C,6.9
YML053C,6.91
YCR069W,6.91
YOR347C,6.91
YKL211C,6.91
YOR132W,6.91
YDL141W,6.91
YER127W,6.91
YOR209C,6.92
YGL187C,6.92
YBL088C,6.92
YDR030C,6.92
YAR035W,6.92
YER018C,6.92
YPR106W,6.92
YOR221C,6.92
YGR246C,6.92
YBR242W,6.92
YJR021C,6.92
YGL015C,6.92
YDR409W,6.93
YLR356W,6.93
YDR034C,6.93
YGL013C,6.93
YKL079W,6.93
YOL138C,6.93
YNL039W,6.93
YGR245C,6.93
YJR143C,6.93
YLR170C,6.93
YNL311C,6.93
YLR132C,6.94
YJR096W,6.94
YJR159W,6.94
YNL262W,6.94
YBR126W-A,6.94
YBR249C,6.94
YGL054C,6.94
YJL144W,6.95
YDL193W,6.95
YFL026W,6.95
YKL197C,6.95
YLR148W,6.95
YJL200C,6.95
YML037C,6.95
YLR438W,6.95
YOL135C,6.95
YMR167W,6.95
YGR094W,6.96
YMR291W,6.96
YDL125C,6.96
YJR009C,6.96
YDL224C,6.96
YOR377W,6.96
YGR192C,6.96
YJR056C,6.96
YOR272W,6.96
YJR091C,6.96
YCL026C-B,6.97
YCL025C,6.97
YNL283C,6.97
YGL110C,6.97
YDR009W,6.97
YLR098C,6.97
YOL075C,6.98
YPR192W,6.98
YAL051W,6.98
YPL077C,6.98
YDL113C,6.98
YLR026C,6.98
YOL096C,6.98
YHR022C,6.99
YOR290C,6.99
YOR144C,6.99
YNL268W,6.99
YNL018C,6.99
YBR179C,7.0
YGR228W,7.0
YDR172W,7.0
YML117W,7.0
YHR037W,7.0
YKR080W,7.01
YPR074C,7.01
YNR072W,7.01
YGR138C,7.01
YER042W,7.01
YLR089C,7.02
YNL036W,7.02
YDR061W,7.02
YIL054W,7.02
YOR333C,7.02
YPL012W,7.02
YGR255C,7.02
YDR425W,7.02
YGL198W,7.02
YPR185W,7.02
YGR032W,7.02
YJL056C,7.02
YMR111C,7.03
YGL146C,7.03
YNR028W,7.03
YNL299W,7.03
YIL078W,7.03
YHR113W,7.03
YBL004W,7.03
YCR079W,7.03
YDR522C,7.04
YNL088W,7.04
YLR163C,7.04
YOL141W,7.04
YHR161C,7.04
YNL156C,7.04
YDR015C,7.04
YBL035C,7.04
YLL058W,7.04
YOR373W,7.04
YPR022C,7.05
YER046W-A,7.05
YJL213W,7.05
YOR264W,7.05
YPL241C,7.05
YIL146C,7.05
YOL081W,7.05
YPR120C,7.05
YDL077C,7.05
YHR206W,7.05
YBL107C,7.06
YCL026C-A,7.06
YBR234C,7.06
YAL069W,7.06
YER007C-A,7.06
YHR075C,7.06
YMR149W,7.06
YHR045W,7.06
YOR106W,7.06
YLR059C,7.06
YOR341W,7.07
YHR130C,7.07
YDR356W,7.07
YNL116W,7.07
YPL045W,7.07
YBR254C,7.07
YMR295C,7.07
YIL023C,7.08
YER087C-A,7.08
YPR024W,7.08
Q0275,7.08
YJR015W,7.08
YJL093C,7.08
YAL045C,7.08
YLR237W,7.08
YML099C,7.09
YPR156C,7.09
YDR423C,7.09
YHR104W,7.09
YDR047W,7.09
YMR221C,7.09
YDR131C,7.09
YOL059W,7.09
YDL035C,7.1
YOR381W,7.1
YMR177W,7.1
YPL052W,7.1
YDR345C,7.1
YPR202W,7.1
YGL216W,7.1
YMR021C,7.11
YBL105C,7.11
YKL087C,7.11
YNR030W,7.11
YJR040W,7.11
YBR276C,7.11
YJL198W,7.11
YMR175W-A,7.12
Q0045,7.12
YLR310C,7.12
YGR044C,7.12
YIL055C,7.12
YHR150W,7.12
YBL016W,7.13
YGL215W,7.14
YBR148W,7.14
YNL288W,7.14
YER183C,7.14
YIL097W,7.15
YFL009W,7.15
YNR039C,7.15
YOR001W,7.15
YNL321W,7.15
YFR005C,7.15
YDR368W,7.15
YML072C,7.15
YCR092C,7.15
YML048W,7.15
YNL165W,7.15
YPR084W,7.15
YJR030C,7.16
YKL132C,7.16
YNL025C,7.16
YBL008W,7.16
YOR074C,7.16
YNL334C,7.16
YHR176W,7.16
YOR086C,7.17
YPR063C,7.17
YGL032C,7.17
YPL087W,7.17
YFR010W,7.17
YMR062C,7.18
YJL059W,7.18
YIL117C,7.18
YLL056C,7.18
YEL007W,7.18
YEL077C,7.18
YHR083W,7.18
YJR049C,7.18
YJR126C,7.18
YJL035C,7.19
YDR292C,7.19
YKL218C,7.19
YPL248C,7.19
YFL005W,7.19
YGR005C,7.2
YOR011W,7.2
YAL056W,7.2
YLR263W,7.2
YOR192C,7.2
YOR109W,7.2
YLR412W,7.2
YKL090W,7.2
YDR248C,7.2
YMR095C,7.2
YLR466W,7.2
YNL117W,7.2
YMR144W,7.2
YFR017C,7.21
YPL113C,7.21
YBR151W,7.21
YDR101C,7.21
YLR362W,7.21
YKL169C,7.21
YBR241C,7.22
YPL203W,7.22
YOR070C,7.22
YDR364C,7.22
YLL013C,7.22
YLR245C,7.22
YNL053W,7.22
YBR132C,7.22
YHL027W,7.23
YJL007C,7.23
YIL125W,7.23
YJR098C,7.23
YOR237W,7.23
YLR460C,7.23
YPL116W,7.23
YNL264C,7.23
YJR066W,7.23
YLR342W,7.23
YGR276C,7.23
YLL032C,7.23
YKR038C,7.24
YKL062W,7.24
YNL120C,7.24
YFR031C,7.24
YBR013C,7.24
YHL026C,7.25
YNL339C,7.25
YPL283C,7.25
YJL038C,7.25
YJR022W,7.25
YER001W,7.25
YKL098W,7.25
YCR028C,7.25
YGR296W,7.25
YGR267C,7.25
YDL072C,7.25
YLR006C,7.25
YHR001W,7.25
YGL156W,7.26
YMR189W,7.26
YOR172W,7.26
YBR163W,7.26
YNL058C,7.26
YJR141W,7.26
YER041W,7.26
YJL031C,7.27
YKL127W,7.27
YPR095C,7.27
YMR147W,7.27
YGL169W,7.27
YPL151C,7.27
YPL175W,7.28
YEL069C,7.28
YDR290W,7.28
YMR288W,7.28
YOR156C,7.28
YPL063W,7.29
YDL182W,7.29
YDL156W,7.29
YLR081W,7.3
YFL003C,7.3
YGR117C,7.3
YPR142C,7.3
YBL011W,7.3
YJL042W,7.31
YFR048W,7.31
YNL152W,7.31
YLR209C,7.31
YHR165C,7.31
YOL061W,7.31
YGR256W,7.32
YKL051W,7.32
YGL124C,7.32
YOR303W,7.32
YDR164C,7.32
YJL005W,7.32
YOR267C,7.32
YMR126C,7.32
YBR016W,7.33
YBR036C,7.33
YNL191W,7.33
YNR056C,7.33
YLR042C,7.34
YPL216W,7.34
YCL058C,7.34
YBR171W,7.34
YER186C,7.34
YAL010C,7.34
YIR002C,7.34
YPL047W,7.34
YLR466C-B,7.34
YDR454C,7.34
YMR019W,7.34
YML101C-A,7.34
YBL045C,7.35
YCR105W,7.35
YIL115W-A,7.35
YKL014C,7.35
YOR301W,7.35
YHR175W-A,7.35
YMR135C,7.36
YMR201C,7.36
YOR128C,7.36
YOR277C,7.36
YPL088W,7.36
YHL007C,7.36
YJR148W,7.36
YLR335W,7.36
YPL067C,7.37
YDR051C,7.37
YJL047C-A,7.37
YCR065W,7.38
YER190W,7.38
YFL066C,7.38
YDL241W,7.38
YBR264C,7.38
YOR113W,7.39
YLR014C,7.39
YLR268W,7.39
YCR023C,7.39
YBL024W,7.39
YIL158W,7.4
YPR169W-A,7.4
YMR060C,7.4
YJL045W,7.4
YLR256W,7.4
YGR125W,7.4
YNL098C,7.4
YDR126W,7.41
YPR126C,7.41
YML116W,7.41
YBL068W-A,7.41
YDR480W,7.41
YDR513W,7.41
YDR234W,7.41
YCR015C,7.41
YDR453C,7.42
YLL063C,7.42
YGL188C-A,7.42
YGL006W,7.42
YDL114W-A,7.42
YOR022C,7.42
YGR059W,7.42
YER098W,7.42
YDR435C,7.42
YBR125C,7.42
YDR132C,7.43
YHR131W-A,7.44
YDR035W,7.44
YDL148C,7.44
YIL057C,7.44
YOL097W-A,7.44
YHL005C,7.44
YGR067C,7.44
YBR285W,7.44
YPR051W,7.44
YGR191W,7.44
YBR198C,7.44
YOL038W,7.45
YHR078W,7.45
YCR077C,7.45
YLR157W-E,7.45
YER075C,7.45
YER087W,7.45
YHR094C,7.45
YEL021W,7.45
YLR010C,7.46
YLR432W,7.46
YPL137C,7.46
YLR401C,7.46
YOR353C,7.46
YPL028W,7.46
YLR236C,7.46
YER014C-A,7.47
YHR175W,7.47
YGL197W,7.47
YJL033W,7.47
YLR058C,7.47
YER113C,7.47
YJL058C,7.48
YPL019C,7.48
YIL177C,7.48
YPR157W,7.48
YFR029W,7.48
YMR314W,7.49
YDR326C,7.49
YMR214W,7.49
YLR195C,7.49
YER010C,7.49
YGL179C,7.49
YPL054W,7.49
YDR256C,7.49
YDL103C,7.49
YLR334C,7.5
YNL210W,7.5
YDR200C,7.5
YJL199C,7.5
YPR037C,7.5
YPL033C,7.5
YAR002C-A,7.5
YBR025C,7.5
YNR017W,7.5
YAL016C-B,7.5
YKL035W,7.5
YDL192W,7.51
YIL147C,7.51
YGL173C,7.51
YLR305C,7.51
YGR274C,7.51
YBR250W,7.51
YML129C,7.51
YGL139W,7.51
YDL137W,7.51
YLR282C,7.51
YHR146W,7.51
YPR085C,7.52
YDL057W,7.52
YKR033C,7.52
YOR040W,7.52
YIL029W-A,7.52
YJR035W,7.52
YBR252W,7.52
YDR320C-A,7.52
YJL046W,7.52
YNL126W,7.52
YPR194C,7.52
YER189W,7.52
YNL254C,7.53
YML118W,7.53
YML038C,7.53
YML052W,7.53
YNL300W,7.53
YLR383W,7.53
YGL221C,7.53
YGR247W,7.53
YGL181W,7.53
YGR263C,7.53
YMR212C,7.53
YKL148C,7.53
YKL203C,7.54
YFL060C,7.54
YPR073C,7.54
YER053C-A,7.54
YDR472W,7.54
YNR074C,7.54
YDR107C,7.54
YER063W,7.54
YBR295W,7.55
YIL108W,7.55
YOR191W,7.55
YOR046C,7.55
YDR169C,7.55
YBR238C,7.56
YDR232W,7.56
YBR297W,7.56
YJL225C,7.56
YAR033W,7.56
YMR087W,7.56
YGR244C,7.56
YDL164C,7.56
YER156C,7.57
YOR220W,7.57
YDR155C,7.57
YPR081C,7.58
YJL085W,7.58
YBL042C,7.58
YDR463W,7.58
YDR096W,7.58
YPL100W,7.58
YER019W,7.58
YFL055W,7.58
YPL246C,7.58
YPR129W,7.58
YPR131C,7.59
YOR134W,7.59
YPR154W,7.59
YOR348C,7.59
YDR214W,7.59
YIR011C,7.59
YDL219W,7.6
YMR036C,7.6
YDR545W,7.6
YOR396W,7.6
YMR150C,7.6
YMR267W,7.6
YLR352W,7.6
YBR098W,7.6
YKL064W,7.6
YLR189C,7.6
YDR407C,7.6
YER032W,7.6
YJL047C,7.6
YLR467W,7.6
YHL021C,7.6
YNR075W,7.61
YKL151C,7.61
YNL240C,7.61
YGL245W,7.61
YDR279W,7.61
YOR363C,7.62
YIL105W-A,7.62
YKL134C,7.62
YOL128C,7.62
YLR450W,7.62
YOL140W,7.62
YNL235C,7.62
YOR335W-A,7.62
YOR049C,7.62
YKL017C,7.63
YMR194C-B,7.63
YMR251W,7.63
YKR031C,7.63
YPR006C,7.63
YNL095C,7.63
YGL196W,7.64
YBR018C,7.64
YML076C,7.64
YLR351C,7.65
YBL066C,7.65
YGL165C,7.65
YNL050C,7.65
YMR223W,7.65
YMR209C,7.65
YJR124C,7.65
YOR269W,7.65
YPR031W,7.65
YJR110W,7.65
YLR436C,7.66
YJL125C,7.66
YNR034W,7.66
YHL014C,7.66
YGL117W,7.66
YHR096C,7.66
YDR199W,7.66
YGR203W,7.66
YNL318C,7.66
YMR089C,7.66
YNL293W,7.66
YNL004W,7.67
YCR066W,7.67
YDR011W,7.67
YOR211C,7.67
YBR035C,7.67
YML101C,7.68
YOR317W,7.69
YLR437C,7.69
YMR174C,7.69
YPL095C,7.69
YER137W-A,7.69
YGR077C,7.69
YGL070C,7.69
YIL046W,7.69
YKL145W-A,7.7
YHR005C,7.7
YIL160C,7.7
YPR044C,7.7
YDR053W,7.7
YOL104C,7.7
YIL164C,7.7
YLR299C-A,7.7
YPR010C,7.7
YGL251C,7.7
YNL062C,7.7
YDR293C,7.71
YFL046W,7.71
YJR139C,7.71
YOL065C,7.71
YPL213W,7.71
YAL029C,7.71
YPL224C,7.71
YJR107C-A,7.72
YLR115W,7.72
YKL178C,7.72
YLL015W,7.73
YKR053C,7.73
YBL100C,7.73
YPL165C,7.73
YLR358C,7.73
YMR104C,7.74
YNL139C,7.74
YGL049C,7.74
YBR083W,7.75
YLR387C,7.75
YHR039C,7.75
YLR464W,7.75
YEL076C-A,7.75
YOR391C,7.75
YEL020C,7.75
YPL280W,7.75
YNL296W,7.76
YLR439W,7.76
YNL314W,7.76
YEL059W,7.76
YOR071C,7.76
YBR233W,7.76
YGR281W,7.76
YDR523C,7.76
Q0143,7.77
YBR022W,7.77
YJL016W,7.77
YAL023C,7.78
YBR059C,7.78
YNL326C,7.78
YGR055W,7.78
YOL089C,7.78
YGR123C,7.78
YPL133C,7.78
YMR283C,7.78
YOL007C,7.78
YAL038W,7.78
YDL104C,7.79
YBR047W,7.79
YAR008W,7.79
YLR190W,7.79
YKR004C,7.79
YPR133C,7.79
YLR056W,7.79
YNR019W,7.8
YBR069C,7.8
YNR012W,7.8
YCR064C,7.8
YML057C-A,7.8
YLR283W,7.8
YKL212W,7.8
YBL080C,7.8
YDR508C,7.8
YLR108C,7.8
YCR012W,7.8
YER184C,7.8
YOL076W,7.81
YOR137C,7.81
YOR394C-A,7.81
YLR411W,7.81
YJR114W,7.81
YOR244W,7.82
YNL097C,7.82
YER015W,7.82
YML128C,7.83
YPL103C,7.83
YDR205W,7.83
YCR073C,7.83
YLR422W,7.83
YHL008C,7.83
YML081W,7.83
YEL066W,7.84
YCR094W,7.84
YPL234C,7.84
YBR043C,7.84
YLR005W,7.84
YDR343C,7.84
YDR342C,7.84
YHR154W,7.84
YER147C,7.84
YLR097C,7.84
YGL166W,7.84
YMR023C,7.85
YIL021C-A,7.85
YIL046W-A,7.85
YGL038C,7.85
YNL320W,7.85
YLL039C,7.85
YOR076C,7.86
YGL023C,7.86
YGR240C-A,7.87
YPR033C,7.87
YOR153W,7.87
YJR156C,7.87
YNL208W,7.88
YPL274W,7.88
YKR104W,7.88
YHR116W,7.88
YDR001C,7.88
YNL255C,7.88
YHR186C,7.89
YLR017W,7.89
YOR380W,7.89
YER132C,7.89
YLR409C,7.89
YEL076C,7.89
YPL264C,7.89
YER013W,7.89
YLR213C,7.89
YLR404W,7.9
YNL338W,7.9
YNL187W,7.9
YBR227C,7.9
YGL254W,7.9
YLR240W,7.9
YJL087C,7.9
YCR038C,7.91
YNL023C,7.91
YDR458C,7.91
YLR226W,7.91
YBR002C,7.91
YMR114C,7.91
YLL066W-B,7.92
YOR210W,7.92
YOR314W,7.92
YBR177C,7.92
YPL253C,7.92
YJR016C,7.92
YCR085W,7.92
YGR018C,7.92
YGL148W,7.92
YNL275W,7.92
YMR140W,7.92
YIR028W,7.92
YPR087W,7.92
YKL118W,7.93
YML005W,7.93
YER091C-A,7.93
YDR228C,7.93
YNL074C,7.93
YML127W,7.93
YPR067W,7.93
YJL013C,7.93
YDR106W,7.93
YDR379W,7.94
YPL153C,7.94
YDR034W-B,7.94
YNL132W,7.94
YLL066C,7.94
YBR028C,7.94
YFR034C,7.95
YOR356W,7.95
YHR144C,7.95
YDL093W,7.95
YPR196W,7.95
YLR319C,7.95
YGR146C-A,7.95
YOR177C,7.95
YDR315C,7.95
YLR405W,7.95
YAR023C,7.96
YIL005W,7.96
YLR244C,7.96
YDR404C,7.96
YPL091W,7.96
YOR329C,7.96
YJR063W,7.96
YCR049C,7.96
YMR285C,7.96
YGR170W,7.96
YLL061W,7.97
YAL033W,7.97
YOR351C,7.97
YER151C,7.97
YOR243C,7.97
YMR137C,7.98
YKL162C,7.98
YOR204W,7.98
YHR173C,7.98
YGL214W,7.98
YPR040W,7.99
YKL149C,7.99
YFR013W,7.99
YIL058W,7.99
YMR164C,7.99
YBR061C,7.99
YAR019C,8.0
YJL103C,8.0
YNL270C,8.0
YGR219W,8.0
YKL038W,8.0
YBR021W,8.0
YDR072C,8.0
YOR328W,8.0
YEL043W,8.0
YDR406W,8.0
YDL101C,8.0
YIR008C,8.0
YKR002W,8.0
YKL091C,8.01
YIL155C,8.01
YOL027C,8.01
YMR015C,8.01
YIL156W,8.02
YNL276C,8.02
YKL083W,8.02
YNL071W,8.02
YKL154W,8.02
YOL124C,8.03
YGR290W,8.03
YGL088W,8.03
YJR034W,8.03
YHL044W,8.03
YMR152W,8.03
YNL239W,8.03
YPL105C,8.03
YGR213C,8.03
YDL073W,8.03
YBL095W,8.03
YLR063W,8.03
YLR225C,8.03
YNR070W,8.03
YDR520C,8.03
YEL026W,8.04
YHR118C,8.04
YJL020W-A,8.04
YPL008W,8.04
YNL161W,8.04
YJR160C,8.04
YOR146W,8.04
YLR205C,8.05
YJR158W,8.05
YKR063C,8.05
YOR236W,8.05
YAL053W,8.05
YOR203W,8.06
YDL244W,8.06
YIL159W,8.06
YFL058W,8.06
YOL024W,8.06
YDL050C,8.06
YPL144W,8.06
YGL111W,8.06
YKL209C,8.06
YPR183W,8.06
YKL186C,8.06
YLR049C,8.07
YER162C,8.07
YOR376W-A,8.07
YER167W,8.07
YGL185C,8.07
YJR127C,8.07
YPR170W-B,8.07
YDL143W,8.07
YOL073C,8.07
YER039C-A,8.07
YLR082C,8.08
YIL113W,8.08
YDR445C,8.08
YJL206C,8.09
YDL102W,8.09
YFR028C,8.09
YDL160C,8.09
YNR047W,8.09
YGL252C,8.09
YML075C,8.09
YJR117W,8.09
YJL108C,8.09
YOR253W,8.09
YBR266C,8.09
YLL067C,8.1
YLR291C,8.1
YEL027W,8.1
YGL184C,8.1
YLR418C,8.1
YDL218W,8.1
YGL105W,8.1
YJR020W,8.1
YCR014C,8.11
YDR410C,8.11
YDL209C,8.11
YKR032W,8.11
YBR138C,8.11
YJR078W,8.11
YML111W,8.11
YLR265C,8.11
YIR023W,8.11
YKL110C,8.12
YGR270C-A,8.12
YBR102C,8.12
YNR013C,8.12
YDL088C,8.12
YOR283W,8.12
YML133C,8.12
YGL192W,8.12
YJL076W,8.13
YJL145W,8.13
YDL162C,8.13
YKL081W,8.13
YPL221W,8.13
YGL178W,8.13
YCL047C,8.13
YHR090C,8.13
YHL002C-A,8.13
YKR052C,8.13
YDL071C,8.13
YHR103W,8.14
YOR125C,8.14
YPL123C,8.14
YPR047W,8.14
YFL030W,8.14
YDL002C,8.15
YDR303C,8.15
YJL162C,8.15
YKL042W,8.15
YIR026C,8.15
YOL029C,8.15
YDL079C,8.15
YGL022W,8.15
YGL051W,8.15
YMR207C,8.15
YHL032C,8.15
YAL067C,8.15
YDR294C,8.15
YBR236C,8.15
YKR089C,8.16
YGL107C,8.16
YMR069W,8.16
YPR021C,8.16
YBR055C,8.16
YLR454W,8.16
YPR107C,8.16
YGL059W,8.17
YDL245C,8.17
YML051W,8.17
YGL050W,8.17
YJL203W,8.17
YPR091C,8.17
YER068W,8.17
YAL037W,8.17
YJR122W,8.17
YNR048W,8.17
YMR306W,8.17
YAR031W,8.17
YIL094C,8.18
YGL122C,8.18
YIL037C,8.18
YBR080C,8.18
YJL006C,8.18
YHR102W,8.18
YBR210W,8.18
YDR124W,8.18
YDR235W,8.18
YAL015C,8.18
YKR001C,8.18
YNL055C,8.18
YDR062W,8.19
YOL101C,8.19
YDR367W,8.19
YIL033C,8.19
YIL105C,8.19
YPR198W,8.19
YLR370C,8.19
YEL065W,8.19
YAL031W-A,8.2
YKL048C,8.2
YEL025C,8.2
YPL102C,8.2
YEL053W-A,8.2
YML034C-A,8.2
YKR010C,8.2
YOR325W,8.2
YNL162W-A,8.2
YJR001W,8.2
YGR109C,8.2
YDL212W,8.2
YKL115C,8.2
YIL100W,8.21
YDL230W,8.21
YEL024W,8.21
YGL042C,8.21
YGL140C,8.21
YNL105W,8.21
YKL157W,8.21
YCL051W,8.21
YER172C-A,8.21
YOR139C,8.21
YNL231C,8.21
YLR104W,8.21
YLR408C,8.21
YPR199C,8.21
YKL147C,8.21
YMR272W-B,8.22
YLR364W,8.22
YDR387C,8.22
YOR186C-A,8.22
YFL018C,8.22
YDL189W,8.22
YLL037W,8.22
YIL036W,8.22
YLL048C,8.22
YNL332W,8.22
YCL005W,8.22
YMR155W,8.22
YGL235W,8.22
YOL166W-A,8.22
YGR060W,8.22
YER045C,8.22
YOR120W,8.22
YNL244C,8.22
YJR054W,8.22
YJL211C,8.22
YHR107C,8.23
YDR286C,8.23
YLR399W-A,8.23
YPR147C,8.23
YLR034C,8.23
YER023C-A,8.23
YKL222C,8.23
YCR047W-A,8.23
YJL077W-A,8.24
YML059C,8.24
YNR005C,8.24
YBR024W,8.24
YLR304C,8.24
YDR258C,8.24
YMR172W,8.24
YER178W,8.24
YGL041C,8.24
YGR141W,8.25
YDR392W,8.25
YLR241W,8.25
YJL025W,8.25
YHR155W,8.26
YER142C,8.26
YBL109W,8.26
YHR056C,8.26
YER061C,8.26
YBR176W,8.26
YIL100C-A,8.26
YBL073W,8.27
YBR283C,8.27
YBR223C,8.27
YDR426C,8.27
YDR069C,8.27
YFR024C-A,8.27
YPL207W,8.27
YBR237W,8.28
YCR041W,8.28
YDL109C,8.28
YOR207C,8.28
YOR315W,8.28
YEL061C,8.28
YLR035C,8.28
YGR238C,8.28
YLR376C,8.28
YML020W,8.28
YDR046C,8.28
YNL317W,8.28
YBR050C,8.28
YAR064W,8.29
YDR074W,8.29
YCL054W,8.29
YOR065W,8.29
YPL040C,8.29
YNL012W,8.29
YBR212W,8.29
YHR213W-B,8.29
YML056C,8.29
YOR084W,8.29
YHR016C,8.3
YDL043C,8.3
YOR092W,8.3
YJL219W,8.3
YPR191W,8.3
YKL029C,8.3
YPL108W,8.3
YOR162C,8.3
YOR064C,8.31
YNL204C,8.31
YBL053W,8.31
YCL022C,8.31
YKL001C,8.31
YLR168C,8.31
YJR153W,8.31
YOR354C,8.31
YMR279C,8.32
YER073W,8.32
YGR098C,8.32
YGR091W,8.32
YML126C,8.32
YBR087W,8.32
YPL180W,8.32
YDL240W,8.32
YGR181W,8.32
YGL247W,8.32
YBR129C,8.32
YKL136W,8.32
YIL072W,8.32
YAR073W,8.32
YOR163W,8.32
YPL044C,8.33
YOR349W,8.33
YOR218C,8.33
YEL020W-A,8.33
YGR024C,8.33
YDR344C,8.33
YGL083W,8.33
YLR284C,8.33
YGL243W,8.33
YDR250C,8.33
YDR537C,8.33
YJR033C,8.33
YGL034C,8.33
YKL074C,8.34
YKR073C,8.34
YOL003C,8.34
YHL040C,8.34
YPR099C,8.34
YOR116C,8.35
YBR068C,8.35
YCL017C,8.35
YKL045W,8.35
YGR122W,8.35
YBR225W,8.35
YCR016W,8.36
YMR052W,8.36
YGR029W,8.36
YKL032C,8.36
YNR054C,8.37
YDR419W,8.37
YPL212C,8.37
YNL220W,8.37
YLR033W,8.37
YPL025C,8.37
YGR012W,8.37
YKR086W,8.37
YDR119W,8.37
YMR322C,8.38
YOR161C,8.38
YOL125W,8.38
YJL163C,8.38
YDR371W,8.38
YFR022W,8.38
YCR048W,8.38
YEL020C-B,8.38
YHL045W,8.38
YJL010C,8.38
YOR273C,8.39
YOL103W,8.39
YDR255C,8.39
YOL042W,8.39
YML131W,8.39
YGL018C,8.39
YLR004C,8.39
Q0085,8.39
YPL262W,8.4
YML042W,8.4
YML016C,8.4
YLR278C,8.4
YHL047C,8.4
YBL108W,8.4
YBR201W,8.4
YDR503C,8.4
YEL072W,8.41
YGR225W,8.41
YDR370C,8.41
YJR075W,8.41
YBR183W,8.41
YKL114C,8.41
YBR114W,8.41
YOR062C,8.41
YER168C,8.42
YLR322W,8.42
YOL020W,8.42
YOR231W,8.42
YKR099W,8.42
YMR011W,8.42
YER144C,8.42
YIR037W,8.42
YGL249W,8.42
YMR204C,8.43
YPL031C,8.43
YMR030W,8.43
YHR026W,8.43
YPR003C,8.43
YIL103W,8.43
YDR369C,8.43
YCR004C,8.43
YHL006C,8.43
YJR149W,8.43
YOR278W,8.44
YKR041W,8.44
YGL236C,8.44
YIL141W,8.44
YKR105C,8.44
YGR210C,8.44
YOL062C,8.44
YER046W,8.45
YOR378W,8.45
YJL133W,8.45
YML084W,8.45
YEL003W,8.45
YDR351W,8.45
YER069W,8.45
YGL230C,8.45
YBR269C,8.45
YBR136W,8.45
YOR246C,8.46
YHR105W,8.46
YDR459C,8.46
YPR170W-A,8.46
YGR206W,8.46
YDL025C,8.46
YEL075C,8.47
YAL055W,8.47
YBL026W,8.47
YML121W,8.47
YDR194W-A,8.47
YER119C-A,8.47
YKL138C-A,8.47
YNL200C,8.47
YOL035C,8.47
YHL011C,8.47
YDR142C,8.47
YOR258W,8.47
YFR056C,8.48
YGL220W,8.48
YAR053W,8.48
YKL031W,8.48
YDL158C,8.48
YBR071W,8.48
YMR193C-A,8.48
YOR135C,8.48
YOR192C-C,8.48
YEL018C-A,8.49
YML031W,8.49
YNL125C,8.49
YAL030W,8.49
YOR033C,8.49
YBR289W,8.49
YOR331C,8.49
YDR073W,8.49
YDR094W,8.49
YJL202C,8.49
YML012C-A,8.49
YGL191W,8.49
YPR146C,8.49
YPR030W,8.49
YKL121W,8.49
YER181C,8.5
YJR018W,8.5
YGL263W,8.5
YFR010W-A,8.5
YPR200C,8.5
YGL260W,8.5
YIL142C-A,8.5
YPR117W,8.5
YDL203C,8.5
YNR014W,8.5
YOL034W,8.5
YBL029C-A,8.5
YDR036C,8.5
YDR222W,8.5
YNL183C,8.5
YML058W-A,8.51
YBR243C,8.51
YIL042C,8.51
YGR068C,8.51
YJL022W,8.51
YJL136W-A,8.51
YJL053W,8.51
YHR086W,8.51
YPR023C,8.51
YJL141C,8.51
YLR131C,8.51
YOR161C-C,8.51
YBR141W-A,8.51
YHL048W,8.51
YOL019W-A,8.51
YKL111C,8.51
YOR038C,8.51
YPR039W,8.51
YNL145W,8.51
YDR461W,8.51
YNR011C,8.52
YJR161C,8.52
YPR122W,8.52
YMR158W-B,8.52
YDR058C,8.52
YBR041W,8.52
Q0130,8.52
YNL217W,8.53
YLR154W-F,8.53
YLR286W-A,8.53
YGR157W,8.53
YDR319C,8.53
YIL131C,8.53
YML066C,8.53
YGR068W-A,8.53
YGL176C,8.54
YGR217W,8.54
YHR217C,8.54
YKR051W,8.54
YKR098C,8.54
YER122C,8.54
YKL094W,8.54
YBR239C,8.54
YML009W-B,8.55
YHR181W,8.55
YDR446W,8.55
YML014W,8.55
YLR027C,8.55
YDR323C,8.55
YJL165C,8.55
YIL083C,8.55
YLR361C-A,8.55
YOR005C,8.55
YBR160W,8.55
YOR289W,8.55
YOL044W,8.56
YDR444W,8.56
YMR078C,8.56
YLR003C,8.56
YMR210W,8.56
YML054C-A,8.56
YNL067W-A,8.56
YPL075W,8.56
YNL218W,8.56
YFR019W,8.56
YML032C,8.56
YLR382C,8.56
YPL109C,8.57
YML094C-A,8.57
YGL075C,8.57
YDR135C,8.57
YPL148C,8.57
YJL052W,8.57
YKL026C,8.57
YAL036C,8.57
YBR096W,8.57
YBL069W,8.57
YMR313C,8.58
YOR390W,8.58
YFR035C,8.58
YPL279C,8.58
YJL009W,8.58
YLR186W,8.58
YDL022C-A,8.58
YMR213W,8.59
YNL197C,8.59
YML019W,8.59
YDR492W,8.59
YBL098W,8.59
YER145C,8.59
YEL063C,8.59
YOL156W,8.6
YLR187W,8.6
YHR178W,8.6
YBR260C,8.6
YML046W,8.6
YPL092W,8.6
YJL183W,8.6
YKR037C,8.6
YEL064C,8.6
YOR346W,8.61
YGR169C,8.61
YER107C,8.61
YCL038C,8.61
YGL232W,8.61
YCL001W,8.61
YMR230W-A,8.61
YMR115W,8.61
YCR024C-B,8.61
YMR018W,8.61
YGR069W,8.61
YFL040W,8.62
YDL096C,8.62
YBL070C,8.62
YKL189W,8.62
YMR083W,8.62
YML054C,8.62
YBL059C-A,8.62
YLR105C,8.62
YER155C,8.62
YLR414C,8.62
YAR018C,8.62
YIL132C,8.62
YOR320C,8.63
YGL142C,8.63
YHR159W,8.63
YOR107W,8.63
YBR124W,8.63
YBR240C,8.63
YER107W-A,8.63
YJR043C,8.63
YDL247W,8.64
YOL043C,8.64
YLR100W,8.64
YGR226C,8.64
YNL336W,8.64
YOR392W,8.64
YCR024C,8.64
YGR036C,8.65
YHL035C,8.65
YPR032W,8.65
YPL039W,8.65
YMR002W,8.65
YJR068W,8.65
YKR046C,8.66
YOR093C,8.66
YNR001C,8.66
YGR049W,8.66
YKL021C,8.66
YGR286C,8.66
YDL042C,8.66
YNR059W,8.66
YLR234W,8.66
YJL168C,8.67
YDR442W,8.67
YPR186C,8.67
YHR216W,8.67
YKR039W,8.67
YDL062W,8.67
YOR168W,8.67
YPR038W,8.67
YEL052W,8.67
YNL044W,8.68
YOR085W,8.68
YGL131C,8.68
YCL055W,8.68
YCR098C,8.68
YGL239C,8.68
YDR386W,8.68
YOL068C,8.68
YDL033C,8.69
YNR025C,8.69
YLR285C-A,8.69
YBR056C-B,8.69
YDR512C,8.69
YGR149W,8.69
YGR197C,8.69
YOR170W,8.69
YEL062W,8.69
YKR091W,8.69
YKL146W,8.69
YDR187C,8.69
YPR050C,8.7
YHR035W,8.7
YFL054C,8.7
YDL132W,8.7
YMR075C-A,8.7
YLL019C,8.7
YGL205W,8.7
YJR115W,8.7
YNL180C,8.71
YGL194C-A,8.71
YCL063W,8.71
YOR056C,8.71
YDL221W,8.71
YBR235W,8.71
YDR179W-A,8.71
YNL259C,8.71
YBR302C,8.72
YCR091W,8.72
YML132W,8.72
YBR099C,8.72
YPR201W,8.72
YAL041W,8.72
YGR090W,8.72
YIL134C-A,8.72
YLR156W,8.73
YER039C,8.73
YMR055C,8.73
YGR285C,8.73
YER128W,8.73
YBR033W,8.73
YJL048C,8.73
YDR306C,8.73
YDR297W,8.73
YLR159W,8.73
YLR031W,8.73
YNL026W,8.73
YLR161W,8.73
YDR251W,8.73
YJR046W,8.73
YDR467C,8.74
YMR326C,8.74
YGR185C,8.74
YKR034W,8.74
YGL012W,8.74
YIL082W,8.74
YKL030W,8.74
YFL021W,8.74
YPL048W,8.74
YLR020C,8.74
YBR029C,8.74
YPR004C,8.75
YBL111C,8.75
YPL070W,8.75
YPR048W,8.75
YDL121C,8.75
YGR132C,8.76
YNL219C,8.76
YDR102C,8.76
YOR142W,8.76
YNL234W,8.76
YPR111W,8.76
YBR142W,8.76
YJR152W,8.76
YOR061W,8.76
YHL042W,8.76
YBR184W,8.76
YDL098C,8.76
YDR157W,8.76
YMR271C,8.76
YPL149W,8.77
YLR416C,8.77
YJL129C,8.77
YLR427W,8.77
YER086W,8.77
YCR095C,8.77
YML047C,8.77
YDL248W,8.78
YLR402W,8.78
YNL236W,8.78
YPL030W,8.79
YOL152W,8.79
YOL084W,8.79
YPL018W,8.79
YEL018W,8.79
YJR140W-A,8.79
YIR017W-A,8.79
YKL156C-A,8.79
YOR322C,8.79
YNL103W-A,8.79
YPR001W,8.79
YML087C,8.79
YKL221W,8.8
YEL008C-A,8.8
YLR218C,8.8
YKL194C,8.8
YLR350W,8.8
YCL036W,8.8
YEL014C,8.8
YGR207C,8.81
YPR086W,8.81
YDR196C,8.81
YCR028C-A,8.81
YPR008W,8.82
YKR003W,8.82
YLR452C,8.82
YMR016C,8.82
YGR173W,8.82
YPR079W,8.82
YGR195W,8.82
YHR218W,8.82
YIL045W,8.82
YGL186C,8.83
YBR165W,8.83
YIL006W,8.83
YIL047C,8.83
YDR424C,8.83
YBR262C,8.83
YOL047C,8.83
YMR272W-A,8.83
YDL233W,8.83
YBR244W,8.84
YBR144C,8.84
YGL063W,8.84
YLR430W,8.84
YLR400W,8.84
YGR015C,8.84
YOR384W,8.84
YMR293C,8.84
YBL084C,8.84
YPR170C,8.84
YGL132W,8.84
YDR151C,8.85
YKL072W,8.85
YOR232W,8.85
YJR010C-A,8.85
YJL105W,8.85
YLR374C,8.85
YOR206W,8.85
YBR116C,8.85
YNL303W,8.85
YPL167C,8.85
YMR066W,8.86
YOR180C,8.86
YPR101W,8.86
YBR089W,8.86
YBR038W,8.86
YER007W,8.86
YKL219W,8.86
YAR019W-A,8.86
YDR084C,8.86
YPR150W,8.86
YGL212W,8.87
YCR075C,8.87
YHR008C,8.87
YNL171C,8.87
YPR113W,8.87
YOR382W,8.87
YPL132W,8.87
YPR094W,8.87
YOL095C,8.87
YMR108W,8.87
YPR014C,8.87
YNL307C,8.88
YBL106C,8.88
YGR236C,8.88
YLR079W,8.88
YNL168C,8.88
YGL003C,8.88
YDR091C,8.88
YMR034C,8.88
YGR089W,8.88
YPR054W,8.88
YNL257C,8.89
YHL043W,8.89
YML050W,8.89
YKL009W,8.89
YKL176C,8.89
YNL253W,8.89
YBL037W,8.89
YNL106C,8.89
YNL087W,8.89
YBL081W,8.9
YBL077W,8.9
YER078W-A,8.9
YNL024C-A,8.9
YPR136C,8.91
YDR473C,8.91
YIR021W,8.91
YPL259C,8.91
YJR014W,8.91
YLR094C,8.91
YOR235W,8.91
YIR018W,8.91
YOR296W,8.91
YER119C,8.92
YDL240C-A,8.92
YGR150C,8.92
YDL242W,8.92
YDL059C,8.92
YLR381W,8.92
YMR151W,8.92
YHR067W,8.92
YOR013W,8.92
YIL035C,8.93
YLL060C,8.93
Q0144,8.93
YNL322C,8.93
Q0105,8.93
YHR212W-A,8.93
YPL206C,8.93
YCL065W,8.93
YGL149W,8.93
YHR048W,8.94
YHR073W,8.94
YMR240C,8.94
YGL160W,8.94
YOL072W,8.94
YMR266W,8.95
YER093C,8.95
YFL013W-A,8.95
YFL027C,8.95
YHL036W,8.95
YDL239C,8.95
YDR249C,8.95
YMR102C,8.95
YHR007C,8.95
YLR379W-A,8.95
YJR100C,8.95
YFR012W,8.95
YBR230C,8.95
YMR275C,8.95
YMR274C,8.95
YNR020C,8.96
YOR090C,8.96
YAL018C,8.96
YML090W,8.96
YML060W,8.96
YKL085W,8.96
YDR340W,8.96
YJL150W,8.96
YMR245W,8.96
YDR535C,8.96
YOR345C,8.97
YDR043C,8.97
YOR020W-A,8.97
YOR263C,8.97
YGR262C,8.97
YMR081C,8.97
YLR121C,8.97
YDL051W,8.97
YBR200W,8.97
YLR045C,8.97
YPL140C,8.97
YLL041C,8.97
YER123W,8.98
YHL034W-A,8.98
YMR070W,8.98
YGR008C,8.98
YBR206W,8.98
YHL006W-A,8.98
YCR097W-A,8.98
YHR001W-A,8.99
YNL065W,8.99
YMR206W,8.99
YCR030C,8.99
YBL102W,8.99
YGL211W,8.99
YNL083W,8.99
YPL049C,8.99
YBR168W,8.99
YER080W,8.99
YDL133W,9.0
YPR042C,9.0
YMR136W,9.0
YDL175C,9.0
YBR058C-A,9.0
YJR157W,9.0
YJR055W,9.0
YLR410W,9.01
YDR146C,9.01
YOR136W,9.01
YKL168C,9.01
YBR205W,9.01
YER129W,9.01
YOR385W,9.01
YBR270C,9.01
YPL269W,9.01
YKR011C,9.01
YIL066W-A,9.01
YIL071W-A,9.01
YCL064C,9.01
YOL002C,9.01
YBR277C,9.01
YGL025C,9.02
YJR111C,9.02
YNL022C,9.02
YNL047C,9.02
YLR203C,9.02
YMR088C,9.02
YDR402C,9.02
YIL090W,9.02
YJL212C,9.02
YOR268C,9.02
YHR191C,9.02
YMR172C-A,9.02
YJL210W,9.02
YIL107C,9.02
YBR084W,9.02
YBL089W,9.03
YOR330C,9.03
YFL064C,9.03
YKR029C,9.03
YOR231C-A,9.03
YIL004C,9.03
YJR123W,9.03
YEL008W,9.03
YPL227C,9.03
YDR160W,9.03
YNL112W,9.03
YPL073C,9.03
YHR100C,9.04
YDL118W,9.04
YHR120W,9.04
YPR088C,9.04
YPR056W,9.04
YML077W,9.04
YBR180W,9.04
YDR413C,9.04
YGR092W,9.04
YKR103W,9.05
YBR263W,9.05
YMR175W,9.05
YNL020C,9.05
YCR108C,9.05
YDR514C,9.05
YDR085C,9.05
YKL067W,9.05
YDR259C,9.05
YMR257C,9.06
YHR134W,9.06
YER185W,9.06
YJL208C,9.06
YER088W-B,9.06
YHR011W,9.06
YMR239C,9.06
YML080W,9.06
YOL119C,9.07
YKR070W,9.07
YEL050W-A,9.07
YBR110W,9.07
YPR108W-A,9.07
YOR242C,9.07
YGR065C,9.07
YGR171C,9.07
YFL041W-A,9.07
YKR012C,9.07
YPL104W,9.07
YDL085W,9.07
YAL068W-A,9.07
YOL023W,9.08
YLR177W,9.08
YNR022C,9.08
YPR064W,9.08
YKL171W,9.09
YLR071C,9.09
YPR005C,9.09
YDR295C,9.09
YNL280C,9.09
YJR036C,9.09
YHL018W,9.09
YLR176C,9.09
YFL062W,9.09
YAR070C,9.09
YNR015W,9.09
YHR133C,9.09
YBL082C,9.09
YOR082C,9.09
YML078W,9.09
YGR016W,9.09
YOL113W,9.1
YMR075W,9.1
YJR019C,9.1
YMR253C,9.1
YBR046C,9.1
YPL202C,9.1
YLL053C,9.1
YKL223W,9.1
YGR031W,9.1
YER165C-A,9.1
YMR187C,9.11
YDL200C,9.11
YFL011W,9.11
YKR015C,9.11
YGL116W,9.11
YKL150W,9.11
YBL048W,9.11
YLR107W,9.11
YDR174W,9.11
YOR350C,9.11
YCL073C,9.11
YPR140W,9.11
YLR426W,9.12
YGR202C,9.12
YPR010C-A,9.12
YGR166W,9.12
YJL180C,9.12
YOR293W,9.12
YOR297C,9.12
YBR076W,9.12
YMR316W,9.12
YMR031W-A,9.12
YPL014W,9.12
YGR273C,9.12
YJR138W,9.12
YDR122W,9.12
YOL091W,9.13
YMR184W,9.13
YFL024C,9.13
YOR140W,9.13
YJL134W,9.13
YPL060W,9.13
YLL051C,9.13
YNL070W,9.13
YLR201C,9.13
YKR056W,9.14
YDR003W-A,9.14
YDL040C,9.14
YNL263C,9.14
YPR133W-A,9.14
YJR017C,9.14
YDR252W,9.14
YPL016W,9.14
YGL258W-A,9.14
YER084W-A,9.15
YKL055C,9.15
YPL243W,9.15
YOR311C,9.15
YBR027C,9.15
YER054C,9.15
YPL164C,9.16
YJR083C,9.16
YDR243C,9.16
YOR018W,9.16
YKL027W,9.16
YDR219C,9.16
YJR128W,9.16
YDL034W,9.17
YLR066W,9.17
YHL003C,9.17
YPL265W,9.17
YDL066W,9.17
YDR375C,9.17
YLR392C,9.17
YHR080C,9.18
YJR101W,9.18
YML095C,9.18
YOR327C,9.18
YIL171W-A,9.18
YLR253W,9.18
YJL220W,9.18
YMR001C-A,9.18
YCL024W,9.18
YDR504C,9.18
YLR302C,9.18
YIL136W,9.18
YIL144W,9.18
YPL093W,9.18
YCR072C,9.18
YPL032C,9.18
YDR254W,9.19
YKR106W,9.19
YDR510C-A,9.19
YIL043C,9.19
YNL051W,9.19
YGR154C,9.19
YGL237C,9.19
YKL092C,9.19
YFL049W,9.19
YLR342W-A,9.19
YLR101C,9.2
YER111C,9.2
YER038W-A,9.2
YEL010W,9.2
YGL099W,9.2
YIL079C,9.2
YLR077W,9.2
YMR163C,9.2
YHR192W,9.21
YJL092W,9.21
YBL006C,9.21
YBR044C,9.21
YHL004W,9.21
YKL078W,9.22
YOL006C,9.22
YHR017W,9.22
YLR242C,9.22
YMR013C,9.22
YKL106W,9.22
YKL036C,9.22
YGL143C,9.22
YDR178W,9.22
YLR347W-A,9.22
YPL119C,9.22
YCL046W,9.22
YOL010W,9.23
YOL071W,9.23
YNL073W,9.23
YHR070W,9.23
YOR359W,9.23
YMR281W,9.23
YDR019C,9.23
YCR083W,9.23
YGL109W,9.23
YDR246W,9.23
YMR156C,9.23
YML017W,9.23
YJL188C,9.23
YIL166C,9.24
YOR287C,9.24
YBR228W,9.24
YPR141C,9.24
YOR355W,9.24
YOR241W,9.24
YGL072C,9.25
YER101C,9.25
YHR125W,9.25
YMR232W,9.25
YDL054C,9.25
YKL188C,9.25
YOR367W,9.25
YAL028W,9.25
YLR459W,9.25
YKL086W,9.25
YOR208W,9.26
YGL043W,9.26
YBR259W,9.26
YDR332W,9.26
YGR224W,9.26
YEL028W,9.26
YIL122W,9.26
YJR073C,9.26
YBR134W,9.26
YPR203W,9.26
YLR390W,9.26
YNL278W,9.26
YCL033C,9.26
YBR003W,9.26
YJL071W,9.26
YLR136C,9.26
YIL084C,9.26
YNL072W,9.27
YMR132C,9.27
YOR188W,9.27
YOR008C-A,9.27
YHR208W,9.27
YLL006W-A,9.27
YIL040W,9.27
YLR122C,9.27
YER114C,9.27
YML107C,9.27
YPR195C,9.28
YPL057C,9.28
YDR159W,9.28
YBR130C,9.28
YMR014W,9.28
YLR357W,9.28
YPL086C,9.28
YPL152W-A,9.28
YKL137W,9.28
YJL073W,9.28
YCR020W-B,9.28
YIR040C,9.29
YDR112W,9.29
YOL166C,9.29
YMR153C-A,9.29
YOR080W,9.29
YBR214W,9.29
YDL107W,9.29
YLR349W,9.29
YDL231C,9.29
YDR366C,9.29
YML094W,9.3
YJR059W,9.3
YGL136C,9.3
YDR088C,9.3
YLL059C,9.3
YPL242C,9.3
YHR054W-A,9.3
YPL257W,9.3
YMR265C,9.3
YBL091C-A,9.3
YGL007C-A,9.3
YKL043W,9.3
YHR073C-B,9.3
YHR052W-A,9.3
YDR266C,9.3
YLR074C,9.3
YDL025W-A,9.3
YLR142W,9.31
YDL049C,9.31
YKR030W,9.31
YKL077W,9.31
YOR149C,9.31
YCR081C-A,9.31
YNL114C,9.31
YFL036W,9.32
YDL048C,9.32
YDL117W,9.32
YDR067C,9.32
YPL035C,9.32
YOL001W,9.32
YBL096C,9.32
YIL027C,9.33
YGL055W,9.33
YDR449C,9.33
YJR013W,9.33
YBL064C,9.33
YGR073C,9.33
YBR298C-A,9.33
YJR155W,9.33
YLR222C-A,9.33
YML031C-A,9.34
YKL102C,9.34
YLR175W,9.34
YKL152C,9.34
YIL077C,9.34
YHR214C-E,9.34
YNL155W,9.34
YJL119C,9.34
YOR044W,9.34
YGR054W,9.34
YMR244C-A,9.34
YPR045C,9.34
YOR295W,9.34
YHR004C,9.35
YER106W,9.35
YIL121W,9.35
YGL066W,9.35
YCL031C,9.35
YLR307C-A,9.35
YPR061C,9.35
YJL160C,9.35
YOR002W,9.36
YHR119W,9.36
YOR284W,9.36
YDL199C,9.36
YDL028C,9.36
YLR323C,9.36
YLR360W,9.36
YJR112W-A,9.36
YGL024W,9.36
YLR191W,9.36
YDL150W,9.36
YLR235C,9.36
YDR376W,9.36
YDR029W,9.36
YMR001C,9.36
YHR050W-A,9.37
YCL027W,9.37
YCL002C,9.37
YKL113C,9.37
YOL164W-A,9.37
YIL049W,9.37
YGR268C,9.37
YPL245W,9.37
YMR302C,9.37
YDR317W,9.38
YLR124W,9.38
YPR028W,9.38
YJL148W,9.38
YPR013C,9.38
YDL089W,9.39
YKL012W,9.39
YIR036W-A,9.39
YNL048W,9.39
YMR230W,9.39
YNR077C,9.39
YJL090C,9.39
YHR052W,9.39
YOR227W,9.39
YKL220C,9.39
YKL071W,9.39
YGR216C,9.4
YJL003W,9.4
YGL193C,9.4
YHL049C,9.4
YPL188W,9.4
YOL085C,9.4
YNR034W-A,9.4
YDL032W,9.4
YDR206W,9.4
YKR006C,9.4
YGL104C,9.4
YBL049W,9.4
YBR172C,9.41
YIL056W,9.41
YHR028W-A,9.41
YGL163C,9.41
YKR101W,9.41
YHR135C,9.41
YOR274W,9.41
YIL009W,9.41
YOR047C,9.41
YMR287C,9.41
YJR147W,9.41
YOR050C,9.42
YER170W,9.42
YLR355C,9.42
YLR078C,9.42
YJL179W,9.42
YKL198C,9.42
YBR086C,9.42
YHL038C,9.42
YDR049W,9.43
YPL029W,9.43
YGR295C,9.43
YBR196C-A,9.43
YMR307C-A,9.43
YBR220C,9.43
YDR194C,9.43
YPR153W,9.43
YLR171W,9.43
YAL042C-A,9.43
YLR197W,9.43
YLR047C,9.43
YMR067C,9.44
YDR374C,9.44
YER138W-A,9.44
YNL199C,9.44
YJL128C,9.44
YDR148C,9.44
YNL154C,9.44
YKL037W,9.44
YER006W,9.44
YOR059C,9.44
YBL107W-A,9.44
YFR057W,9.45
YDL036C,9.45
YLL047W,9.45
YCL005W-A,9.45
YGR070W,9.45
YAL040C,9.45
YBR161W,9.45
YMR242W-A,9.45
YNR045W,9.45
YDR233C,9.45
YOR176W,9.46
YKR009C,9.46
YBR037C,9.46
YDR440W,9.46
YIL092W,9.47
YIL065C,9.47
YPR016W-A,9.47
YGL226C-A,9.47
YDR117C,9.47
YCL021W-A,9.47
YPL112C,9.48
YDL207W,9.48
YCR102W-A,9.48
YDL197C,9.48
YLR198C,9.48
YCR047C,9.48
YJL174W,9.48
YMR280C,9.48
YML083C,9.48
YNL017C,9.48
YJL161W,9.48
YNL202W,9.48
YDR347W,9.48
YOL033W,9.48
YNR060W,9.48
YCL037C,9.48
YLR252W,9.48
YOR365C,9.48
YDR277C,9.49
YDR393W,9.49
YDL026W,9.49
YLR214W,9.49
YDR021W,9.49
YER047C,9.49
YHR198C,9.49
YDR120C,9.49
YBR026C,9.49
YKL133C,9.5
YIL012W,9.5
YGL056C,9.5
YOR032W-A,9.5
YLR023C,9.5
YBL099W,9.5
YNL075W,9.5
YLR149C-A,9.5
YPL270W,9.5
YMR026C,9.51
YNL007C,9.51
YLR099C,9.51
YPL055C,9.51
YKL156W,9.51
YGL219C,9.51
YHR021C,9.51
YPR009W,9.51
YPR002W,9.51
YJR051W,9.51
YNL298W,9.51
YGL048C,9.52
YDR359C,9.52
YCL069W,9.52
YDR154C,9.52
YPL072W,9.52
YPL097W,9.52
YMR304C-A,9.52
YIL156W-B,9.52
YLR407W,9.52
YOR386W,9.52
YDR033W,9.53
YBR158W,9.53
YBR154C,9.53
YMR094W,9.53
YPR160C-A,9.53
YHR199C,9.53
YGL188C,9.53
YOR169C,9.53
YOR148C,9.53
YOR081C,9.54
YGL218W,9.54
YBL039C-A,9.54
YOR319W,9.54
YDR104C,9.54
YLR157W-D,9.54
YBL020W,9.54
R0040C,9.54
YNL037C,9.54
YFL002C,9.54
YJR084W,9.54
YLR313C,9.54
YKR087C,9.54
YKL119C,9.54
YNL169C,9.54
YGR223C,9.54
YJL120W,9.55
YHR168W,9.55
YIL119C,9.55
YPL268W,9.55
YBL086C,9.55
YOR310C,9.55
YNL196C,9.55
YDR006C,9.55
YMR127C,9.55
YEL035C,9.55
YBR224W,9.56
YKL016C,9.56
YDL227C,9.56
YDR008C,9.56
YIL120W,9.56
YDL201W,9.56
YGR182C,9.56
YIR034C,9.56
YIR022W,9.56
YER169W,9.56
YGR031C-A,9.56
YIL135C,9.56
YBL019W,9.57
YIR024C,9.57
YOR279C,9.57
YDR191W,9.57
YKR081C,9.57
YMR032W,9.57
YLR346C,9.57
YBR226C,9.57
YNL315C,9.57
YHR193C-A,9.57
YFL065C,9.57
YDR305C,9.57
YJL197C-A,9.58
YMR166C,9.58
YPR080W,9.58
YLR073C,9.58
YNL251C,9.58
YLR119W,9.58
YPL024W,9.58
YBR118W,9.58
YDR265W,9.59
YOR025W,9.59
YML061C,9.59
YGR053C,9.59
YCL041C,9.59
YER188C-A,9.59
YPL222C-A,9.59
YMR254C,9.59
YBL078C,9.59
YDR464W,9.59
YML100W-A,9.59
YGR222W,9.6
YLR238W,9.6
YDR010C,9.6
YGR237C,9.6
YDR163W,9.6
YDR414C,9.6
YLR219W,9.6
YDR543C,9.6
YKL108W,9.6
YOL094C,9.61
YPR114W,9.61
YNL252C,9.61
YOL077W-A,9.61
YIL124W,9.61
YLR419W,9.61
YDR350C,9.61
YFL063W,9.61
YLR453C,9.62
YGL074C,9.62
YLR289W,9.62
YPR149W,9.62
YBR054W,9.62
YML105C,9.62
YCR008W,9.62
YPL083C,9.62
YJL147C,9.62
YCL012C,9.63
YLR372W,9.63
YDR268W,9.63
YPR015C,9.63
YDR227W,9.63
YLR371W,9.64
YML030W,9.64
YDR511W,9.64
YBL085W,9.64
YJR085C,9.64
YOR058C,9.64
YLR239C,9.65
YKL023W,9.65
YBR106W,9.65
YBR222C,9.65
YDL087C,9.65
YDL064W,9.65
YHR194W,9.65
YOR298W,9.65
YGL045W,9.66
YCR033W,9.66
YOR201C,9.66
YKL070W,9.66
YLR012C,9.66
YPL204W,9.66
YDL159W,9.66
YMR247W-A,9.67
YHR039C-A,9.67
YBR197C,9.67
YML055W,9.67
YGR058W,9.67
YBR128C,9.67
YLR163W-A,9.67
YPL043W,9.67
YNR003W-A,9.67
YHR137C-A,9.67
Q0032,9.68
YMR017W,9.68
YDR327W,9.68
YPL078C,9.68
YDR175C,9.68
YAL032C,9.68
YBR073W,9.68
YLR318W,9.68
YER017C,9.69
YMR133W,9.69
YJL196C,9.69
YPL169C,9.69
YJL091C,9.69
YOL052C-A,9.69
YDR312W,9.69
YER064C,9.69
YGR045C,9.69
YOR020C,9.69
YNL289W,9.7
YDR220C,9.7
YKL097C,9.7
YLR311C,9.7
YOR017W,9.7
YGR227W,9.7
YBR104W,9.7
YLR041W,9.7
YGL225W,9.7
YLR375W,9.7
YBR007C,9.71
YDR041W,9.71
YDL031W,9.71
YLR202C,9.71
Q0160,9.71
YIL101C,9.71
YHR177W,9.71
YER044C,9.71
YHR065C,9.71
YER145C-A,9.71
YEL067C,9.71
YDL204W,9.71
YOR205C,9.71
YJR077C,9.71
YOR145C,9.71
YGR152C,9.71
YLR139C,9.71
YDR436W,9.71
YDR114C,9.72
YGR293C,9.72
YOR030W,9.72
YBR257W,9.72
YMR148W,9.72
YOR357C,9.72
YLR276C,9.72
YNL150W,9.72
YER137C,9.72
YOR181W,9.72
YBL112C,9.72
YHR218W-A,9.72
YDR302W,9.72
YER152W-A,9.72
YOL083C-A,9.72
YER079W,9.73
YLR050C,9.73
YOR130C,9.73
YNR051C,9.73
YLR067C,9.73
YKL131W,9.73
YDR240C,9.73
YGL020C,9.73
YMR145C,9.73
YGL078C,9.73
YLR246W,9.73
YPR116W,9.73
YGL171W,9.73
YGR291C,9.73
YFL016C,9.73
YGR235C,9.73
YMR109W,9.73
YBL071C-B,9.73
YNL101W,9.73
YBR108W,9.74
YMR234W,9.74
YDR515W,9.74
YLR080W,9.74
YHL022C,9.74
YBR131C-A,9.74
YOR103C,9.74
YGR004W,9.74
YLR378C,9.74
YDL222C,9.74
YPL185W,9.75
YFL001W,9.75
YER004W,9.75
YJL037W,9.75
YBL006W-A,9.75
YGR030C,9.75
YLR120W-A,9.75
YML047W-A,9.75
YCL068C,9.75
YPL211W,9.75
YPR012W,9.75
YOL036W,9.75
YFL012W,9.76
YMR182W-A,9.76
YPR115W,9.76
YGL118C,9.76
YDR490C,9.76
YDR501W,9.76
YIL051C,9.76
YPL177C,9.76
YIR001C,9.76
YAR047C,9.76
YMR093W,9.76
YOR011W-A,9.76
YGR113W,9.76
YBL061C,9.76
YPL076W,9.77
YLR140W,9.77
YMR064W,9.77
YOR097C,9.77
YGR097W,9.77
YPL179W,9.77
YGR283C,9.77
YDR208W,9.77
YOL155W-A,9.77
YNL068C,9.77
YDR263C,9.77
YLR326W,9.78
YPL215W,9.78
YMR157C,9.78
YKL049C,9.78
YBR219C,9.78
YER066C-A,9.78
YOR052C,9.78
YGL138C,9.79
YNL042W-B,9.79
YLR164W,9.79
YGL168W,9.79
YNL009W,9.79
YDR540C,9.79
YDL078C,9.79
YNR068C,9.79
YAL011W,9.79
YBR109W-A,9.79
YMR068W,9.79
YOR147W,9.79
YJL222W-A,9.79
YBR042C,9.8
R0010W,9.8
YER014W,9.8
YMR161W,9.8
YGR121W-A,9.8
YLR169W,9.8
YDR411C,9.8
YOR108C-A,9.8
YLR233C,9.8
YER053C,9.8
YOL158C,9.8
YDL196W,9.8
YLR312W-A,9.8
YDL056W,9.81
YBR182C-A,9.81
YEL004W,9.81
YKL008C,9.81
YMR268C,9.81
YDR507C,9.81
YOL093W,9.81
YPR053C,9.81
YOL102C,9.81
YOL077C,9.81
YBR004C,9.81
YML122C,9.81
YIL047C-A,9.81
YKR049C,9.82
YNL100W,9.82
YHR071W,9.82
YOR217W,9.82
YGL084C,9.82
YMR098C,9.82
YNR062C,9.82
YNL188W,9.82
YLR046C,9.82
YOL107W,9.82
YBL113W-A,9.83
Q0142,9.83
YJR144W,9.83
YPR204C-A,9.83
YLR022C,9.83
YCR034W,9.83
YLR467C-A,9.83
YLR466C-A,9.83
YGR039W,9.83
YOR199W,9.83
YIL102C-A,9.83
YLR165C,9.83
YGR296C-B,9.83
YJL110C,9.83
YDR026C,9.83
YPL283W-B,9.83
YDR545C-A,9.83
YDR055W,9.83
YNL063W,9.83
YOR396C-A,9.83
YER190C-B,9.83
YEL077W-A,9.83
YJL062W-A,9.83
YNL214W,9.84
YKR024C,9.84
Q0075,9.84
YNL167C,9.84
YLR183C,9.84
YHR091C,9.84
YBR300C,9.84
YOL163W,9.84
YPL089C,9.84
YHR093W,9.84
YKL011C,9.84
YHL019W-A,9.84
YIL020C-A,9.84
YNL181W,9.85
YDR079W,9.85
YPR058W,9.85
YLR036C,9.85
YDR182W,9.85
YNL337W,9.85
YOR366W,9.85
YPL066W,9.85
YDR182W-A,9.85
YBR039W,9.85
YML064C,9.86
YGL119W,9.86
YFL021C-A,9.86
Q0070,9.86
YOR324C,9.86
YOR073W,9.87
YER112W,9.87
YER002W,9.87
YGL226W,9.87
YGR257C,9.87
YLL002W,9.87
YJL192C,9.87
YLL065W,9.87
YGR011W,9.88
YLR275W,9.88
YFL032W,9.88
YBL012C,9.88
YNL043C,9.88
YPR011C,9.88
YMR290C,9.88
YFR032C-B,9.88
YBR040W,9.88
Q0060,9.88
YGL010W,9.88
YPR125W,9.88
YJR162C,9.89
YGL080W,9.89
YLR434C,9.89
YBL009W,9.89
YKL214C,9.89
YBR051W,9.89
YJL205C,9.89
YDR052C,9.89
YMR008C-A,9.89
YDR544C,9.89
YNL147W,9.89
YKL129C,9.89
YOR067C,9.89
YOR198C,9.89
YLR096W,9.89
YOL111C,9.9
YOL053W,9.9
YJR050W,9.9
YMR024W,9.9
YGR114C,9.9
YJR071W,9.9
YOR023C,9.9
YLR091W,9.9
YJL201W,9.9
YCL044C,9.9
YMR191W,9.9
YPL038W-A,9.9
YNL159C,9.91
YOR200W,9.91
YMR316C-A,9.91
YBL094C,9.91
YCR001W,9.91
YAR075W,9.91
YLR462W,9.91
YNL110C,9.91
YIL028W,9.91
YNL157W,9.91
YJL193W,9.91
YLL011W,9.91
YKL208W,9.91
YBR182C,9.91
YAL027W,9.91
YIL089W,9.91
YOR334W,9.91
YOR293C-A,9.91
YDL105W,9.92
YOR029W,9.92
YER135C,9.92
YDL157C,9.92
YNL319W,9.92
YAR002W,9.92
YNL076W,9.92
YOR072W-B,9.92
YGR002C,9.92
Q0110,9.92
YER074W-A,9.92
YLR230W,9.92
YHR086W-A,9.92
YOR072W,9.92
YMR047C,9.92
YPL150W,9.93
YER148W,9.93
YGL162W,9.93
YAL059C-A,9.93
YBL108C-A,9.93
YKL101W,9.93
YHR070C-A,9.93
YKL068W,9.93
Q0115,9.93
YAL001C,9.93
YPL141C,9.93
YBR215W,9.93
YPL038W,9.93
YBL054W,9.93
YLR455W,9.94
YGR129W,9.94
YDR464C-A,9.94
YPL155C,9.94
YNR021W,9.94
YBR167C,9.94
YOL162W,9.94
YOR175C,9.94
YNL175C,9.94
YDR314C,9.94
YCR063W,9.94
YGL174W,9.94
YNL178W,9.94
YKL139W,9.94
YGR035W-A,9.95
YKL104W-A,9.95
YEL045C,9.95
YJR146W,9.95
YPL189W,9.95
YER115C,9.95
YBR157C,9.95
YDR405W,9.95
YDR296W,9.96
YDL015C,9.96
YHR213W-A,9.96
YER083C,9.96
YER058W,9.96
YHR066W,9.96
YJR048W,9.96
YML120C,9.96
YOR266W,9.96
YGR174C,9.97
YGR110W,9.97
YIL068W-A,9.97
YKL167C,9.97
YJL027C,9.97
YKL095W,9.97
YGR084C,9.97
YJL015C,9.97
YNL310C,9.98
YBR255C-A,9.98
YGL068W,9.98
YER176W,9.98
YKL155C,9.98
YDR125C,9.98
YNR024W,9.98
YIL044C,9.98
YDR316W,9.99
YOR233W,9.99
YPL157W,9.99
YJL104W,9.99
YER077C,9.99
YFR023W,9.99
YIL010W,9.99
YGR249W,9.99
YMR073C,10.0
YHR002W,10.0
YOR305W,10.0
YOR381W-A,10.0
YPR092W,10.0
YKL063C,10.0
YPL210C,10.0
YJL143W,10.0
YCL059C,10.0
YOR245C,10.0
YCR038W-A,10.0
YPL147W,10.0
YKR067W,10.0
YOR091W,10.0
YDL114W,10.0
YIL060W,10.0
YLL038C,10.01
YDR018C,10.01
YHL037C,10.01
YDL094C,10.01
YML089C,10.01
YBR159W,10.01
YMR182C,10.01
YDR431W,10.01
YDR230W,10.01
YPL124W,10.01
YBR060C,10.01
YBL065W,10.01
YPL020C,10.01
YKL225W,10.01
YFR042W,10.01
YKL177W,10.01
YAL034C-B,10.02
YIL022W,10.02
YMR097C,10.02
YER082C,10.02
YHR219C-A,10.02
YNR018W,10.02
YLL067W-A,10.02
YIL019W,10.02
YLL066W-A,10.02
YDR322W,10.02
YPL042C,10.02
YHL050W-A,10.02
YAL019W-A,10.02
YPR161C,10.02
YGR284C,10.02
YML133W-B,10.02
YFL068W,10.02
YMR310C,10.02
YNL339W-B,10.02
YGR064W,10.02
YML041C,10.03
YDR412W,10.03
YGL183C,10.03
YDR185C,10.03
Q0120,10.03
YHR015W,10.03
YMR101C,10.03
YHR152W,10.03
YDR524C,10.03
YKR050W,10.04
YDR348C,10.04
YPL146C,10.04
YJL194W,10.04
YDR197W,10.05
YJL225W-A,10.05
YPL101W,10.05
YIL177W-A,10.05
YOL108C,10.05
YNL067W-B,10.05
YFR009W-A,10.05
YDR086C,10.05
YOR094W,10.05
Q0092,10.05
YJL209W,10.05
YOR196C,10.05
YGR083C,10.06
YOR015W,10.06
YOR060C,10.06
YDR309C,10.06
YOR037W,10.06
YDR466W,10.06
YLR290C,10.07
YMR282C,10.07
YKL120W,10.07
YHR140W,10.07
YLR269C,10.07
YHR121W,10.07
YCR087C-A,10.07
YDR491C,10.07
YDL129W,10.08
YPL107W,10.08
YML021C,10.08
YKL183C-A,10.08
YHR088W,10.08
YGL231C,10.08
YFR049W,10.08
Q0255,10.08
YHR014W,10.08
YHL031C,10.08
YJL166W,10.08
YCL056C,10.08
YER161C,10.08
YBR291C,10.08
YLL020C,10.08
YJL095W,10.09
YNL260C,10.09
YGR046W,10.09
YDL009C,10.09
YNL003C,10.09
YLR393W,10.1
YEL054C,10.1
YNL309W,10.1
YPL080C,10.1
YDR418W,10.1
YMR119W-A,10.1
YLL005C,10.1
YOR372C,10.1
YLR348C,10.1
YBR251W,10.1
YDR083W,10.1
YDR231C,10.11
YPL173W,10.11
YGR204C-A,10.11
YNL282W,10.11
YER133W-A,10.11
YOR313C,10.11
YNR053C,10.11
YDR207C,10.11
YBL071C,10.11
YPL099C,10.12
YIL157C,10.12
YER090C-A,10.12
YCR050C,10.12
Q0055,10.12
YJR086W,10.12
YDR389W,10.12
YDR181C,10.12
YNL302C,10.12
YLR008C,10.12
YNL146C-A,10.12
YMR105W-A,10.12
YJR151W-A,10.12
YDR183C-A,10.12
YOL121C,10.12
YMR052C-A,10.13
YEL030C-A,10.13
YNL248C,10.13
YAL044W-A,10.13
YDR204W,10.13
YLR157C-C,10.13
YLR154C-H,10.13
YER093C-A,10.13
YFL034C-B,10.13
YLR159C-A,10.13
YOL041C,10.13
YDR246W-A,10.13
YLR156C-A,10.13
YMR290W-A,10.13
YHR085W,10.14
YIL095W,10.14
YDL183C,10.14
YCL067C,10.14
YOR294W,10.14
YOL148C,10.14
Q0065,10.14
YBR203W,10.14
YDL142C,10.14
YBR192W,10.14
YNL002C,10.14
YDL179W,10.14
YCR039C,10.14
YGL126W,10.14
YER088C,10.15
YNL226W,10.15
YKR060W,10.15
YKR062W,10.15
YDL052C,10.15
YGR271C-A,10.15
YDR145W,10.15
YAL063C-A,10.15
YBR293W,10.15
YOR226C,10.15
YEL006W,10.15
YJR116W,10.15
YCL004W,10.15
YGR102C,10.15
YBR076C-A,10.16
YER044C-A,10.16
YGL057C,10.16
YMR141C,10.16
YML119W,10.16
YBR065C,10.16
Q0017,10.16
YMR233W,10.16
YPL266W,10.16
YFL012W-A,10.16
YKL204W,10.16
YMR056C,10.16
YPL267W,10.16
YJL117W,10.16
YML025C,10.17
YFL019C,10.17
YER079C-A,10.17
YBL040C,10.17
YBR070C,10.17
YNL194C,10.17
YKR065C,10.17
YER067C-A,10.17
YLR051C,10.17
YBL013W,10.18
YMR158W,10.18
YPR071W,10.18
YMR301C,10.18
YIL114C,10.18
YPL135W,10.18
YOR288C,10.18
YEL039C,10.18
YJL083W,10.18
YOR307C,10.18
YBR292C,10.18
YMR225C,10.19
YPL271W,10.19
YPL237W,10.19
YNL089C,10.19
YPR098C,10.19
YLR317W,10.19
YPL261C,10.2
YER040W,10.2
YER153C,10.2
YDR475C,10.2
YDR278C,10.2
YDR439W,10.21
YOR329W-A,10.21
YLR009W,10.21
YHL015W,10.21
YDL173W,10.22
YMR153W,10.22
YOR222W,10.22
YFR034W-A,10.22
YFL015C,10.23
YOR193W,10.23
YMR118C,10.23
YIL016W,10.23
YML081C-A,10.23
YLR116W,10.23
YOL100W,10.23
YPL098C,10.23
YMR263W,10.23
YPL094C,10.24
YMR072W,10.24
YDR478W,10.24
YGR050C,10.24
YGL021W,10.24
YBR201C-A,10.24
YHR169W,10.24
YGR119C,10.25
YOR028C,10.25
YPL230W,10.25
YHL048C-A,10.25
YHR032C-A,10.25
YBR255W,10.25
YBR113W,10.26
YNL067W,10.26
YGR269W,10.26
YPR059C,10.26
YGL113W,10.26
YOR215C,10.26
YOR286W,10.26
YGR131W,10.26
YIR021W-A,10.27
YNL137C,10.27
YOR225W,10.27
YHR139C-A,10.27
YER182W,10.27
YPL074W,10.27
YAL031C,10.27
YMR180C,10.27
YLR312C,10.27
Q0080,10.27
YHR081W,10.27
YDR298C,10.27
YDR538W,10.27
YML099W-A,10.27
YBR141C,10.28
YPR020W,10.28
YOL015W,10.28
YIL098C,10.28
YMR188C,10.29
YIL030W-A,10.29
YPL034W,10.29
YAL064W,10.29
YER140W,10.29
YPL189C-A,10.29
YDL127W,10.29
YOR077W,10.29
YLR123C,10.3
YPL209C,10.3
YEL074W,10.3
YJL067W,10.3
YDR195W,10.3
YDR237W,10.3
YDR381C-A,10.3
YPL005W,10.31
YJL032W,10.31
YHR031C,10.31
YFR052C-A,10.31
YJR095W,10.31
YDR482C,10.31
YPR139C,10.32
YDR336W,10.32
YLR294C,10.32
YPL244C,10.32
YDR070C,10.32
YHR189W,10.32
YGL129C,10.32
YIL096C,10.32
YIL150C,10.33
YMR320W,10.33
YPR128C,10.33
YMR013C-A,10.33
YBL030C,10.33
YLL033W,10.33
YKL082C,10.33
YPL172C,10.33
YHR148W,10.33
YOR376W,10.33
YLR013W,10.34
YML009C-A,10.34
YDR024W,10.34
YKL076C,10.34
YDR406W-A,10.34
YKL065C,10.34
YPL056C,10.34
YDR048C,10.34
YHR062C,10.34
YLR327C,10.34
YER006C-A,10.34
YGL147C,10.34
YPR096C,10.34
YNL138W-A,10.34
YPL062W,10.34
YJR087W,10.35
YMR005W,10.35
YDL202W,10.35
YFR041C,10.35
YGL209W,10.35
YGR042W,10.35
YJR113C,10.35
YGL030W,10.35
YOR034C-A,10.35
YOR121C,10.36
YLR193C,10.36
YEL057C,10.36
YIR020C-B,10.36
Q0182,10.36
YMR252C,10.36
YCR097W,10.36
YBL083C,10.37
YJL097W,10.37
YBR122C,10.37
YAL034C,10.37
YNL295W,10.37
YHR143W-A,10.37
YDL092W,10.38
YPL220W,10.38
YHR132W-A,10.38
YGR112W,10.38
YLR150W,10.38
YOR098C,10.38
YOL147C,10.38
YGL135W,10.38
YOR019W,10.38
YJL023C,10.38
YBR085W,10.38
YLR145W,10.39
YDL067C,10.39
YLL003W,10.39
Q0140,10.39
YPL205C,10.39
YHL041W,10.39
YPR052C,10.4
YLR018C,10.4
YNL221C,10.4
YLR188W,10.4
YFR045W,10.4
YOL048C,10.41
YOR114W,10.41
YDL119C,10.41
YDR065W,10.41
YLR251W,10.41
YHR021W-A,10.41
YGL052W,10.41
YNL042W,10.41
YLL030C,10.42
YDR241W,10.42
YCR018C,10.42
YCR013C,10.42
YMR086W,10.42
YML113W,10.42
YJR080C,10.42
YIL134W,10.42
YER158C,10.42
YPL027W,10.42
YNL052W,10.42
YGL035C,10.43
YGR165W,10.43
YGR026W,10.43
YIL111W,10.43
YNL245C,10.43
YNL005C,10.43
YOR338W,10.43
YOL008W,10.43
YGR096W,10.43
YNR001W-A,10.43
YIL087C,10.44
YDR136C,10.44
YGR251W,10.44
YAL059W,10.44
YJR038C,10.44
YLR364C-A,10.44
Q0050,10.44
YPL134C,10.45
YLR339C,10.45
YOR008W-B,10.45
YJL063C,10.45
YDL208W,10.45
YEL032C-A,10.45
YHR063W-A,10.45
YIL029C,10.46
YPL251W,10.46
YKL006C-A,10.46
YPR065W,10.46
YLR428C,10.46
YOR100C,10.46
YIL061C,10.46
YOL160W,10.46
YPL114W,10.47
YNR041C,10.47
YLL023C,10.47
YBR268W,10.47
YBR185C,10.47
YDL130W-A,10.47
YIR030W-A,10.47
YKL003C,10.47
YDL045W-A,10.47
YNL078W,10.47
YOR271C,10.47
YMR306C-A,10.47
YDR339C,10.48
YHR165W-A,10.48
YGR139W,10.48
YCR071C,10.48
YLR465C,10.48
YKR019C,10.48
YCL001W-A,10.48
YOL028C,10.48
YMR241W,10.49
YOL051W,10.49
YOR158W,10.49
YJR120W,10.49
YCR003W,10.5
YFR027W,10.5
YEL033W,10.51
YIL148W,10.51
YGR259C,10.51
YGL123C-A,10.51
YJL086C,10.51
YML116W-A,10.51
YLR217W,10.51
YGR231C,10.51
YAL037C-A,10.51
YKR094C,10.51
YBR066C,10.51
YER076W-A,10.52
YOR161W-B,10.52
YDR360W,10.52
YKL185W,10.52
YLR167W,10.52
YAL067W-A,10.52
YOR228C,10.53
YOR096W,10.53
YNL306W,10.53
YLR064W,10.53
YKL170W,10.53
YPR171W,10.53
YBR089C-A,10.54
YBR120C,10.54
YKL202W,10.54
YOR024W,10.54
YER028C,10.55
YPL168W,10.55
YOR379C,10.55
YPR174C,10.55
YGR085C,10.55
YDL027C,10.55
YIL161W,10.55
YPR102C,10.55
YJL190C,10.55
YMR255W,10.55
YLR367W,10.55
YOL080C,10.55
YDL061C,10.56
YDR493W,10.56
YIR015W,10.56
YLR458W,10.56
YHR071C-A,10.56
YIL127C,10.56
YBR178W,10.56
YNL146W,10.57
YGR227C-A,10.57
YER084W,10.57
YDR042C,10.57
YDR130C,10.58
YBL039W-B,10.58
YHR147C,10.58
YNL185C,10.58
YEL009C-A,10.58
YOR183W,10.58
YGR025W,10.59
YDL177C,10.59
YCL023C,10.59
YCR040W,10.59
YDR337W,10.59
YLR154W-C,10.59
YHR038W,10.59
YCL066W,10.59
YDL069C,10.59
YGR072W,10.6
YJL131C,10.6
YNL096C,10.61
YNL177C,10.61
YNL230C,10.61
YGL085W,10.61
YGR147C,10.61
YAL009W,10.61
YHR097C,10.62
YDR116C,10.62
YPL118W,10.62
YCR096C,10.62
YPL081W,10.62
YNL133C,10.62
YNL109W,10.62
YGL182C,10.62
YDR494W,10.63
YBR230W-A,10.63
YKL018C-A,10.63
YLR379W,10.63
YLR075W,10.63
YDR133C,10.63
YAL056C-A,10.63
YIR018C-A,10.64
YIL025C,10.64
YDL187C,10.64
YOL150C,10.64
YBR156C,10.64
YNL328C,10.64
YDR253C,10.64
YDR509W,10.64
YOR314W-A,10.64
YNL205C,10.65
YLR337C,10.65
YGL061C,10.65
YKR040C,10.65
YJL127C-B,10.65
YLL046C,10.65
YJL156W-A,10.66
YDL198C,10.66
YDR377W,10.66
YJL026C-A,10.66
YPL021W,10.66
YGR280C,10.66
YGR161C,10.66
YDL075W,10.66
YLR406C,10.66
YOR066W,10.66
YDR451C,10.67
YAL046C,10.67
YHR145C,10.67
YGL064C,10.67
YCR087W,10.67
YPR197C,10.67
YPR177C,10.67
YMR035W,10.67
YNL324W,10.68
YDR014W-A,10.68
YNR009W,10.68
YGL041W-A,10.69
YJL077W-B,10.69
YGR076C,10.69
YLR147C,10.7
YKL096C-B,10.7
YDR379C-A,10.7
YDL185C-A,10.7
YLL045C,10.7
YIL152W,10.7
YER085C,10.7
YJL135W,10.7
YLR406C-A,10.7
YNL097C-B,10.7
YNL038W,10.71
YNR049C,10.71
YGR051C,10.71
YAL026C-A,10.71
YMR003W,10.71
YDR524W-C,10.72
YHL033C,10.72
YBR189W,10.72
YMR040W,10.72
YOL118C,10.72
YLR298C,10.72
YHR022C-A,10.72
YJR145C,10.73
YHR203C,10.73
YJL215C,10.73
YGR081C,10.73
YGL007W,10.73
YIL086C,10.73
YPL041C,10.74
YBL002W,10.74
YBR282W,10.74
YOR004W,10.74
YDR192C,10.74
YOL127W,10.75
YLR441C,10.75
YBR196C-B,10.75
YKR077W,10.75
YKL123W,10.76
YLL027W,10.76
YER147C-A,10.76
YBR209W,10.76
YNR040W,10.76
YOR255W,10.76
YGL177W,10.77
YJL182C,10.77
YPR074W-A,10.77
YPR077C,10.77
YPL068C,10.78
YGR101W,10.78
YLR448W,10.78
YKL141W,10.78
YJL122W,10.78
YGL108C,10.78
YGR169C-A,10.78
YML063W,10.78
YGR033C,10.78
YHR072W-A,10.78
YJR005C-A,10.78
YDR224C,10.78
YKR085C,10.78
YMR103C,10.79
YPL198W,10.79
YGL076C,10.79
YDL181W,10.79
YDR371C-A,10.79
YER154W,10.79
YLR264C-A,10.79
YCL058W-A,10.79
YNR075C-A,10.79
YOR150W,10.8
YMR193W,10.8
YGR164W,10.8
YLR065C,10.8
YNL170W,10.8
YOL114C,10.8
YBR121C-A,10.8
YLR162W,10.8
YAL066W,10.81
YBL059W,10.81
YGL096W,10.81
YML073C,10.81
YBR190W,10.82
YLR457C,10.82
YER141W,10.83
YNL198C,10.83
YLR394W,10.83
YBR103C-A,10.83
YOR252W,10.83
YBR200W-A,10.84
YEL044W,10.84
YJL052C-A,10.85
YGR220C,10.85
YBR119W,10.85
YDL014W,10.85
YBL008W-A,10.86
YNL097W-A,10.86
YLR388W,10.86
YMR135W-A,10.86
YDL213C,10.87
YMR122W-A,10.87
YAR030C,10.87
YIR009W,10.87
YNL203C,10.87
YNL143C,10.87
YNL046W,10.87
YGR107W,10.88
YKL165C-A,10.88
YKL065W-A,10.88
YBR146W,10.88
YBR194W,10.88
YNL179C,10.88
YBL044W,10.89
YIR017C,10.89
YER035W,10.89
YDR450W,10.9
YMR286W,10.9
YML026C,10.9
YKL099C,10.91
YDL083C,10.91
YMR269W,10.91
YMR143W,10.91
YGL204C,10.92
YGR215W,10.92
YMR242C,10.92
YOR312C,10.92
YHR095W,10.93
YJL142C,10.93
YCL057C-A,10.93
YPL159C,10.94
YMR057C,10.94
YBL028C,10.95
YDR095C,10.95
YHR162W,10.95
YER048W-A,10.95
YOR063W,10.96
YDL016C,10.96
YNL211C,10.96
YGR168C,10.97
YDL068W,10.97
YER126C,10.97
YLR412C-A,10.97
YPL127C,10.97
YLR068W,10.99
YGR176W,10.99
YIL032C,10.99
YLR111W,10.99
YBL038W,10.99
YBR296C-A,11.0
YHR059W,11.0
YCL007C,11.0
YBR191W,11.0
YCR046C,11.0
YER088C-A,11.0
YPL079W,11.0
YIL156W-A,11.01
YBR191W-A,11.01
YER097W,11.02
YLR333C,11.02
YHR073W-A,11.02
YCR006C,11.02
YBR162W-A,11.02
YGR027C,11.02
YGR137W,11.02
YDL053C,11.03
YDR401W,11.03
YFL015W-A,11.03
YER117W,11.03
YBL087C,11.03
YDR064W,11.04
YGR035C,11.04
YMR122C,11.04
YLR395C,11.05
YMR013W-A,11.05
YPR043W,11.05
YNL213C,11.05
YJR094W-A,11.05
YFR012W-A,11.06
YLR262C-A,11.06
YMR086C-A,11.06
YNL284C,11.06
YJL152W,11.06
YOL013W-A,11.06
YML027W,11.07
YFR001W,11.07
YHR010W,11.08
YDR471W,11.08
YPL013C,11.08
YKR047W,11.08
YFL010W-A,11.09
YPL192C,11.09
YOR300W,11.09
YOR364W,11.09
YLR415C,11.1
YMR251W-A,11.1
YER019C-A,11.1
YER072W,11.1
YER029C,11.1
YMR007W,11.11
YKL100W-A,11.11
YBL031W,11.11
YOR282W,11.11
YHR032W-A,11.12
YNL190W,11.12
YKL023C-A,11.12
YNL013C,11.12
YCR095W-A,11.13
YNL081C,11.13
YGL123W,11.13
YPR151C,11.13
YBR181C,11.14
YKL122C,11.14
YPL090C,11.14
YDR447C,11.15
YIL133C,11.15
YNL028W,11.15
YOR105W,11.15
YML024W,11.15
YJR023C,11.15
YMR256C,11.16
YGR243W,11.16
YCL042W,11.16
YPR100W,11.17
YAL008W,11.17
YGR034W,11.18
YGR230W,11.18
YCR045W-A,11.18
YBR126W-B,11.19
YLR463C,11.19
YDL086C-A,11.19
YDR462W,11.19
YIL069C,11.2
YLR281C,11.2
YER074W,11.2
YJL191W,11.2
YGL029W,11.2
YHR127W,11.21
YNL069C,11.21
YNL130C-A,11.21
YNR037C,11.22
YHR052C-B,11.22
YHR054C-B,11.22
YMR030W-A,11.22
YBL090W,11.23
YHR007C-A,11.23
YIL163C,11.24
YER087C-B,11.25
YDR320W-B,11.25
YMR141W-A,11.26
YOR102W,11.26
YMR292W,11.27
YLR112W,11.27
YDL085C-A,11.28
YLR344W,11.28
YDL191W,11.29
YDL136W,11.29
YGL103W,11.29
YOR298C-A,11.31
YNL162W,11.32
YKL044W,11.32
YHR141C,11.32
YDR012W,11.33
YBL072C,11.33
YBR031W,11.33
YER102W,11.33
YDR225W,11.34
YOL012C,11.34
YOL040C,11.34
YBL003C,11.34
YNL269W,11.36
Q0297,11.37
YCR031C,11.37
YNL140C,11.38
YNL277W-A,11.39
YKL138C,11.39
YCR022C,11.39
YIR013C,11.4
YGL189C,11.4
YIR020W-A,11.41
YEL050C,11.41
YLR264W,11.42
YOR072W-A,11.42
YOR167C,11.42
YJL096W,11.43
YOR161W-A,11.43
YDR025W,11.44
YBR048W,11.44
YER050C,11.45
YML009C,11.45
YHR049C-A,11.45
YPR132W,11.46
YGR118W,11.46
YMR294W-A,11.47
YDR274C,11.48
YDR119W-A,11.48
YGL063C-A,11.49
YLR154W-E,11.49
YIL052C,11.51
YER056C-A,11.51
YER131W,11.52
YJL118W,11.53
YCL054W-A,11.54
YKL180W,11.54
YLR296W,11.54
YJL177W,11.54
YDR215C,11.54
YJL077C,11.55
YGL222C,11.56
YLR365W,11.56
YEL075W-A,11.56
YHR180C-B,11.58
YKR045C,11.59
YGR265W,11.59
YNL184C,11.6
YER175W-A,11.6
YLR154C-G,11.6
YGR074W,11.62
YKL006W,11.62
YHL001W,11.62
YLR325C,11.63
YPL143W,11.63
YOR234C,11.63
YCR025C,11.65
YLR261C,11.65
YJL127W-A,11.65
YPR166C,11.66
YPR145C-A,11.66
YHL015W-A,11.67
YOL085W-A,11.68
YIL018W,11.68
YMR142C,11.68
YGL006W-A,11.68
YFR031C-A,11.68
YPR160W-A,11.68
YLR255C,11.71
YBL100W-C,11.72
YHR056W-A,11.73
YHR212C,11.75
YNR036C,11.75
YAR060C,11.75
YBR090C,11.76
YDL082W,11.76
YOR343C,11.78
YBL092W,11.79
YGR062C,11.8
YLR363W-A,11.82
YDR524C-B,11.82
YPL183W-A,11.84
YKL106C-A,11.86
YAR035C-A,11.86
YDR381W,11.89
YGL031C,11.9
YLR029C,11.91
YMR121C,11.91
YBR009C,11.91
YBR084C-A,11.91
YNL030W,11.91
YBL027W,11.91
YJL028W,11.94
YJL133C-A,11.94
YFR032C-A,11.95
YOR248W,11.97
YGR148C,11.97
YHR089C,11.99
YNL031C,11.99
YBR010W,11.99
YLR366W,12.04
YEL017C-A,12.06
YCR024C-A,12.06
YIR020C,12.07
YMR194W,12.14
YLR279W,12.14
YDR118W-A,12.14
YPL249C-A,12.14
YLR185W,12.17
YOR316C-A,12.18
YMR082C,12.19
YLR287C-A,12.22
YOR182C,12.22
YBR221W-A,12.22
YNL301C,12.23
YOL120C,12.23
YFL031C-A,12.26
YLR280C,12.26
YKL053W,12.27
YOR073W-A,12.27
YLR184W,12.29
YGR151C,12.29
YOL038C-A,12.3
YDR500C,12.31
YAR068W,12.31
YHR214W-A,12.31
YDR525W,12.33
YMR315W-A,12.34
YBR072C-A,12.4
YLR204W,12.41
YPR130C,12.44
YLL019W-A,12.51
YLR154W-B,12.51
YGL014C-A,12.6
YDR169C-A,12.64
YML007C-A,12.68
YER158W-A,12.68
YMR173W-A,12.69
YNL122C,12.77
YOR053W,12.96
YBR223W-A,12.98
YDR115W,13.03
YOR309C,13.04
YJL189W,13.06
YDL184C,13.46
YDL133C-A,13.46
