Systematic Name,mRNA Half-life
YJR055W,0.769891771
YBR267W,0.86712038
YML043C,1.048788322
YJR056C,1.107262454
YDR437W,1.132081103
YML080W,1.133902117
YHR184W,1.134103378
YOR359W,1.140551946
YER130C,1.148135055
YBR034C,1.183064543
YOR077W,1.20801521
YLR073C,1.222008611
YDR075W,1.25808394
YHR085W,1.25888302
YJL122W,1.259191045
YNR053C,1.265499811
YOR266W,1.27167714
YBL042C,1.311228311
YEL019C,1.39595682
YLL011W,1.402505212
YKR060W,1.439193066
YPR186C,1.440297513
YER056C,1.443681748
YGR081C,1.478911976
YJL148W,1.513976472
YNL299W,1.581173526
YNL164C,1.606753138
YMR003W,1.624143922
YDR399W,1.6290761
YJR063W,1.693726442
YJL006C,1.702966169
YNL053W,1.706694736
YHL014C,1.715483849
YDR046C,1.726497845
YML018C,1.733275962
YPR143W,1.751618346
YMR093W,1.753962416
YIL079C,1.770937677
YCR086W,1.773480059
YKL078W,1.79249175
YDL209C,1.804442398
YHR052W,1.808575907
YGR030C,1.808733563
YJL125C,1.823044369
YKL009W,1.840927874
YHR144C,1.843601852
YPR119W,1.859634124
YIL104C,1.860739774
YOR295W,1.870218944
YGR108W,1.879198549
YNL210W,1.89257576
YLR068W,1.893536029
YOL010W,1.899842505
YOL126C,1.908169519
YDR514C,1.918246233
YPL144W,1.918913154
YML027W,1.929464349
YOR233W,1.943885742
YML006C,1.968644897
YNL188W,1.969140794
YBL028C,1.978349255
YBR145W,1.987972716
YOL044W,1.99232916
YNL182C,1.996096311
YGR271C-A,1.998147341
YLR094C,2.002451833
YBR257W,2.005144093
YLL004W,2.005585059
YLR435W,2.023903699
YPL026C,2.043122223
YDR449C,2.052289523
YPR137W,2.09032134
YLR146C,2.10701673
YNL111C,2.121362089
YAL059W,2.130298328
YLR363W-A,2.130368293
YIL158W,2.138918592
YKR056W,2.161179276
YNR038W,2.162553843
YOL020W,2.165852748
YMR059W,2.174078319
YJR112W,2.204847455
YIL061C,2.205951264
YDR370C,2.212747274
YDR419W,2.222627679
YOR004W,2.223206172
YBR104W,2.229842267
YBR233W-A,2.232932344
YLR186W,2.233184248
YHR084W,2.23371606
YDL129W,2.247118811
YDR225W,2.256124757
YJL106W,2.258086771
YDL139C,2.26278688
YPL081W,2.26792203
YOR143C,2.26893804
YLR405W,2.283559503
YGL061C,2.285553607
YPL089C,2.286004214
YKR099W,2.295516928
YPR031W,2.296521814
YNL253W,2.298237727
YCL063W,2.299295633
YOL056W,2.309297921
YBR172C,2.313828411
YBL014C,2.317463844
YDR083W,2.328655858
YOL124C,2.336348011
YIL150C,2.356508445
YHR206W,2.3576779
YML046W,2.358319956
YPR017C,2.361338332
YBR004C,2.364316809
YDL048C,2.374785348
YHR196W,2.391384452
YPL052W,2.397425205
YNR048W,2.397907496
YER034W,2.404220253
YOR315W,2.422349164
YDR410C,2.426997955
YHL006C,2.430684534
YDR280W,2.433495547
YOR252W,2.436000936
YOR101W,2.436582475
YJL157C,2.441152741
YDL208W,2.441806695
YER073W,2.44797208
YOR078W,2.452227671
YLR323C,2.454793156
YLR009W,2.461854803
YAL025C,2.461994707
YDL049C,2.466648369
YOR287C,2.468359256
YML112W,2.47031474
YFL024C,2.471765876
YPL212C,2.472884296
YOL054W,2.473766182
YHR143W-A,2.474171377
YKL074C,2.477998956
YDR324C,2.480224374
YDR451C,2.489482432
YKL154W,2.490053252
YLR067C,2.501995845
YDL063C,2.508375986
YML113W,2.514142633
YHR011W,2.518299852
YDR412W,2.525878869
YGL236C,2.527876941
YOL142W,2.532668422
YKL172W,2.533427735
YOR212W,2.540805233
YJL194W,2.553031785
YGL029W,2.553261913
YJL069C,2.560802303
YDL042C,2.563954647
YJL011C,2.567384275
YDR472W,2.568074292
YOR340C,2.572832553
YKR081C,2.575412764
YOR145C,2.578269799
YPR066W,2.579085832
YJR043C,2.584409377
YPL046C,2.585095413
YMR042W,2.605381605
YMR106C,2.607133277
YMR013C,2.608559622
YJR136C,2.61207209
YIL103W,2.614666386
YEL048C,2.623035192
YOR144C,2.626140668
YPL221W,2.627244287
YNL218W,2.629137937
YGR169C,2.629190711
YDR072C,2.631760748
YOR213C,2.632267049
YLR008C,2.635260475
YPL030W,2.636625821
YHR142W,2.648544334
YGR251W,2.650159189
YLR404W,2.656744179
YGL243W,2.656835735
YHR148W,2.662411993
YCL036W,2.662865264
YHL036W,2.666108411
YHL013C,2.66905448
YLR300W,2.670654082
YER127W,2.672742248
YKR027W,2.675750185
YNL030W,2.676540786
YJL162C,2.678679186
YPR141C,2.679085626
YJL108C,2.681646524
YNL289W,2.682838264
YLR130C,2.683856722
YKL156W,2.693657759
YGL063W,2.6949184
YLR191W,2.699422906
YNL326C,2.700256447
YBL031W,2.700937745
YMR300C,2.707953385
YBL052C,2.711550083
YGL064C,2.723674779
YGR150C,2.728055357
YPL227C,2.728941261
YBR141C,2.736167411
YDL167C,2.758010745
YML116W,2.759857285
YBR254C,2.764111994
YGR159C,2.764287498
YIL091C,2.766969588
YNL113W,2.766980243
YDL166C,2.774582747
YKR078W,2.775727801
YCR027C,2.777748164
YDR440W,2.782247834
YPL172C,2.797201607
YOL077C,2.799191964
YPL128C,2.801451609
YGL113W,2.809522389
YOL041C,2.817696818
YKL116C,2.827429147
YKL166C,2.831892402
YKR024C,2.835968871
YCL058C,2.837109396
YCL025C,2.839765536
YLL012W,2.846362458
YHR127W,2.849429816
YOR236W,2.851514105
YKL161C,2.856075853
YFL023W,2.869949525
YOR308C,2.872158675
YOR294W,2.881579445
YFR001W,2.891024209
YNL186W,2.891408342
YER001W,2.892694857
YHR066W,2.892827295
YPL043W,2.896556931
YOR229W,2.899411373
YBR271W,2.899629108
YMR240C,2.911683737
YCL016C,2.9247229
YGR082W,2.92729865
YHR187W,2.931266025
YBR265W,2.931522863
YHR040W,2.932461676
YDR496C,2.935812162
YMR263W,2.936374119
YPL093W,2.939457049
YLR135W,2.941300055
YDR398W,2.942007354
YDR198C,2.947158489
YDR311W,2.955556602
YLR215C,2.958255115
YGR216C,2.959096091
YFL002C,2.95946963
YGL057C,2.959846704
YNR024W,2.96680262
YPL189C-A,2.969175476
YHR169W,2.970873765
YOL125W,2.98311206
YFL001W,2.984273435
YMR274C,2.990311868
YML064C,2.995585022
YKR092C,2.999986307
YNL002C,3.003362265
YPR083W,3.009505579
YGR239C,3.01097312
YCR063W,3.012604447
YML005W,3.013942745
YOR283W,3.021544198
YFL034C-A,3.024366092
YMR239C,3.0293852
YFL034C-B,3.032919923
YPL157W,3.035279797
YER159C,3.037221483
YNL110C,3.041947595
YLR431C,3.042497927
YNL151C,3.055408943
YLR413W,3.060690644
YDR525W-A,3.061425601
YLR175W,3.069820585
YDL070W,3.074570195
YLR196W,3.07498369
YPL175W,3.078012065
YDR367W,3.084790042
YJL072C,3.095184362
YDR120C,3.103271038
YLR018C,3.108163572
YDL059C,3.110512118
YBR061C,3.110571115
YPL082C,3.111459907
YCL054W,3.1140611
YCR106W,3.114513382
YPL211W,3.115511234
YOR279C,3.118985633
YMR171C,3.127654884
YJL134W,3.130977752
YLR020C,3.131756124
YCR072C,3.132461962
YHL009C,3.13537323
YJL025W,3.144651275
YHR089C,3.146992475
YAR008W,3.148116737
YGL144C,3.148862205
YPL156C,3.150706989
YNR015W,3.154237641
YNR039C,3.166354728
YHR118C,3.168402443
YML123C,3.172025382
YBR028C,3.173453928
YDL201W,3.175253262
YER128W,3.180495365
YFR028C,3.183604449
YMR227C,3.184147695
YOR342C,3.184171265
YJL110C,3.186500274
YDR021W,3.188127145
YPL072W,3.190328785
YKL113C,3.190579763
YBR088C,3.190954819
YER173W,3.196641144
YOR073W,3.19901877
YKL155C,3.203961416
YLR090W,3.207142089
YDL189W,3.209563058
YOL058W,3.220262305
YDR300C,3.222957943
YLR040C,3.223145856
YDR363W,3.223399941
YKR080W,3.228828794
YDR045C,3.230043604
YBL069W,3.23224314
YGR120C,3.234613937
YDR181C,3.236730603
YNL254C,3.237342563
YDR049W,3.247327609
YGL050W,3.252164316
YML050W,3.254146805
YLR319C,3.259257811
YEL029C,3.260233635
YOR079C,3.26128792
YML087C,3.2701174
YPL183W-A,3.270823936
YIL005W,3.271287927
YFR026C,3.271778319
YLR226W,3.272742738
YJR144W,3.272938867
YIL016W,3.279297322
YMR044W,3.279598018
YNR017W,3.283885772
YPL177C,3.284019754
YKL032C,3.284027305
YGR075C,3.285902459
YIR008C,3.291826766
YPL029W,3.292686489
YKL170W,3.296380974
YER064C,3.296777319
YFR043C,3.298905776
YLL003W,3.300403175
YKL062W,3.301276039
YKR026C,3.302112878
YKL106W,3.305112787
YDL207W,3.308129657
YDR308C,3.321698131
YDR302W,3.325189871
YNL022C,3.327118161
YIL122W,3.328669398
YKR091W,3.329248223
YDR361C,3.329723751
YNR032W,3.330420849
YBL032W,3.333641266
YIL090W,3.337249507
YBR192W,3.339187695
YBR030W,3.341770421
YPL066W,3.349417011
YDR267C,3.350113294
YHR069C,3.350644222
YER169W,3.361891721
YOR243C,3.363325836
YJR155W,3.368985657
YGR076C,3.37357303
YML088W,3.375342208
YDR493W,3.380744937
YDR312W,3.381126109
YDR465C,3.382940991
YOL149W,3.38449583
YDR104C,3.385868862
YDL203C,3.386118006
YAL040C,3.387866039
YFR038W,3.388527038
YJL118W,3.391041008
YKL120W,3.391830021
YBR194W,3.392249977
YCL032W,3.39242285
YNL311C,3.393417918
YKL021C,3.39368673
YOL022C,3.394028699
YAL034W-A,3.395524021
YOR303W,3.397340691
YCL029C,3.399293133
YJL203W,3.400220042
YBR247C,3.405128978
YDR240C,3.405856061
YFR034C,3.409854951
YPR125W,3.410542095
YKL061W,3.412627543
YDR113C,3.415870122
YGR004W,3.420225701
YIR021W,3.42095471
YDR108W,3.422010332
YDL117W,3.426408718
YML108W,3.42643348
YBR213W,3.431519681
YER002W,3.43279193
YPR120C,3.43477736
YOR129C,3.435702132
YMR063W,3.44008341
YGR122W,3.440398939
YKR010C,3.44435714
YOL112W,3.444419078
YJL180C,3.44659219
YJL090C,3.448201996
YGR110W,3.450984032
YKL052C,3.453184045
YFR005C,3.4618687
YNL001W,3.463547431
YGR191W,3.464065173
YDL074C,3.464568983
YLR275W,3.464839783
YBR295W,3.465338955
YIL009W,3.467236649
YOR149C,3.468139129
YDL182W,3.471099045
YML023C,3.472366438
YNR020C,3.47332686
YLR401C,3.475730495
YLR099C,3.477195673
YJR110W,3.48068392
YKL122C,3.482635609
YKR079C,3.488532069
YGL017W,3.489560415
YGR056W,3.490646855
YNL328C,3.492880489
YBR153W,3.493806271
YML009C,3.499768092
YLR022C,3.500037804
YPR065W,3.505111471
YBR068C,3.505804618
YPR190C,3.506601205
YPL008W,3.510807119
YMR117C,3.510864154
YER112W,3.51229022
YGR072W,3.5124989
YDR245W,3.516167688
YLR277C,3.518352993
YMR172W,3.522379649
YDL030W,3.525807158
YJL133W,3.52768384
YLR439W,3.530921657
YPL047W,3.530941867
YLR003C,3.534182825
YDR339C,3.538431321
YHR062C,3.5405622
YLR103C,3.543165066
YML031W,3.551806839
YFR048W,3.556528656
YCR035C,3.559650472
YBR002C,3.562538906
YPL101W,3.566203688
YPL057C,3.57120247
YLR253W,3.573379647
YPR194C,3.574860136
YDL176W,3.575567625
YNL221C,3.580462682
YAL047C,3.58512363
YPR048W,3.585240466
YJR070C,3.586022263
YBL107C,3.594312365
YPL158C,3.594322981
YOL140W,3.595781216
YIL037C,3.597001299
YMR036C,3.598747101
YBR154C,3.601437038
YJR135C,3.601761141
YGR260W,3.604308761
YHR170W,3.604488937
YCR005C,3.604773441
YOR094W,3.60492302
YBR010W,3.607575836
YMR002W,3.608525839
YPL050C,3.608734286
YDR176W,3.61203364
YBL104C,3.612539533
YLR312W-A,3.614516035
YGR177C,3.615523998
YDR322W,3.616310222
YOL108C,3.618575681
YPR144C,3.619256769
YLR385C,3.619374381
YJR067C,3.619639312
YGR208W,3.620396262
YER032W,3.62260373
YLR127C,3.624027121
YGR187C,3.624214905
YKL055C,3.62507669
YHR094C,3.626138343
YOR311C,3.629334797
YIL118W,3.63215987
YCL018W,3.632179757
YLL002W,3.632922091
YPL096C-A,3.634167053
YPL254W,3.634775451
YGR014W,3.640333986
YNL213C,3.640950651
YCL024W,3.641043502
YOR281C,3.642782291
YDR389W,3.642817386
YMR177W,3.645154449
YBL009W,3.653456886
YPR156C,3.653825335
YMR313C,3.655999374
YGL246C,3.66170444
YPR104C,3.661807834
YBL090W,3.66231404
YOL012C,3.662814891
YKL176C,3.663276526
YDL003W,3.66541254
YDR014W,3.668314778
YLR403W,3.668390868
YPR134W,3.668470709
YKR022C,3.66935273
YKL004W,3.670340001
YDL076C,3.671193817
YGR165W,3.677541955
YHR168W,3.679355063
YBL002W,3.679875559
YBR105C,3.681109249
YDR144C,3.68299572
YDR356W,3.687128676
YMR285C,3.687129024
YNL256W,3.688516381
YCR047C,3.696654211
YDR528W,3.69672024
YGL107C,3.700127765
YPL051W,3.708286261
YOR232W,3.712993727
YMR056C,3.713558494
YCR065W,3.718180304
YBL093C,3.72335368
YJL198W,3.724072225
YCR054C,3.72500497
YBL025W,3.730797073
YOR127W,3.73387536
YNL153C,3.735806834
YPR187W,3.739608681
YJL183W,3.741226966
YBL005W,3.742500252
YDR369C,3.744178914
YMR066W,3.747637002
YNL278W,3.751188031
YOL011W,3.752116263
YDR224C,3.756169393
YNL066W,3.761534304
YLR056W,3.761796165
YDR299W,3.763038629
YML061C,3.76764565
YLR079W,3.768125845
YKL017C,3.768608835
YFR027W,3.771035858
YLR381W,3.772856554
YGR128C,3.778533078
YOR104W,3.778652884
YKL068W,3.780217601
YDR524C,3.78103359
YER107C,3.783618839
YHR059W,3.787665967
YOL093W,3.796075106
YLR320W,3.800742863
YGR058W,3.803146809
YPL243W,3.804011751
YEL016C,3.807318386
YOL158C,3.808137864
YPL268W,3.811308144
YOR188W,3.812185046
YPL075W,3.812702945
YNL080C,3.813012324
YDR034C,3.81902504
YGR040W,3.822548424
YPL070W,3.824784655
YMR033W,3.840241531
YOL018C,3.845017175
YLR129W,3.845612419
YLR321C,3.8474877
YLR212C,3.848583176
YNL325C,3.851967313
YBR185C,3.855903919
YIL131C,3.858038658
YCL031C,3.859989424
YOL122C,3.868382238
YDR235W,3.872937006
YDR146C,3.882431877
YIL021W,3.882560975
YBR091C,3.886060454
YLR443W,3.889121545
YPR041W,3.889454008
YML076C,3.891154959
YPL011C,3.891206521
YDR527W,3.893386032
YLR105C,3.897697545
YLR026C,3.899495598
YDL039C,3.903230675
YNL169C,3.907613928
YNL231C,3.907952561
YDR088C,3.909709199
YKL164C,3.915175329
YGL025C,3.915351525
YDL001W,3.926895228
YPL246C,3.92700224
YMR223W,3.930926639
YBR087W,3.932290194
YGL256W,3.933783617
YML114C,3.936260025
YLR222C,3.939167262
YDR073W,3.944719833
YER171W,3.950553245
YLR057W,3.950923936
YMR127C,3.951440304
YGR227W,3.953483206
YDL236W,3.962260999
YNL175C,3.963006205
YGL078C,3.96317788
YLR014C,3.966389347
YDR297W,3.9664019
YLR007W,3.973198493
YDR480W,3.982884834
YJL010C,3.985311981
YBR202W,3.987767686
YDL205C,3.993897359
YMR019W,3.996494664
YLR357W,3.997156178
YKL185W,3.998948991
YMR145C,3.999168972
YKL099C,4.002708467
YBR186W,4.00403495
YHR058C,4.004147552
YBR158W,4.005824335
YMR129W,4.00586208
YJR053W,4.008329266
YLR115W,4.008633295
YMR043W,4.011855592
YGL108C,4.013395843
YPL244C,4.013501417
YPL173W,4.027755008
YLR194C,4.02822935
YGL169W,4.03125301
YFR036W,4.031682582
YNL225C,4.033996344
YGL209W,4.038006362
YDR279W,4.041454607
YMR188C,4.041982098
YHR153C,4.042572293
YGR230W,4.044531077
YMR228W,4.045168109
YNL227C,4.056961188
YLR288C,4.065419579
YML081W,4.070316751
YLR221C,4.070584905
YER170W,4.073055672
YDR441C,4.075153026
YKR072C,4.086425133
YGR047C,4.093823824
YLR223C,4.09479946
YDL150W,4.099768754
YBR089C-A,4.102333689
YBR251W,4.10634571
YGR084C,4.107619143
YFR011C,4.107749126
YGR074W,4.112205518
YNL252C,4.115676921
YPR034W,4.117450907
YBR262C,4.132195686
YDL217C,4.133247465
YBR187W,4.133784213
YBL016W,4.146327073
YKL033W,4.146503647
YOR319W,4.147511404
YKR086W,4.155995149
YHR150W,4.156541383
YKL008C,4.157338197
YOR001W,4.163865742
YOR087W,4.167345228
YEL018W,4.168533344
YLR276C,4.177076877
YKR055W,4.178724001
YBR143C,4.184871332
YCR018C,4.185365971
YNR054C,4.194191507
YMR016C,4.199615733
YNL232W,4.204379715
YMR001C,4.210322917
YAR014C,4.212149894
YKL214C,4.216872952
YKL138C,4.216946479
YPR111W,4.218210058
YOR064C,4.219313636
YKL018W,4.225645974
YAL033W,4.225888978
YMR138W,4.227611484
YLR412W,4.228208108
YPL132W,4.229506058
YKL048C,4.233431724
YGL145W,4.237147623
YGL124C,4.238185112
YML093W,4.239305675
YGR095C,4.242892909
YJL209W,4.247152101
YIR023W,4.247975835
YEL063C,4.248190179
YDR458C,4.249465337
YGL171W,4.25000825
YDR026C,4.250662171
YDR232W,4.252461957
YER149C,4.255558384
YOR092W,4.257224337
YOR310C,4.258812661
YLR015W,4.263001594
YNL283C,4.265545116
YDR052C,4.271181882
YKR037C,4.271447429
YEL036C,4.272057821
YLR083C,4.277900745
YOR337W,4.28818681
YNL199C,4.289487252
YKL194C,4.289774218
YKL134C,4.292372098
YLR139C,4.293404575
YBL003C,4.302978355
YKR044W,4.307871459
YAL013W,4.318126143
YGL211W,4.321142897
YPR035W,4.322541675
YDR508C,4.324757556
YDR165W,4.327667015
YLR266C,4.329391754
YLR376C,4.330589799
YOL102C,4.336506051
YJR022W,4.337312832
YMR224C,4.342508634
YDR147W,4.350503912
YKR083C,4.356678241
YNR051C,4.358441768
YMR163C,4.360706294
YER124C,4.363302188
YDL008W,4.366097211
YBL026W,4.368760753
YJR080C,4.370231593
YHL004W,4.373260618
YLR332W,4.374370645
YJL208C,4.374876728
YMR024W,4.378015552
YAL009W,4.378069031
YJR002W,4.378293711
YLR289W,4.378431652
YHR061C,4.379283961
YJL088W,4.380016643
YDL111C,4.382163391
YKL119C,4.382352018
YBR009C,4.384999496
YOR174W,4.385409385
YDL128W,4.386020722
YOL164W,4.387332555
YOR056C,4.38852597
YPL133C,4.389048285
YNL075W,4.389720335
YDR354W,4.389739194
YHR204W,4.391319059
YOL094C,4.393711691
YNR023W,4.397936514
YNL051W,4.399819249
YDR331W,4.401179754
YAR018C,4.403522241
YJR069C,4.405980597
YFR031C,4.410726539
YHR119W,4.412946712
YFL041W,4.413094106
YOR107W,4.414781054
YMR316W,4.416275933
YOR368W,4.417491058
YPL141C,4.428543223
YER180C,4.429076916
YPR145W,4.430857965
YCR057C,4.432177408
YLR328W,4.432368155
YOR196C,4.434109449
YML052W,4.434333893
YBR274W,4.434650343
YDR291W,4.437961276
YDL044C,4.441162689
YHR081W,4.441525848
YHR032W,4.44338849
YLR011W,4.448390721
YDR194C,4.448811092
YPL174C,4.449501757
YFR029W,4.452839386
YCR003W,4.453108699
YMR113W,4.453843094
YML099C,4.454071375
YOR147W,4.455752751
YJR101W,4.455960642
YKR063C,4.457996398
YGR089W,4.464262667
YBL006C,4.465399378
YMR305C,4.468550439
YJR024C,4.469100275
YPL040C,4.474577838
YNL308C,4.476557605
YLR074C,4.479689509
YDL064W,4.487825845
YIL053W,4.488775259
YDR047W,4.489087426
YDL148C,4.489130045
YGL044C,4.492749817
YBL068W,4.495553133
YCR045C,4.498329878
YBR223C,4.499593156
YBR029C,4.499660797
YER049W,4.504647274
YNL038W,4.511502449
YDR268W,4.511728256
YNL248C,4.512145259
YAR033W,4.512635013
YHR065C,4.514626205
YMR238W,4.518093664
YOL119C,4.518136698
YOR130C,4.51827209
YJL054W,4.521803048
YJL073W,4.52300315
YNL185C,4.523678511
YDL105W,4.524098643
YER075C,4.526079892
YGL100W,4.528229001
YGL139W,4.533050395
YGL254W,4.534730353
YLR204W,4.538078669
YPL049C,4.539643036
YKL114C,4.542413836
YGR028W,4.544312859
YOR324C,4.549063817
YPL266W,4.551789952
YBL011W,4.552302994
YIL050W,4.552789823
YDR242W,4.555409429
YBR197C,4.556091406
YNR059W,4.557453066
YGR179C,4.559998646
YHR013C,4.562375349
YDR316W,4.562669365
YDR348C,4.566448798
YNL219C,4.566616823
YMR288W,4.567255369
YGL071W,4.568478789
YER061C,4.571638019
YDL014W,4.57295293
YPR070W,4.573710072
YOL059W,4.579990255
YNL142W,4.580764162
YDR375C,4.581997322
YDR191W,4.586825674
YOL042W,4.588355004
YPR131C,4.5917905
YPL233W,4.597306689
YOR208W,4.599051579
YMR064W,4.599357841
YKL072W,4.602432549
YML034W,4.605273011
YBR055C,4.607919488
YLR409C,4.609144314
YML125C,4.609994261
YKL175W,4.611828499
YPR085C,4.615601693
YLR078C,4.617311157
YNL133C,4.61813093
YHR030C,4.619149708
YEL032W,4.620596707
YHR036W,4.621838754
YGR172C,4.621971955
YGR123C,4.624163036
YPR020W,4.625337136
YMR277W,4.6258137
YMR283C,4.627396045
YDR126W,4.629813894
YIL020C,4.631047956
YBR129C,4.631181647
YPL153C,4.631345343
YGR062C,4.636985388
YML019W,4.640103764
YBR122C,4.644480896
YDR381C-A,4.646099471
YLR051C,4.64761008
YLR291C,4.650427766
YJR050W,4.652088334
YIL040W,4.652810086
YGL077C,4.653160066
YDR494W,4.655338931
YJL096W,4.657707241
YGR041W,4.659628253
YGL028C,4.6615045
YBR165W,4.662432385
YDR438W,4.664575862
YOR241W,4.665801189
YOR126C,4.666205945
YOR179C,4.666506315
YNR026C,4.666509435
YNR027W,4.667518757
YMR134W,4.66903145
YJL127C,4.672078912
YLR010C,4.676815786
YGL223C,4.678825815
YHR073W,4.680286019
YMR282C,4.680890482
YGR007W,4.684194003
YNL148C,4.690043556
YBR123C,4.691746494
YNL032W,4.692570715
YOR350C,4.693452158
YEL006W,4.696923736
YFL026W,4.697245517
YLR021W,4.697407044
YGL216W,4.698113438
YGR162W,4.698131842
YGR280C,4.70203325
YDR101C,4.704192468
YER051W,4.70635461
YML105C,4.708439929
YIL044C,4.709639025
YBR015C,4.714086246
YER129W,4.715803005
YBL024W,4.720127756
YNL141W,4.723349083
YPR166C,4.725073144
YNL096C,4.725139531
YPR067W,4.726989163
YHR038W,4.73056639
YDR337W,4.731088088
YBR260C,4.733858314
YDR482C,4.736168947
YBR077C,4.736493858
YNR011C,4.737070103
YGL143C,4.738068026
YOR038C,4.740862035
YOR360C,4.741902986
YOR066W,4.742192603
YIR004W,4.744531823
YPL024W,4.745943774
YNL003C,4.747624137
YNL183C,4.749516086
YDR192C,4.750070083
YDL156W,4.750538092
YKL137W,4.752512266
YIL027C,4.753790336
YML102W,4.754386034
YCR107W,4.755198825
YCR073C,4.756885602
YPL209C,4.761700324
YJR052W,4.762881822
YKL165C,4.76344371
YOL095C,4.76760882
YMR270C,4.768728746
YPL274W,4.769329488
YAL011W,4.771557303
YDR416W,4.774872422
YDR365C,4.775131
YLR141W,4.775517871
YLR355C,4.779047824
YKL208W,4.780835615
YFR041C,4.780946222
YML055W,4.785671425
YBR142W,4.7861815
YIL093C,4.786508202
YGR096W,4.787734309
YBL008W,4.788725764
YLR004C,4.790597659
YJL013C,4.79241281
YBR042C,4.795212451
YDR115W,4.79556702
YKR036C,4.796105763
YHR090C,4.796919875
YBR268W,4.797660943
YOR080W,4.802336928
YCR019W,4.80260941
YPL038W,4.805322091
YLR233C,4.809568009
YDR091C,4.813293113
YHR197W,4.814369172
YBR110W,4.81546239
YEL040W,4.818016173
YDR017C,4.818466249
YAL024C,4.818653102
YOR206W,4.819363791
YOL034W,4.819400828
YLR399C,4.820952296
YNL268W,4.822356688
YDR167W,4.825545688
YHR080C,4.825709287
YAL027W,4.826108832
YAL048C,4.827165725
YKR085C,4.827286581
YER145C,4.827844966
YJL077C,4.833931586
YKR038C,4.837895945
YMR199W,4.837942766
YGR257C,4.838052533
YGR278W,4.838599263
YGL263W,4.838868775
YDL179W,4.839108893
YDL170W,4.846571174
YMR193W,4.849070878
YPL074W,4.8502588
YGR063C,4.851555711
YDR507C,4.851781772
YLR359W,4.852496314
YHR124W,4.853539342
YEL046C,4.854602462
YPL094C,4.854946955
YHR091C,4.85559041
YHR182W,4.858022828
YDL043C,4.863365099
YJL176C,4.866121712
YKL022C,4.866390603
YCR044C,4.866432735
YLR058C,4.868560281
YOL113W,4.872388072
YDR429C,4.872632389
YOR067C,4.88137236
YLR077W,4.883025088
YER065C,4.884544263
YJR084W,4.88696054
YPL215W,4.887047835
YBR166C,4.888420057
YER070W,4.889390019
YDR175C,4.890264013
YJR048W,4.893036556
YKL006C-A,4.893357558
YEL053C,4.896822915
YBR146W,4.898862926
YAL056W,4.900809727
YNL206C,4.901268475
YJL063C,4.902044225
YKL001C,4.90280456
YLR387C,4.904183548
YLR375W,4.904968302
YDR309C,4.905745745
YAR003W,4.907564957
YGR283C,4.908185319
YDR484W,4.915986213
YBR264C,4.916126475
YOR355W,4.916631565
YIL047C,4.917711508
YPL178W,4.918594351
YOR115C,4.918844132
YER029C,4.919757227
YBR043C,4.920180494
YGR195W,4.920523148
YKL053C-A,4.92056002
YML030W,4.92138541
YPL013C,4.923935469
YKL029C,4.924378069
YNL284C,4.926437714
YPR008W,4.929051223
YGR042W,4.930795732
YGL112C,4.934663124
YEL007W,4.9348755
YGR202C,4.935657024
YNL207W,4.939603422
YMR100W,4.943572967
YOR262W,4.94395719
YMR289W,4.945866585
YHR172W,4.946847742
YPR095C,4.947178928
YDR059C,4.947942802
YJL124C,4.948563939
YBL089W,4.948914487
YMR039C,4.949277235
YLR081W,4.952617389
YBR179C,4.953642474
YBR005W,4.954414619
YNL292W,4.956047818
YPL193W,4.956173628
YDR323C,4.957609645
YDR162C,4.962711747
YMR052W,4.963888801
YML041C,4.967106234
YDR404C,4.967196247
YKL108W,4.969104839
YPR140W,4.971647356
YPL022W,4.971662536
YOR091W,4.971987187
YDL047W,4.974970703
YDL060W,4.975158765
YDL212W,4.978027042
YPR016C,4.981524806
YBL060W,4.984249528
YLR238W,4.984451466
YNL201C,4.984921891
YMR023C,4.985432653
YNL229C,4.985539763
YJR013W,4.992436013
YGL213C,4.993282311
YLR145W,4.9944354
YNL103W,4.996972638
YML007W,5.001563113
YOR061W,5.005461142
YLR418C,5.005676415
YJL071W,5.008531643
YIL022W,5.010950597
YPL135W,5.012050018
YHR151C,5.014027365
YEL042W,5.015143927
YNL062C,5.016042181
YKL079W,5.01864344
YDR252W,5.021653236
YLL013C,5.02537871
YGR229C,5.028699567
YLR316C,5.033100387
YDL098C,5.0336691
YDL198C,5.033966927
YGR038W,5.03777396
YBL103C,5.039669326
YLR382C,5.04003981
YGL142C,5.040155721
YLR055C,5.040544331
YOR108W,5.041168464
YMR225C,5.046492612
YMR212C,5.051046637
YGL084C,5.052522501
YKR028W,5.053544595
YDL133W,5.054374022
YGR233C,5.055756821
YGR274C,5.057179006
YGL035C,5.057509588
YBR188C,5.060954223
YER146W,5.062134769
YDL080C,5.066755883
YKL058W,5.067638995
YNL317W,5.072048475
YGR262C,5.076085653
YDL037C,5.077127102
YPL183C,5.078842357
YPR138C,5.079281058
YLR002C,5.083135138
YCL005W,5.084843155
YDR270W,5.086713572
YIR009W,5.092202015
YIL003W,5.094774712
YCR071C,5.100342433
YER040W,5.101303463
YJR054W,5.106486623
YKL059C,5.116325288
YGR083C,5.116665778
YDR381W,5.117153252
YLR107W,5.118065603
YKL167C,5.126446201
YPL060W,5.128256808
YPL161C,5.129529724
YGL070C,5.130486429
YOL048C,5.133524969
YHR005C-A,5.135552519
YDR227W,5.137635114
YPL020C,5.139434948
YCR060W,5.141678377
YML025C,5.144424105
YDR275W,5.14488254
YDR005C,5.145094621
YGL086W,5.14710238
YPL042C,5.150831337
YDR362C,5.151994851
YNL327W,5.154071254
YMR267W,5.156841558
YMR098C,5.156902785
YKL095W,5.163565056
YKR006C,5.163630833
YLR227C,5.163944631
YLR451W,5.164000706
YLR147C,5.164552275
YKL012W,5.164895144
YLL027W,5.166674613
YMR287C,5.167155957
YMR185W,5.169542222
YGL155W,5.170973107
YHR149C,5.173448267
YNL094W,5.174065132
YER028C,5.176555358
YGR057C,5.176798771
YHL039W,5.17821992
YML049C,5.180790136
YNL293W,5.181085602
YJR134C,5.18303661
YKL085W,5.183401451
YNL020C,5.184208287
YNL255C,5.1870787
YLR211C,5.187163468
YDR400W,5.18748835
YKL015W,5.188018341
YKL209C,5.19040603
YJR113C,5.190828594
YER168C,5.191091721
YPL252C,5.191446243
YNR012W,5.193377675
YHR134W,5.194686099
YEL061C,5.195900365
YMR026C,5.197233315
YNL061W,5.197277665
YGL094C,5.198998502
YGR147C,5.19993873
YKL027W,5.200415769
YLR016C,5.201825166
YNL264C,5.202182157
YLR180W,5.202352184
YAR015W,5.203462667
YOL144W,5.203960261
YNL180C,5.204025252
YLR243W,5.204215666
YKR019C,5.207376989
YDL202W,5.207450049
YNR075W,5.207466939
YMR075W,5.208407516
YLL063C,5.211598223
YBR151W,5.212683398
YOR095C,5.212922895
YER026C,5.215508168
YDR471W,5.222287963
YLR039C,5.224024935
YPR176C,5.225529868
YIL064W,5.232449061
YBL020W,5.233547641
YGL020C,5.236335453
YDR320C-A,5.236868183
YHR201C,5.239797051
YOR264W,5.240138959
YKL002W,5.2430367
YDR460W,5.243771613
YPL127C,5.244141703
YLR181C,5.248644002
YHR086W,5.254073349
YOR049C,5.255153934
YJL094C,5.258995426
YOR354C,5.267201235
YJL111W,5.26883045
YBL097W,5.271917967
YGR091W,5.274862334
YDR237W,5.275375759
YOL141W,5.275623613
YLR437C,5.278464741
YLR182W,5.279807315
YLR427W,5.279807317
YFR013W,5.280230496
YJL187C,5.28094817
YCR052W,5.282885991
YAL053W,5.283844995
YPL139C,5.285678992
YNL304W,5.286612434
YER025W,5.291386195
YER063W,5.291679002
YDL104C,5.294668126
YPL259C,5.301020619
YNL081C,5.301614345
YIR005W,5.303121765
YLR023C,5.304617208
YML071C,5.305520131
YKL082C,5.306791033
YCR079W,5.307590079
YJL210W,5.310316088
YFL049W,5.310399946
YJR001W,5.31065452
YNL314W,5.312030556
YNL031C,5.315387616
YER116C,5.31574414
YKL042W,5.316457677
YOR358W,5.31883301
YPL122C,5.318862804
YMR272C,5.319967505
YPR124W,5.320159149
YMR291W,5.324869988
YKL174C,5.329035293
YLR188W,5.329181938
YDL122W,5.32969364
YNL315C,5.332913764
YJR034W,5.333139692
YNL291C,5.335139644
YAL043C,5.33845208
YOL002C,5.340214567
YLR019W,5.340604992
YLL010C,5.343501163
YAL039C,5.345207707
YIL145C,5.345287098
YER039C,5.34581133
YEL065W,5.347685132
YML060W,5.349613024
YER041W,5.352190593
YPR199C,5.355439312
YPL045W,5.357674882
YNL004W,5.357699423
YDL174C,5.360664233
YOR250C,5.362882735
YAR002W,5.363843394
YDR420W,5.364031635
YNR037C,5.366497515
YGL129C,5.367093119
YDR003W,5.370780407
YPL167C,5.371949295
YBR038W,5.376539786
YEL064C,5.376817646
YDR087C,5.377138583
YML107C,5.378700304
YKR068C,5.37917379
YHL002W,5.381114664
YOR058C,5.382134701
YGL210W,5.396588163
YMR060C,5.396957285
YNR061C,5.39798421
YNL112W,5.398833919
YBL033C,5.402035853
YJR093C,5.407773862
YPR169W,5.408668851
YCR094W,5.410250634
YMR073C,5.410777426
YJL044C,5.418995572
YPR054W,5.424822204
YDL052C,5.431219558
YIL164C,5.433405684
YPR007C,5.445747548
YDL225W,5.446728448
YHR129C,5.446813296
YGL005C,5.448062917
YER183C,5.449612117
YHR147C,5.451187132
YNL147W,5.45151385
YBL021C,5.452327714
YHR072W,5.456914096
YNL192W,5.457912142
YNL067W,5.463281951
YER055C,5.465393117
YEL044W,5.467021628
YNL177C,5.471361103
YOL064C,5.473432216
YMR286W,5.473857582
YBR069C,5.475130032
YGL068W,5.479651575
YNR036C,5.484766168
YPL149W,5.486249313
YNL037C,5.488717561
YDR390C,5.492359638
YPL055C,5.493610994
YNL099C,5.497676483
YHL007C,5.502399198
YMR218C,5.503046627
YDL200C,5.503085484
YDR464W,5.507419449
YDR289C,5.510268994
YNL068C,5.511213139
YNL312W,5.515888205
YHR122W,5.518835628
YMR198W,5.519340493
YKR090W,5.521202052
YNL027W,5.522080025
YMR048W,5.525374367
YGL023C,5.530866108
YNR046W,5.53246637
YDL054C,5.535579168
YHL011C,5.54222618
YKL049C,5.542364322
YGL127C,5.543456439
YBL018C,5.545929695
YCR048W,5.545935258
YDR016C,5.547014187
YOR070C,5.550088206
YML092C,5.55365808
YNR049C,5.55658113
YOR246C,5.55730176
YGR103W,5.557659884
YPL204W,5.567268584
YGL231C,5.567567853
YLL031C,5.574861144
YGL162W,5.574963513
YLR138W,5.576102776
YMR080C,5.577740733
YEL017W,5.5810616
YKL051W,5.582644907
YGR104C,5.590720507
YNL329C,5.592247771
YJR057W,5.593323082
YDR041W,5.600675461
YEL050C,5.611410466
YMR131C,5.6151587
YPR036W-A,5.616411783
YPL237W,5.61887851
YER147C,5.622970781
YDR243C,5.63113712
YLR452C,5.63201258
YPL219W,5.634734162
YLL009C,5.6370817
YJL061W,5.639230863
YGL119W,5.6448896
YDL092W,5.646347599
YNL187W,5.648984789
YJL196C,5.652671776
YNL042W,5.654808354
YDR386W,5.655775221
YBR070C,5.657312985
YOR222W,5.658066936
YMR157C,5.659352284
YGR121C,5.660474044
YDR079W,5.662543326
YBR155W,5.665418331
YGR173W,5.668269457
YGL180W,5.670510038
YOR284W,5.671119292
YGL049C,5.676462588
YDR116C,5.677368144
YER144C,5.67798158
YKL109W,5.685564455
YEL024W,5.685993256
YNR028W,5.687085417
YDL178W,5.687719625
YBR037C,5.689508626
YHR007C,5.690589195
YER027C,5.691935625
YNL087W,5.693488448
YFL025C,5.69363169
YPR011C,5.703453518
YPL271W,5.706921112
YHR192W,5.708216319
YKL181W,5.710457237
YDR121W,5.71418576
YPR105C,5.715686662
YLR096W,5.722245006
YER072W,5.72588246
YCR026C,5.732682756
YBR195C,5.733774342
YLR082C,5.73459884
YNR008W,5.738645497
YGR036C,5.742681836
YOL101C,5.745851822
YIL038C,5.746246361
YHR135C,5.746268177
YOR320C,5.748794022
YOR274W,5.759334235
YPR167C,5.76012516
YMR243C,5.760455356
YDR350C,5.768974575
YDR186C,5.775764081
YHR034C,5.776128335
YML091C,5.778264169
YOR045W,5.779449825
YOL021C,5.780197939
YLR085C,5.783351564
YMR195W,5.793952104
YHR088W,5.797399028
YIL130W,5.799610336
YDR062W,5.802353582
YLR408C,5.803017119
YDR296W,5.803948962
YLR065C,5.815172237
YGL014W,5.817320151
YAL022C,5.819130629
YBR120C,5.820611248
YDR345C,5.820946789
YAL010C,5.827223428
YBR171W,5.831269732
YDL055C,5.837160871
YER019W,5.842925977
YOR330C,5.848079542
YOL147C,5.848915608
YDR013W,5.850674807
YPL023C,5.851792706
YDR068W,5.852523206
YPL015C,5.855363307
YLR372W,5.855414506
YDR156W,5.855931801
YGL226W,5.856017884
YER059W,5.856586213
YFL017C,5.859024455
YLR368W,5.859445589
YLR246W,5.868370826
YJL128C,5.869510028
YBR210W,5.877243683
YBL059C-A,5.877753215
YOR166C,5.878548454
YML036W,5.880378395
YDL002C,5.88243253
YHR072W-A,5.889868491
YDR201W,5.894996339
YGL122C,5.897615096
YLL034C,5.899311151
YOR036W,5.901401065
YGL186C,5.913877042
YBR044C,5.914082999
YGL128C,5.914687099
YDR117C,5.916339268
YER005W,5.918102085
YBR093C,5.925775907
YBL061C,5.926766914
YMR273C,5.928757453
YBR130C,5.933935001
YHR132W-A,5.938236646
YOR103C,5.941176245
YJR083C,5.942885765
YOR189W,5.946969046
YBR294W,5.950198861
YFL017W-A,5.957474891
YIL074C,5.957976812
YML075C,5.958090092
YBL080C,5.958475982
YKL183W,5.958900186
YAL051W,5.960419897
YOL009C,5.966746557
YPR116W,5.968851899
YNL107W,5.970231428
YMR070W,5.972422422
YHR120W,5.974285567
YLR084C,5.985203486
YDR006C,5.98596215
YGR174C,5.993513501
YGR006W,5.999043181
YLR120C,6.006150551
YML011C,6.008198285
YJL095W,6.0126845
YPR128C,6.015120046
YKL222C,6.015848141
YDL045W-A,6.034902511
YPL099C,6.045998534
YMR086W,6.05073209
YIR024C,6.059769384
YMR266W,6.061411806
YLR453C,6.066944118
YOR106W,6.074356783
YOL146W,6.089740329
YNL129W,6.090839646
YDR497C,6.093168639
YKL143W,6.093412507
YOR025W,6.095944593
YER017C,6.101068042
YKR020W,6.104082531
YBR258C,6.10552502
YDR251W,6.106180474
YOL069W,6.109209887
YHL003C,6.113352281
YCL061C,6.12130484
YGR152C,6.125209654
YCR046C,6.134175058
YML115C,6.136646676
YGR275W,6.142126985
YNL259C,6.146818912
YJR031C,6.15462601
YGR223C,6.157546567
YER099C,6.161204593
YDR531W,6.163700953
YOR081C,6.16772102
YFR040W,6.168183359
YDR030C,6.171892313
YBR276C,6.184378187
YOR272W,6.185525651
YIR011C,6.18783791
YGR145W,6.188415779
YHR128W,6.193100257
YDR393W,6.196265714
YPL159C,6.19926397
YGL257C,6.203840643
YOR150W,6.204112345
YGR276C,6.210028888
YGR019W,6.219387495
YEL052W,6.221311553
YNL082W,6.221694042
YDR153C,6.230659024
YGR024C,6.234025841
YNL316C,6.247331541
YHR005C,6.251088617
YIL069C,6.254614224
YJL003W,6.258643191
YLR239C,6.259051077
YGR112W,6.261277232
YBR240C,6.261888069
YDL173W,6.262987488
YMR015C,6.263913248
YML017W,6.264548354
YPR009W,6.270432377
YLR390W,6.272410785
YMR058W,6.272726015
YGL255W,6.274448148
YDR019C,6.278471579
YIR010W,6.27960316
YAL026C,6.284226371
YDL226C,6.285682384
YGR078C,6.289436548
YLR197W,6.290270211
YMR241W,6.299309424
YNL301C,6.303123614
YGL039W,6.304868047
YOR175C,6.306166253
YBR243C,6.306208892
YNL152W,6.308628023
YMR296C,6.310434667
YDR107C,6.31698545
YGR224W,6.321991127
YNL021W,6.326694748
YHR050W,6.333928572
YDR055W,6.334825505
YHR162W,6.337797772
YJL179W,6.339542316
YLR005W,6.340063349
YKR062W,6.346087436
YCL056C,6.346145116
YLR369W,6.355666032
YOL017W,6.358586351
YHR167W,6.360771715
YDR085C,6.36223975
YIL031W,6.362730673
YDL155W,6.363580208
YMR290C,6.363826807
YML121W,6.364714897
YDR205W,6.368718001
YGR048W,6.374860234
YML048W,6.376739598
YDL159W,6.37778332
YNL047C,6.380313172
YPL053C,6.384392834
YMR037C,6.390046506
YDR477W,6.394001118
YCL055W,6.394558031
YHR121W,6.398488747
YJL112W,6.405649974
YNL272C,6.409904019
YBR164C,6.411632374
YDR132C,6.41375187
YGR143W,6.424475331
YLR170C,6.431863957
YOL136C,6.431870061
YCR077C,6.439414935
YNL086W,6.44000837
YGR003W,6.440607953
YOR165W,6.440627059
YDR332W,6.444845429
YKR008W,6.448059365
YER087C-B,6.460120738
YML109W,6.463464289
YOL033W,6.465246369
YLR220W,6.471920776
YML077W,6.475963651
YOL155C,6.477310829
YER020W,6.488078225
YDR463W,6.490805392
YNL212W,6.493164693
YFR037C,6.496161048
YJL029C,6.499639492
YOR060C,6.501237324
YGL110C,6.507305571
YER022W,6.508243246
YPL063W,6.514122713
YOR110W,6.514480281
YDL197C,6.51493529
YPL140C,6.519627043
YMR032W,6.521518176
YDR190C,6.530417766
YLR254C,6.533798844
YBL023C,6.53580138
YOR372C,6.537879998
YER013W,6.53978107
YDL224C,6.543196951
YMR148W,6.544692549
YDL090C,6.548612955
YGL040C,6.557551508
YER058W,6.55857315
YPL096W,6.562412063
YER038C,6.571276649
YLR214W,6.578306704
YLR257W,6.579913702
YJR130C,6.580958765
YDR159W,6.583132109
YNL154C,6.584669933
YPR110C,6.584703255
YJR058C,6.58595813
YJL204C,6.589905644
YER016W,6.590420404
YBR238C,6.594405975
YJL019W,6.60075683
YHL027W,6.603606527
YBL091C-A,6.605376245
YPR163C,6.606176125
YLR069C,6.6064427
YDR469W,6.608131339
YGR005C,6.617930372
YFL031W,6.621052289
YDR405W,6.621883031
YMR009W,6.623762951
YDR499W,6.625410019
YJR035W,6.627340192
YJL024C,6.627557957
YKL132C,6.628072072
YGR196C,6.629384785
YJR118C,6.637173872
YOR011W,6.641608188
YDL116W,6.642044605
YJR099W,6.649244515
YMR168C,6.649734363
YGL190C,6.652477856
YDR229W,6.661573835
YPL210C,6.662919625
YOL023W,6.669782347
YLR285W,6.67545638
YOL008W,6.678493355
YDL235C,6.680159641
YMR244C-A,6.687409782
YPL064C,6.687645359
YNL048W,6.689659601
YOL092W,6.690385818
YFL029C,6.691163268
YML022W,6.691597397
YBL038W,6.69476931
YKR021W,6.69547791
YLR121C,6.697742721
YFR033C,6.703277511
YMR167W,6.7040281
YML021C,6.705809648
YMR069W,6.710214165
YLR210W,6.711679754
YMR028W,6.714461669
YJR007W,6.715759492
YDR054C,6.718868223
YKL045W,6.720073428
YPR201W,6.720799409
YJR147W,6.722093429
YLR190W,6.722269284
YML065W,6.723593636
YOL001W,6.723754756
YDR498C,6.72946944
YPL129W,6.73038281
YHR123W,6.730715187
YDR392W,6.73095582
YKL149C,6.732245684
YPL213W,6.732611624
YDR110W,6.732717123
YFL028C,6.739299373
YDR233C,6.74287652
YDR093W,6.743502954
YOL062C,6.74558972
YGR220C,6.748708014
YFR050C,6.750379085
YKL206C,6.75135671
YGR013W,6.753117404
YHR003C,6.754793445
YBR207W,6.756023593
YDR105C,6.75731741
YLR306W,6.762755349
YHR205W,6.762909703
YGL099W,6.766565013
YCL001W,6.766628257
YKR043C,6.770353662
YKL195W,6.772009135
YLR024C,6.773388081
YAL055W,6.775469146
YPR023C,6.778056588
YBR041W,6.779582083
YPR129W,6.780846997
YCR008W,6.785234182
YPL171C,6.785626413
YHL040C,6.787757659
YOL159C,6.789478955
YDR435C,6.789633918
YOL061W,6.793467434
YHR101C,6.796591176
YOR249C,6.800698807
YJR042W,6.802301462
YDR346C,6.805026536
YDR532C,6.806239363
YDR347W,6.806304583
YMR275C,6.815510606
YOL003C,6.816665963
YKL098W,6.818788033
YNL306W,6.818824649
YKL130C,6.819110737
YOR224C,6.820691106
YNL172W,6.820729377
YGL032C,6.825032914
YLR228C,6.827193536
YJL101C,6.831983823
YPL112C,6.832873435
YOL006C,6.838406223
YER161C,6.844179448
YJL137C,6.847026924
YNL240C,6.850540164
YBR182C,6.854923659
YNL245C,6.859826934
YIR001C,6.862223314
YDR139C,6.86989537
YDR384C,6.870101161
YKR030W,6.878846582
YDR288W,6.879710767
YDR057W,6.880950162
YMR149W,6.885804181
YOL065C,6.885965884
YMR153W,6.891513188
YGR261C,6.891542549
YDR334W,6.891948141
YDR231C,6.89296818
YDR298C,6.89302666
YER092W,6.893502263
YDR486C,6.893681142
YKR025W,6.893884993
YJR032W,6.902403574
YBR201W,6.906679833
YJR004C,6.911739968
YDL160C-A,6.911831424
YMR054W,6.912154572
YFR039C,6.913913303
YGR245C,6.914049887
YKL003C,6.916529643
YAL031C,6.919578029
YPR139C,6.91976568
YHL023C,6.922228062
YIL068C,6.924593073
YHR166C,6.925853609
YIR012W,6.929740115
YBR252W,6.930875475
YNL224C,6.934995565
YNR003C,6.93614004
YDR284C,6.939128868
YPL181W,6.939367659
YJL033W,6.94684571
YKR101W,6.957188164
YKL007W,6.960301682
YHR041C,6.961948091
YDR071C,6.966276416
YJR068W,6.968420823
YIL147C,6.974357303
YMR111C,6.976157962
YIL015W,6.976444046
YGR113W,6.976896046
YDR264C,6.980071734
YGL160W,6.98117564
YGR134W,6.983447575
YMR292W,6.983996081
YMR158W,6.990354919
YKR031C,7.000926716
YER131W,7.006111163
YNL073W,7.009178555
YMR025W,7.013540867
YNL288W,7.015187241
YIL083C,7.021228733
YER179W,7.038812927
YNR064C,7.039553068
YGR031W,7.040175908
YGL111W,7.041336561
YPL164C,7.041999015
YGR222W,7.043602062
YDR239C,7.044305034
YKR094C,7.04448904
YDR408C,7.04551581
YBL035C,7.045764741
YGL187C,7.045941703
YNL294C,7.049329602
YBR133C,7.05160278
YBR183W,7.054083349
YPL232W,7.054937188
YLR119W,7.055078129
YOL025W,7.060113007
YLR095C,7.061419916
YHR181W,7.064791109
YLR093C,7.0659752
YER174C,7.071887622
YDR051C,7.073957522
YIL006W,7.074394381
YPR052C,7.075639884
YAL015C,7.079158422
YDR044W,7.079181272
YLL036C,7.080283724
YBR119W,7.089236739
YDL061C,7.098813901
YDR333C,7.101802783
YPR049C,7.106535298
YGL251C,7.111325546
YBR246W,7.116020173
YPR133C,7.118228159
YAL034C,7.118989805
YDL031W,7.122806673
YIL009C-A,7.125931649
YMR088C,7.127828898
YBL079W,7.137820241
YPL235W,7.146453444
YBR073W,7.147951848
YOL007C,7.148229921
YOL103W,7.151385013
YPL180W,7.15663726
YMR200W,7.164670735
YLL060C,7.173761342
YEL020W-A,7.175246744
YMR146C,7.183397789
YGR154C,7.186603904
YJL186W,7.187294592
YNL156C,7.191769493
YHR143W,7.198810441
YBL029C-A,7.199929938
YMR222C,7.205124003
YGR033C,7.206299436
YLR380W,7.208836872
YJL051W,7.214894909
YBR236C,7.214945328
YOR322C,7.218306234
YOR171C,7.221068285
YDR207C,7.222368895
YPL269W,7.22395686
YER113C,7.227575134
YOR329C,7.227595075
YOL043C,7.228696426
YJR100C,7.229608544
YIL084C,7.238314591
YOR021C,7.246522756
YNR045W,7.252690301
YLR108C,7.259032174
YGL198W,7.263762032
YLR006C,7.263910963
YJR126C,7.274438059
YHR018C,7.274806383
YOR113W,7.279105153
YGR068C,7.279143124
YER006W,7.287395134
YGL224C,7.288633259
YPR113W,7.289733919
YGL248W,7.29245153
YPL163C,7.294755457
YHR100C,7.308927079
YDR492W,7.312124478
YHR103W,7.316089769
YNR067C,7.318968291
YNL026W,7.32275454
YGR217W,7.324861962
YDR506C,7.325849566
YIL004C,7.34083309
YDR379W,7.341990554
YOR316C,7.343566115
YGL080W,7.344462972
YJR040W,7.34809758
YDR164C,7.348836089
YDR295C,7.349492025
YGL066W,7.354720818
YOR047C,7.355613893
YKR003W,7.358558262
YMR194W,7.36375377
YNL290W,7.366541405
YOR226C,7.367487638
YLR406C,7.372613261
YPL208W,7.373130106
YIL114C,7.379606997
YGL166W,7.396966365
YLR098C,7.399973343
YBL067C,7.404973929
YPR082C,7.40660458
YGL083W,7.407144874
YHR012W,7.410109101
YDL065C,7.411974251
YHR198C,7.412217752
YOR051C,7.412875952
YIL153W,7.421796761
YDR349C,7.426895998
YIL156W,7.431541186
YOR299W,7.431573371
YOR352W,7.432556107
YOR269W,7.436324136
YLR414C,7.43803326
YLR199C,7.439417464
YLR200W,7.441652073
YBR036C,7.443457485
YNR004W,7.44762838
YCL038C,7.448664696
YJL050W,7.449933246
YGR189C,7.450582638
YFL009W,7.45593437
YDL006W,7.458473336
YJR005W,7.461705223
YJL062W,7.462665191
YBL082C,7.463613476
YMR137C,7.468677548
YDR092W,7.470325438
YGL167C,7.477686659
YPL059W,7.479095369
YDL056W,7.486304116
YGR105W,7.49930777
YGL012W,7.506483263
YOR305W,7.510523996
YNR009W,7.517453256
YLR017W,7.527173313
YBR060C,7.53009366
YIL126W,7.531952327
YIL030C,7.535751896
YDR310C,7.536155732
YBR261C,7.550739091
YDL120W,7.552522154
YHR067W,7.553741021
YJL097W,7.553809273
YIL140W,7.555046033
YNR022C,7.555971332
YDR260C,7.558523559
YLL014W,7.562036628
YDL165W,7.56557336
YGR044C,7.566389131
YDR511W,7.580742906
YKL218C,7.583675378
YOR286W,7.585425637
YNL138W-A,7.586954065
YLR066W,7.590274155
YDR060W,7.603520518
YDR208W,7.627341126
YBR233W,7.629615839
YHR039C,7.637905647
YML094W,7.642397933
YDL134C,7.651133678
YOL139C,7.651557649
YDR022C,7.653431169
YLR295C,7.675664701
YMR315W,7.676243239
YLR459W,7.67760979
YGR163W,7.682337667
YDR468C,7.685915322
YMR123W,7.690580061
YHR024C,7.691016935
YDR009W,7.693323782
YHR070W,7.700602233
YGL038C,7.700634408
YOR148C,7.702709442
YLR265C,7.712183556
YOR023C,7.715832246
YKL087C,7.719609267
YJL085W,7.727991133
YDR536W,7.729235291
YJL159W,7.73054995
YGR077C,7.731507532
YKL081W,7.732891473
YDL141W,7.735120281
YNL044W,7.737735758
YOR328W,7.739732982
YCR059C,7.74261521
YNL014W,7.742911286
YGL125W,7.748585165
YIL014W,7.761253479
YJL014W,7.763850494
YNL307C,7.768862676
YGR215W,7.7715709
YLR417W,7.778888832
YJR143C,7.789331515
YKL173W,7.79447686
YMR112C,7.801118571
YDR143C,7.801482697
YDR303C,7.802056385
YML014W,7.804205559
YDR378C,7.805289745
YKL211C,7.809701609
YBR008C,7.816192545
YIL042C,7.816483185
YGR046W,7.819720037
YER162C,7.819737651
YEL015W,7.825241751
YOR201C,7.826890374
YHR079C,7.835874382
YJR075W,7.836011428
YLR091W,7.845800332
YGR241C,7.848260828
YJL008C,7.852257492
YDR352W,7.857850552
YBR003W,7.861293193
YDR180W,7.861361201
YGL002W,7.86569117
YIR026C,7.874629542
YCR034W,7.875620194
YLR262C,7.876835331
YJL104W,7.878265441
YPR148C,7.890748706
YJR076C,7.893376362
YLL008W,7.90483764
YBL085W,7.912519351
YJL031C,7.91600289
YIL056W,7.916200603
YER157W,7.920041172
YKL207W,7.921454577
YLR373C,7.922013513
YHR083W,7.923863961
YLR128W,7.931516627
YJL178C,7.931791651
YFR025C,7.940826862
YLR071C,7.945858337
YGR181W,7.94727395
YBR248C,7.955082684
YDL213C,7.957417875
YKL145W,7.961422127
YIR015W,7.97027297
YLR330W,7.982881207
YPR047W,7.987922498
YOR219C,7.991092604
YOR116C,7.992513676
YGL116W,7.99346492
YMR115W,7.99885435
YKL191W,8.000267392
YMR095C,8.000423398
YNL097C,8.003101598
YOR254C,8.004874655
YDL035C,8.004915016
YOR193W,8.005762944
YLR131C,8.011406942
YGR170W,8.01428174
YCR084C,8.019452742
YIL019W,8.020596467
YLR154C,8.022611207
YJL143W,8.023284368
YDR152W,8.035178442
YAL020C,8.035893508
YLR438C-A,8.041549232
YDR325W,8.044129373
YGL115W,8.049936085
YOR037W,8.049971976
YDL017W,8.0566137
YER050C,8.063283681
YBR039W,8.067833111
YDR217C,8.069306338
YPR198W,8.072094265
YOR278W,8.074572237
YGL065C,8.076350376
YDR487C,8.076986314
YDR452W,8.084988503
YLR132C,8.08760962
YBR086C,8.092566258
YDR188W,8.095517284
YPL097W,8.096303771
YPR060C,8.104836596
YPL086C,8.111858445
YPR005C,8.114147354
YIL085C,8.119095664
YLR117C,8.119122193
YNL310C,8.12273386
YER126C,8.124414306
YMR062C,8.125140409
YGL043W,8.142917884
YFR022W,8.143246757
YDL082W,8.145316856
YGL045W,8.145506377
YLR183C,8.147913077
YGR133W,8.156329317
YJL184W,8.162971281
YBR112C,8.163365332
YDR182W,8.16338778
YEL004W,8.172188703
YBR297W,8.175569897
YDR211W,8.180914964
YDR277C,8.182996828
YNL241C,8.18406534
YIL098C,8.185166634
YGL060W,8.186655709
YIL070C,8.198958166
YLR207W,8.206015724
YDR485C,8.209286445
YMR307W,8.216173823
YJR062C,8.224980131
YBR275C,8.228989025
YGR009C,8.232424934
YHR056C,8.247734445
YBL050W,8.258387076
YKL186C,8.264374054
YJL173C,8.273462267
YPR100W,8.279432339
YDL005C,8.290109294
YBR282W,8.291168977
YOR215C,8.29475223
YGL228W,8.310721814
YLL001W,8.314736452
YMR201C,8.315854901
YPR121W,8.33218925
YMR311C,8.340933337
YML001W,8.343383422
YDR436W,8.349574265
YJL004C,8.353324638
YBR278W,8.360374507
YNL323W,8.363143773
YOR069W,8.363776426
YOL105C,8.364930435
YGR092W,8.369817427
YER083C,8.375464368
YGL192W,8.37734989
YJL155C,8.391726986
YMR183C,8.398776206
YOR181W,8.40280174
YHR006W,8.404356977
YLR421C,8.4089856
YGL097W,8.4132712
YPR025C,8.415534545
YBR272C,8.417204162
YFR014C,8.418017806
YPR004C,8.424999211
YNL265C,8.429260475
YGR235C,8.429711651
YBR255W,8.430324347
YHL020C,8.4335059
YML104C,8.436911023
YDL131W,8.443208769
YOR363C,8.447454538
YIL049W,8.447978188
YBL102W,8.45469171
YPL031C,8.456499881
YNL246W,8.458195739
YLR168C,8.463492125
YDL153C,8.466335862
YPL228W,8.483328855
YKL040C,8.486644972
YKL198C,8.488025072
YGL237C,8.491716959
YNL222W,8.49194108
YCR075C,8.498265397
YKL016C,8.501269191
YOR210W,8.504025039
YER012W,8.504566983
YKL037W,8.515308683
YKL146W,8.517427233
YPL270W,8.520882303
YLR136C,8.533788163
YDR538W,8.533857215
YBR159W,8.536800704
YDL144C,8.537436093
YCR036W,8.548189344
YPL117C,8.552805469
YDL078C,8.555718654
YOR138C,8.567927592
YDL045C,8.56889
YMR312W,8.576878895
YHR208W,8.579191389
YCR023C,8.582564978
YHR068W,8.582700792
YDR079C-A,8.582969735
YLR440C,8.586350336
YBR007C,8.586629525
YCL059C,8.590145151
YNL321W,8.591342571
YEL031W,8.593945592
YHL047C,8.598390345
YGR002C,8.599729302
YDR456W,8.601628656
YBL056W,8.603201771
YLR045C,8.603612837
YDR031W,8.603976936
YLR433C,8.620313082
YLR297W,8.628644301
YIL087C,8.63326596
YLR393W,8.633324305
YOR142W,8.643891623
YNL280C,8.653215367
YOR155C,8.662615178
YLR268W,8.664096643
YBR125C,8.684538508
YDL079C,8.694676765
YNL220W,8.695818768
YDR315C,8.717091648
YDR036C,8.737407985
YCR069W,8.749969222
YGL018C,8.750745209
YJL192C,8.752252329
YGR203W,8.758907535
YNL330C,8.761686045
YML026C,8.780441811
YGL075C,8.789978137
YNL223W,8.794996823
YDL138W,8.796975395
YDL028C,8.799784046
YOL130W,8.803808419
YDR125C,8.815619544
YHR116W,8.815648187
YOR005C,8.823207079
YNL049C,8.824919938
YJR135W-A,8.828694635
YGL006W,8.831828975
YPR021C,8.832549647
YER060W-A,8.846128411
YER148W,8.867667232
YAL014C,8.879946176
YPR010C,8.89417314
YHL043W,8.90097645
YDR145W,8.904221473
YJL093C,8.937478479
YFR004W,8.947300406
YOR039W,8.950080203
YMR121C,8.950691322
YBR132C,8.951863107
YOR381W,8.9575627
YML057W,8.96560723
YDR505C,8.969111993
YOL070C,8.98344382
YGL203C,8.987669113
YFR007W,8.993363399
YNL166C,8.998267179
YKL092C,9.001307007
YDR374W-A,9.002440834
YML032C,9.014916795
YJR051W,9.015319077
YLR429W,9.016235012
YNR013C,9.017107311
YOR059C,9.023492787
YMR077C,9.029794147
YNR007C,9.034764393
YOR291W,9.039863215
YGR049W,9.042079585
YOR228C,9.070997823
YCL012C,9.077990275
YPR168W,9.07834451
YHL028W,9.098814626
YDR519W,9.100729124
YDR096W,9.10447316
YBL019W,9.109550274
YKL110C,9.114571053
YOL148C,9.122826747
YDL115C,9.123189318
YAL036C,9.125901463
YOR065W,9.127686065
YJR041C,9.130456696
YIL065C,9.13266258
YJR064W,9.133203667
YGR029W,9.144188753
YMR125W,9.145308649
YGR010W,9.150843726
YPR029C,9.152801246
YJR102C,9.153857557
YMR264W,9.15633669
YPL065W,9.162518399
YMR319C,9.167105261
YBL074C,9.170259252
YLR364W,9.176007783
YMR041C,9.18915254
YER134C,9.201399172
YMR235C,9.220756973
YGL055W,9.22697422
YER122C,9.233698681
YGL154C,9.24948319
YLR097C,9.257968623
YDL210W,9.262284891
YLR229C,9.262950471
YDL083C,9.264709343
YOR327C,9.268993164
YBR057C,9.278635722
YOR057W,9.282517647
YBL039C,9.289242807
YMR049C,9.290620294
YNR006W,9.292472742
YNL005C,9.299696825
YNR041C,9.305206801
YOL077W-A,9.306941821
YLR143W,9.326671086
YBR211C,9.338127046
YBL071W-A,9.338190301
YML098W,9.339451728
YOR251C,9.342354488
YJR006W,9.342888035
YDR434W,9.351926173
YOR035C,9.356218945
YER086W,9.35809837
YPL118W,9.359569627
YGL220W,9.361845959
YDR174W,9.376969369
YMR164C,9.378058202
YDL097C,9.381236075
YFL027C,9.386142856
YMR179W,9.402258611
YLR378C,9.432033328
YFR042W,9.439465086
YNL056W,9.450949204
YNL214W,9.451549825
YBR106W,9.452409621
YIL112W,9.454804516
YHL022C,9.456761129
YAR031W,9.460373641
YER087W,9.460666602
YJL158C,9.463073728
YCR002C,9.463423301
YIL007C,9.464438994
YNR074C,9.469171815
YEL038W,9.477463182
YPL095C,9.48025832
YNR060W,9.486766536
YER154W,9.494004189
YPR062W,9.496308763
YKL034W,9.498328352
YCR105W,9.523890091
YMR284W,9.53145907
YJL166W,9.538660152
YOR216C,9.544306996
YOR384W,9.553918116
YKL190W,9.569785851
YEL003W,9.612045366
YMR139W,9.614191936
YPR133W-A,9.62581035
YPR106W,9.64201641
YJL115W,9.642099269
YJL030W,9.662313433
YPR103W,9.664460975
YKL189W,9.666206652
YGL148W,9.680750957
YHL034C,9.684495563
YHR133C,9.687964859
YCL010C,9.690277133
YLR164W,9.705551694
YDL161W,9.713788059
YLL038C,9.720479365
YML015C,9.722158663
YDL142C,9.728508622
YPR072W,9.732314014
YBL015W,9.733873151
YOL052C,9.737479028
YGR054W,9.742501772
YGL054C,9.759315766
YBR235W,9.774834539
YEL012W,9.786339475
YMR067C,9.799030773
YBR253W,9.800085803
YMR014W,9.804002785
YMR071C,9.804950312
YDR292C,9.805432131
YOR204W,9.810217943
YGR097W,9.812118335
YOL053W,9.814609657
YNR018W,9.821330221
YOL086W-A,9.840935909
YLR208W,9.861047758
YAL058W,9.865770756
YJL140W,9.87529782
YDR285W,9.877139427
YER033C,9.880279016
YGL172W,9.883480295
YKR016W,9.883651121
YLR059C,9.891653
YDR197W,9.892787878
YNL238W,9.902305561
YAL046C,9.927365325
YNL131W,9.928853014
YMR203W,9.933990474
YNL072W,9.934535781
YGR200C,9.940323941
YOR211C,9.949046056
YMR255W,9.953297921
YPR118W,9.980838423
YLR192C,9.989068768
YLR436C,9.99184448
YMR184W,9.995464876
YOR180C,10.0168273
YNL052W,10.03389734
YMR004W,10.03460566
YDR276C,10.03596396
YMR178W,10.03883239
YNL100W,10.04788791
YER036C,10.05875954
YCR017C,10.0620288
YIR029W,10.07153059
YML127W,10.0739349
YOL104C,10.07723654
YHR195W,10.07970986
YER166W,10.08122754
YKL196C,10.08128235
YDR377W,10.0816801
YAL007C,10.089357
YLR256W,10.09123145
YPR040W,10.10413547
YNL257C,10.11055028
YDR100W,10.11611485
YGL019W,10.11988024
YPL236C,10.12189656
YOL072W,10.12541412
YHR017W,10.12699213
YFR008W,10.13021761
YEL071W,10.1481969
YDR236C,10.15409895
YBR080C,10.15426408
YPL017C,10.15437779
YGL168W,10.16594124
YAR007C,10.16662119
YLR087C,10.16977482
YBR227C,10.1722936
YMR068W,10.18065408
YGL179C,10.19075523
YEL037C,10.19224084
YLR088W,10.19319321
YHR200W,10.20682435
YBR092C,10.20847625
YMR005W,10.20934772
YGL013C,10.21876619
YDR320C,10.22888379
YIL039W,10.22927458
YPL078C,10.23095984
YLR273C,10.23369713
YGL225W,10.23727853
YGR037C,10.23768307
YDL123W,10.24203579
YDL248W,10.24413803
YJR021C,10.24598081
YDL216C,10.24721325
YIL088C,10.25041167
YML058W,10.26237992
YER060W,10.27691433
YBR244W,10.27853664
YMR135C,10.28681655
YNR030W,10.29537864
YOR245C,10.29746955
YJL038C,10.30061773
YJL164C,10.30587776
YNL263C,10.307875
YML101C,10.33844017
YDR512C,10.34085102
YOR131C,10.34382372
YPL111W,10.34533203
YDR163W,10.34640256
YOR356W,10.34722877
YLL043W,10.34876643
YJR094W-A,10.35919113
YAL019W,10.36529687
YJR133W,10.36754156
YLR449W,10.37540149
YIL133C,10.37705374
YIR033W,10.37990595
YDL051W,10.3801183
YGR238C,10.38744224
YNL098C,10.39845875
YBR283C,10.40132244
YER082C,10.4032073
YOR016C,10.41765715
YOR194C,10.43250499
YCL057C-A,10.43379315
YER044C,10.44874037
YOL097C,10.45913409
YDR322C-A,10.4594294
YOR075W,10.46032136
YLR034C,10.4629185
YJR077C,10.46959029
YLR292C,10.48103842
YOR172W,10.48508562
YIL035C,10.49285676
YBR256C,10.50265451
YBL030C,10.5374427
YPL273W,10.53831189
YNL336W,10.54006977
YFL030W,10.54953675
YBL040C,10.58714722
YHR111W,10.59195865
YDR246W,10.59219627
YBL004W,10.59717652
YGL161C,10.59823583
YNL155W,10.59991495
YMR176W,10.60269567
YOR030W,10.60285053
YHR189W,10.61153506
YOR125C,10.6167599
YJL001W,10.62627934
YGL153W,10.63171026
YJL129C,10.64388501
YNL282W,10.64838012
YGL067W,10.6518999
YMR040W,10.65834392
YHR001W-A,10.6715032
YOR008C,10.67173586
YKL039W,10.69206667
YDR025W,10.73494892
YER089C,10.73850391
YDR326C,10.7468161
YER048W-A,10.74842989
YIR022W,10.75037911
YJR088C,10.77837614
YKL128C,10.78240647
YAL001C,10.79442266
YOL087C,10.80145155
YMR242C,10.82146243
YPL087W,10.82615605
YPL090C,10.83929889
YLR193C,10.84071846
YOR357C,10.84165502
YDR033W,10.85149615
YHR110W,10.8625362
YHL031C,10.86643066
YBR273C,10.87870045
YGR135W,10.8808452
YOR275C,10.8846127
YDR086C,10.88916248
YIL023C,10.90083429
YAL032C,10.91285949
YLR114C,10.92342455
YML004C,10.92648388
YDR379C-A,10.95869898
YHR060W,10.95942252
YOR380W,10.96477662
YAL063C,10.9670929
YGR263C,10.97535532
YMR220W,10.99329204
YGR207C,10.99622953
YML067C,11.00434038
YNL036W,11.0151276
YNL101W,11.02110387
YKL193C,11.02153188
YJR074W,11.03985648
YPL207W,11.04018911
YBR114W,11.04660742
YIL142W,11.05407823
YEL054C,11.06632821
YGL241W,11.08338891
YLL057C,11.08403788
YHR107C,11.08529887
YNL149C,11.09207877
YLR218C,11.09872836
YER010C,11.09878571
YBR135W,11.10241676
YKL171W,11.1122672
YDL053C,11.11239448
YER078C,11.1204728
YJL151C,11.13447997
YDR530C,11.14076667
YFR049W,11.14361755
YKL084W,11.14744427
YGL095C,11.15182974
YLR176C,11.1538247
YFR021W,11.15574455
YMR096W,11.1622886
YKL065C,11.17197897
YBR288C,11.19119007
YGL252C,11.19355136
YDR212W,11.19885848
YPR086W,11.20129279
YDR466W,11.20248197
YBL084C,11.20366457
YIL094C,11.20647475
YBR193C,11.21781459
YPL032C,11.22756992
YEL009C,11.22939194
YLR100W,11.22961508
YPR094W,11.23352928
YMR295C,11.25230476
YLR195C,11.2641275
YBR058C-A,11.27059627
YEL026W,11.28176342
YNL121C,11.28291095
YPL018W,11.29185321
YLR383W,11.30531651
YDL040C,11.30877303
YGL229C,11.3148688
YKL141W,11.3151572
YER068W,11.31930198
YCL051W,11.33110672
YDR510W,11.33586522
YOL066C,11.34014057
YDR058C,11.35272945
YHR004C,11.35730934
YJL047C,11.37116468
YOR184W,11.40443711
YJL062W-A,11.40952818
YKL028W,11.42630576
YMR094W,11.42753916
YDR063W,11.43790478
YMR020W,11.44777791
YGR206W,11.45193017
YML106W,11.45569533
YGR138C,11.46425957
YNL230C,11.4643386
YKR074W,11.49374137
YOL096C,11.49619075
YBR094W,11.50765419
YCL008C,11.52009387
YOR239W,11.52182236
YBR205W,11.54643337
YOL016C,11.55171163
YER062C,11.55346707
YNL132W,11.55379594
YGR258C,11.56262714
YPR165W,11.56498437
YDL137W,11.56933573
YJL138C,11.58800402
YKL168C,11.5885146
YKL025C,11.60722616
YJL036W,11.61210055
YMR302C,11.61303351
YPL004C,11.63330459
YIL063C,11.63967505
YPL092W,11.65679466
YPL010W,11.68413997
YPR127W,11.69842017
YER133W,11.70480312
YBL088C,11.70654909
YDR363W-A,11.73178151
YFL048C,11.74441743
YDR462W,11.74839905
YDR078C,11.7591099
YJR010C-A,11.76549267
YOR247W,11.76932475
YFL047W,11.78179296
YOR234C,11.78969574
YKL216W,11.80800631
YHR186C,11.82519249
YDL169C,11.83239832
YGL073W,11.89549901
YOL015W,11.89611284
YDL188C,11.90579153
YLR388W,11.90615243
YNL233W,11.90675621
YJL012C,11.93485601
YFR003C,11.94736745
YKL067W,11.95002444
YLR395C,11.95375554
YCL004W,11.96803946
YLR362W,11.9686832
YHL016C,11.97082999
YGL163C,11.97587651
YBR217W,11.97956723
YBR074W,11.98344628
YBR177C,12.00651099
YGL022W,12.0082503
YML129C,12.02589965
YFL005W,12.07426907
YCL047C,12.10170453
YOR256C,12.13074921
YMR035W,12.13592206
YER115C,12.14174581
YGL250W,12.14749929
YDL007W,12.15295963
YDR376W,12.15835466
YLR126C,12.17277381
YLR172C,12.1951766
YPR112C,12.21566188
YDR234W,12.23560147
YPL076W,12.24467112
YLR027C,12.27065971
YOL051W,12.27124069
YGL048C,12.2722378
YPR088C,12.28912355
YDR475C,12.29371024
YIL036W,12.30525936
YER175C,12.30867164
YJR082C,12.31658627
YJL078C,12.31948777
YOR014W,12.32744757
YIL135C,12.33281393
YOR002W,12.33854703
YOR265W,12.34093617
YIL033C,12.36209343
YOL089C,12.37414025
YKL006W,12.38847217
YOR276W,12.39128745
YJR142W,12.39338609
YBR204C,12.39417397
YOL005C,12.40073864
YDR481C,12.40602931
YHL048W,12.41004777
YGR234W,12.4379002
YDR411C,12.4428641
YKL073W,12.4475944
YNL029C,12.46470015
YGR085C,12.47379995
YLR371W,12.48930607
YOR259C,12.49311687
YGR087C,12.49449906
YNL035C,12.49857375
YLR032W,12.49909043
YCR028C-A,12.50318381
YGR253C,12.52975714
YGR086C,12.5369148
YDR423C,12.54622114
YKR013W,12.56285458
YER021W,12.57502096
YFR024C-A,12.60307494
YMR072W,12.61144068
YMR089C,12.61316586
YLR250W,12.61332443
YDR023W,12.64162918
YLR113W,12.64311854
YDL072C,12.65550324
YHR207C,12.66354619
YGL120C,12.66894684
YAL023C,12.67737404
YDL067C,12.68265374
YCL045C,12.69678082
YFL045C,12.72839102
YKL094W,12.73935832
YOR362C,12.7672083
YDR007W,12.77203105
YMR079W,12.78980014
YMR208W,12.79170587
YIR018W,12.80128652
YGL232W,12.80182667
YDR353W,12.80426096
YKL126W,12.81679674
YMR083W,12.81821667
YOL060C,12.82638105
YGL126W,12.82888788
YBR031W,12.83065396
YOR074C,12.83066841
YPL134C,12.83847713
YDR130C,12.84889226
YDL018C,12.85511035
YOL071W,12.86942685
YJL146W,12.8742374
YJR072C,12.87998827
YLR360W,12.88114654
YMR159C,12.89823572
YGR286C,12.91172195
YDL164C,12.91327529
YGR288W,12.92076833
YLR298C,12.96181574
YDL143W,12.9782153
YGL031C,12.98980156
YBL057C,13.00768839
YBR162W-A,13.00866838
YCR082W,13.01266285
YJL002C,13.02506995
YJL171C,13.04756665
YCR009C,13.04906846
YGL093W,13.06596809
YHR115C,13.07610315
YGL092W,13.09443105
YOR163W,13.09458192
YDR200C,13.09459081
YKR088C,13.10468367
YIL144W,13.11976795
YBR083W,13.13617022
YMR038C,13.14856329
YMR281W,13.14863588
YHR042W,13.15367938
YKL219W,13.15741703
YGL181W,13.16065153
YKL090W,13.17692322
YBR189W,13.18911192
YLR425W,13.19066782
YOR261C,13.19657681
YEL041W,13.19661006
YGR012W,13.21158965
YKR096W,13.21260608
YNL216W,13.21486038
YPL253C,13.22800856
YJR086W,13.24079614
YOR367W,13.27797145
YDR098C,13.27851579
YMR236W,13.28625706
YBR203W,13.28729144
YKR004C,13.3125375
YCL030C,13.33656849
YLL029W,13.33733065
YDL088C,13.36204976
YBL041W,13.37829771
YOR293W,13.37916819
YPL002C,13.38041782
YBL027W,13.39626103
YKL069W,13.42362783
YER069W,13.42943512
YJL048C,13.44410287
YBR163W,13.45135492
YCR030C,13.45191787
YPL206C,13.45261205
YOR220W,13.47000448
YKL192C,13.47919053
YBR160W,13.50110957
YOR209C,13.51698093
YOL088C,13.54099867
YIL157C,13.54649106
YER094C,13.55706419
YKL005C,13.57872527
YGL244W,13.64309929
YLL006W,13.64560869
YDR394W,13.64641771
YGR132C,13.65638506
YOR187W,13.65753523
YDR272W,13.66195609
YPL137C,13.6634283
YDR219C,13.6638503
YOR312C,13.71708289
YKL019W,13.72654304
YDR160W,13.74547182
YLR137W,13.75607348
YNL234W,13.76645594
YGR186W,13.76661727
YNL197C,13.7731899
YIL076W,13.78099803
YJR131W,13.78281631
YGR183C,13.7939772
YDR488C,13.80515618
YPL151C,13.80762248
YDR012W,13.81035962
YER093C,13.81227013
YML124C,13.81366717
YGR106C,13.8184295
YHR098C,13.82364787
YPL105C,13.83012847
YML069W,13.83327508
YIL008W,13.83578392
YLR350W,13.83939624
YDR247W,13.8476665
YDR517W,13.85752316
YKL135C,13.86542062
YGR232W,13.89382574
YDL089W,13.89462252
YPL145C,13.89570558
YJL201W,13.89885487
YEL005C,13.92961604
YHR194W,13.9391216
YFR052W,13.95019398
YCR073W-A,13.96025282
YJR140C,13.96376073
YNR033W,13.96460895
YLR450W,13.97660449
YOR117W,13.97662317
YOR301W,13.98050623
YER031C,13.98196367
YJL100W,13.98340168
YHR026W,13.98793512
YLR299W,14.0069213
YDL010W,14.01089425
YGL059W,14.01286996
YOR257W,14.01694699
YPL098C,14.02311248
YML029W,14.06800199
YDR196C,14.09210967
YKR084C,14.09611507
YOL031C,14.109788
YOR054C,14.11272923
YPL036W,14.11792083
YFL004W,14.13107932
YCL052C,14.13617106
YBR128C,14.14158523
YJL185C,14.15821963
YFL050C,14.16181288
YNL163C,14.16209163
YEL017C-A,14.16333628
YDL046W,14.16514364
YKL159C,14.18129324
YEL062W,14.20296621
YBR137W,14.21573974
YDR329C,14.21859808
YLR244C,14.21996529
YOR177C,14.22378106
YDR479C,14.22931965
YLR363C,14.27132016
YOL109W,14.28003731
YDR373W,14.28489287
YLR420W,14.30358675
YKL140W,14.33661542
YGR175C,14.33794237
YGL087C,14.35587235
YFR051C,14.37376621
YDL101C,14.37834853
YMR306W,14.39470671
YHR001W,14.39811604
YMR011W,14.41462189
YNL074C,14.42443482
YKL013C,14.44025584
YMR314W,14.45273558
YPR185W,14.46334099
YDR076W,14.46505292
YMR259C,14.46723751
YPR081C,14.46844424
YNL244C,14.49749983
YLR086W,14.49798335
YDL091C,14.50560142
YIL002C,14.50638426
YGL001C,14.51607994
YKR087C,14.52409481
YJR019C,14.54074448
YDL077C,14.54667851
YER172C,14.55608253
YOR197W,14.55892015
YPL001W,14.58039741
YPL104W,14.60229023
YPL126W,14.60248282
YOR377W,14.60411256
YDR097C,14.61791833
YHR057C,14.62765181
YDR489W,14.62848707
YBL036C,14.63345683
YHR171W,14.63735931
YGL003C,14.65810651
YPR079W,14.6627897
YGR034W,14.69719514
YNL139C,14.69886976
YDR357C,14.74321537
YDR035W,14.74618669
YIL071C,14.7567666
YMR097C,14.75809304
YEL002C,14.75978856
YDR084C,14.78156119
YDL175C,14.78277939
YML068W,14.78316732
YDL147W,14.78939684
YLR163C,14.81147461
YLR245C,14.86015553
YJL039C,14.8972566
YGR295C,14.89750457
YHR209W,14.90263652
YOR307C,14.90396054
YOR280C,14.92811422
YOR288C,14.93833851
YMR202W,14.94942837
YCL014W,14.95096606
YLR060W,14.96073942
YDL036C,14.96137531
YDL125C,14.9649234
YLR203C,14.96685622
YML086C,14.98788945
YKR052C,14.99375048
YDL149W,15.02095098
YBR103W,15.05248365
YLR151C,15.07068316
YLR367W,15.0827028
YLR102C,15.08675763
YBR222C,15.09339729
YMR074C,15.12763264
YPL218W,15.135774
YLR038C,15.14836774
YGL004C,15.16139476
YIR002C,15.18084091
YHR158C,15.2202512
YIL010W,15.22666379
YHR051W,15.22729906
YAR019C,15.25296665
YLR310C,15.28468671
YPL120W,15.30196174
YLR329W,15.30394869
YHR023W,15.30907126
YGL123W,15.32202448
YDL004W,15.33753966
YNL202W,15.37637212
YOL151W,15.38732692
YBR035C,15.43441539
YJL079C,15.43518332
YJL053W,15.444786
YDR321W,15.46632996
YER177W,15.4756061
YAL042W,15.48941829
YDL099W,15.50382191
YJL091C,15.52120978
YCR033W,15.5325226
YDR118W,15.53946552
YNL190W,15.55487579
YOL129W,15.56321327
YGR140W,15.57677171
YJL117W,15.58126684
YPR075C,15.59519814
YBR245C,15.61262325
YDR221W,15.64546204
YMR150C,15.6564961
YHR063C,15.65838622
YPR097W,15.66122201
YNL090W,15.68157164
YMR140W,15.70145846
YJR036C,15.7050375
YGR267C,15.70618378
YBL091C,15.70711475
YPL263C,15.71377319
YNL015W,15.73197885
YDR490C,15.74357115
YGR157W,15.77978486
YOL063C,15.79442955
YLR205C,15.80350735
YDL087C,15.80637696
YIR028W,15.83054073
YOR089C,15.83499307
YLR048W,15.85174675
YHL019C,15.85451914
YGL219C,15.86221405
YNL173C,15.8648062
YNR043W,15.90773261
YOR085W,15.90902866
YMR191W,15.91838787
YHR028C,15.92104852
YNR055C,15.92518189
YNL084C,15.93309035
YOR223W,15.9351198
YIL117C,15.93592308
YOR026W,15.9440339
YOR048C,15.94472723
YLR167W,15.9683629
YKR065C,15.97303246
YML013W,15.99067125
YJL154C,15.99760505
YKL201C,16.01369147
YGR102C,16.05256801
YLR370C,16.06012586
YPR037C,16.07376375
YJR123W,16.08716466
YFR031C-A,16.10459768
YMR030W,16.13058793
YER019C-A,16.13173929
YNL023C,16.13497239
YBR161W,16.1427913
YDL219W,16.14573965
YJR059W,16.18521464
YGR277C,16.18687429
YHR117W,16.19000287
YDR447C,16.20958451
YOR227W,16.21668364
YPR102C,16.23997639
YGL030W,16.24698844
YJL109C,16.24822417
YLR247C,16.27307552
YIL048W,16.3390484
YHR037W,16.38327102
YKL180W,16.41089932
YDR287W,16.4322286
YER014W,16.43722874
YML073C,16.44540197
YPL203W,16.44665676
YMR081C,16.45637264
YIL162W,16.46274177
YLR333C,16.49221351
YDR226W,16.51643462
YOL111C,16.51898362
YOR336W,16.52649316
YMR214W,16.55129771
YGR118W,16.57858772
YIR003W,16.60318911
YGL221C,16.62879336
YBR173C,16.63928738
YJR073C,16.64968387
YGR080W,16.66701983
YDL220C,16.66840588
YCR097W,16.72051851
YHR010W,16.72481685
YOL039W,16.72816621
YJL165C,16.73698414
YDR103W,16.74233736
YBR290W,16.74978833
YBR228W,16.76922176
YGR255C,16.80665261
YNL039W,16.82307389
YPL131W,16.84425182
YJR014W,16.88211821
YER048C,16.90421611
YKR058W,16.91156396
YOL082W,16.98211181
YOL073C,16.99941437
YPL224C,17.04403268
YCL017C,17.07439987
YHR152W,17.07579382
YDR518W,17.08346462
YLR028C,17.09771986
YNL104C,17.12390778
YDR148C,17.13423374
YBR006W,17.13756856
YLL022C,17.15071155
YGL016W,17.21493178
YPR188C,17.21743885
YOR164C,17.22256634
YHR039C-A,17.23289332
YEL001C,17.25332864
YGR167W,17.26985333
YLR448W,17.27701961
YIL062C,17.30174738
YEL043W,17.31570279
YMR142C,17.33130238
YIL111W,17.33710682
YLR361C,17.34547163
YMR308C,17.38572409
YML118W,17.38914193
YPL012W,17.39425338
YCL011C,17.41058796
YBR230C,17.41266695
YER052C,17.41311241
YPL116W,17.41904632
YLL015W,17.42718043
YAR002C-A,17.43189985
YOL013C,17.43814504
YOR136W,17.45625209
YHR163W,17.51583615
YEL030W,17.51878729
YPL214C,17.52219841
YOR063W,17.55016209
YDR178W,17.55727046
YBL017C,17.59780529
YLR237W,17.60051383
YLR377C,17.60835209
YPL176C,17.62592176
YKL212W,17.66159386
YER100W,17.69948504
YNL262W,17.73654819
YMR029C,17.7502327
YLR441C,17.75148132
YHR188C,17.79021577
YDR529C,17.80892412
YDR448W,17.810496
YKR014C,17.812651
YER088C,17.83378577
YKL020C,17.83698618
YMR190C,17.83738523
YGR193C,17.85256406
YJR065C,17.85570147
YGL150C,17.87324823
YNL024C-A,17.91187541
YGR060W,17.94634392
YDL135C,17.97626848
YIL120W,17.98597792
YKL124W,18.00701025
YBL105C,18.03017788
YEL051W,18.09680218
YML051W,18.10061677
YDR135C,18.10155368
YDL019C,18.10201544
YER102W,18.12807151
YOR132W,18.13176024
YHR076W,18.17135266
YBL058W,18.17370085
YLR106C,18.17496931
YHL010C,18.19518627
YNL178W,18.21725894
YER035W,18.25920518
YPL006W,18.25948072
YJL092W,18.28548727
YDL095W,18.29053718
YHR161C,18.29965099
YMR047C,18.30978808
YDR418W,18.33454805
YJL126W,18.37287942
YPR024W,18.40772871
YGR231C,18.48497833
YBR279W,18.52007109
YER007C-A,18.53312069
YFL008W,18.58365465
YJL189W,18.61415327
YKL203C,18.69080787
YMR318C,18.69368586
YGR198W,18.69754207
YDL112W,18.72684709
YMR136W,18.73846413
YBR199W,18.74031787
YJR049C,18.79219997
YJL084C,18.79873386
YLR344W,18.8519644
YML056C,18.86258554
YOR321W,18.89298144
YGR100W,18.89314998
YOR157C,18.90114109
YER120W,18.91846657
YHL033C,18.91938937
YHR114W,18.9217219
YGL226C-A,18.93608495
YPL079W,18.9389839
YDR372C,18.99102545
YMR197C,18.9973029
YJR127C,19.00988269
YNR034W,19.01365245
YBR058C,19.04254948
YML063W,19.13451326
YOR071C,19.19173005
YBR249C,19.24208897
YMR128W,19.24299929
YEL066W,19.27710184
YJR104C,19.32111204
YHR132C,19.39488085
YCR076C,19.44807913
YJR044C,19.53942395
YER056C-A,19.58236439
YHR031C,19.58451211
YPL217C,19.60165737
YJR161C,19.60747723
YGR020C,19.60997471
YGL253W,19.63338594
YKL127W,19.65241481
YLR025W,19.66748306
YGL011C,19.6721706
YLR201C,19.67695733
YPR107C,19.69029356
YDR409W,19.73867939
YMR078C,19.74310074
YJL074C,19.77172641
YHR141C,19.78899717
YJL123C,19.83767371
YER095W,19.84041805
YOR369C,19.85169983
YDR406W,19.87918022
YPL196W,19.88238982
YDL136W,19.92882907
YBR111C,19.94102451
YDL103C,19.94928993
YLR324W,19.98052407
YPL100W,20.0078289
YNL260C,20.0156962
YDR202C,20.02586614
YKR103W,20.04349699
YLR314C,20.07425342
YKL220C,20.09535208
YKL064W,20.14529505
YJL059W,20.1785748
YLR455W,20.18367844
YDL029W,20.18857816
YIL138C,20.22571764
YOL045W,20.23665033
YOL083W,20.25064346
YER141W,20.26993647
YIL108W,20.3276649
YMR237W,20.41058347
YMR114C,20.41130392
YDR177W,20.4140259
YOR046C,20.41974511
YGL200C,20.42188591
YDL237W,20.43394232
YBL072C,20.45310633
YHR020W,20.46448546
YGL227W,20.48237397
YDR513W,20.48310944
YDL025C,20.54284545
YER030W,20.54544766
YER125W,20.55492242
YBR102C,20.57590388
YKL101W,20.58616427
YJR132W,20.62045274
YBR052C,20.64930755
YOR341W,20.65402174
YEL027W,20.69597041
YBR237W,20.72391767
YPR108W,20.73374908
YPR191W,20.77408822
YLR354C,20.78024527
YIL073C,20.78913892
YHR154W,20.85213374
YIL148W,20.86977454
YDR313C,20.8830904
YMR143W,20.88613032
YOR086C,20.96462835
YKR057W,21.0278795
YGL194C,21.03330455
YJL066C,21.05545954
YPL165C,21.06077867
YDR330W,21.06422565
YOR099W,21.10526199
YCL034W,21.10632164
YPR173C,21.1533781
YPL258C,21.17771496
YBR181C,21.25940615
YNR010W,21.25970007
YDR189W,21.26893957
YML012W,21.27705604
YKR067W,21.32838084
YAL035W,21.36039186
YOL038W,21.36067752
YLL045C,21.39236864
YDR195W,21.40514563
YCL033C,21.41195059
YDR155C,21.42329204
YGR194C,21.44947806
YBR162C,21.45801278
YCR083W,21.46030408
YJR017C,21.4609866
YPR006C,21.47621858
YCR068W,21.48425557
YBR191W,21.49035814
YPR045C,21.53437601
YFL055W,21.59322519
YKR089C,21.6477015
YDR421W,21.67799864
YDR422C,21.73312731
YGR124W,21.75971763
YOR270C,21.76707853
YIL052C,21.7964875
YBR014C,21.80085886
YKL160W,21.82259851
YOL121C,21.85572245
YIR034C,21.86549739
YKL213C,21.89465062
YDL192W,21.90251019
YOL040C,21.91345104
YDL015C,21.9355768
YJL145W,21.94696483
YMR162C,21.96280878
YNL162W,21.96302165
YGL147C,21.9635355
YKR002W,21.96573845
YPR164W,21.96946936
YHR099W,21.97267494
YLR293C,21.99264856
YOR090C,22.00724107
YAL029C,22.02253792
YEL072W,22.06732854
YLL041C,22.08482501
YLR110C,22.08614637
YHL015W,22.09761792
YGR156W,22.12441007
YHR138C,22.16989046
YFL033C,22.21775569
YDL124W,22.25247256
YPR019W,22.31912395
YGL106W,22.31912395
YBR218C,22.34840536
YKL014C,22.34840536
YNL167C,22.36864005
YLR351C,22.3691765
YHR074W,22.37167675
YGL027C,22.43316951
YMR160W,22.46922106
YML074C,22.46977981
YPR132W,22.52280503
YPL234C,22.55760873
YHL001W,22.61634404
YNL102W,22.6276372
YDL130W,22.63399445
YOR191W,22.65301459
YML072C,22.65994362
YDR004W,22.69353315
YLR325C,22.73968806
YOR207C,22.7472085
YDR382W,22.80498554
YNL076W,22.83065157
YHR113W,22.84819181
YER114C,22.86566106
YDR539W,22.87768344
YHR193C,22.87841186
YMR260C,22.9111765
YBR149W,22.93640662
YOR323C,22.9400054
YHR071W,23.03173369
YGR027C,23.03596392
YIL034C,23.09053587
YHR108W,23.12300481
YCR031C,23.14867756
YPR093C,23.28703038
YLR264W,23.29286063
YLR231C,23.30511864
YLL048C,23.33233759
YER152C,23.34139243
YGL058W,23.36768983
YOR182C,23.37872427
YKL080W,23.42357853
YFL044C,23.43257019
YDR314C,23.47160976
YPL028W,23.50474349
YHL032C,23.52086617
YLR089C,23.58917574
YOL143C,23.65725862
YEL058W,23.68927891
YNL083W,23.72155941
YLR144C,23.7350544
YOR162C,23.7407023
YPL188W,23.81790369
YDR328C,23.86440667
YKL056C,23.86555938
YNR047W,23.90630324
YGL173C,23.95176656
YJL190C,23.96538532
YPL143W,23.9683782
YJR060W,23.97388307
YKR054C,24.00859537
YJL116C,24.05529364
YPR183W,24.06758888
YLR070C,24.11589492
YJR106W,24.11856573
YLR209C,24.17500043
YOR373W,24.18577684
YGR155W,24.2018595
YLR286C,24.24613074
YFR047C,24.29115498
YKR104W,24.36109433
YLR342W,24.4662661
YPR174C,24.55554342
YKR082W,24.55589116
YJR016C,24.56091681
YBR229C,24.63051645
YLR240W,24.6730186
YDR050C,24.67609217
YOL049W,24.73990182
YMR022W,24.75788076
YFL013C,24.79711117
YPR030W,24.88442379
YIL018W,24.91944358
YIL105C,24.92334904
YNL091W,24.95921313
YDL154W,24.97816691
YOL116W,24.9846607
YGL104C,24.9856274
YJL083W,25.01158526
YDL113C,25.12774298
YBR071W,25.13177943
YOR042W,25.13865798
YER143W,25.1495176
YLR043C,25.19447372
YAL049C,25.21596437
YPR135W,25.22419178
YMR152W,25.24024278
YNL069C,25.26090006
YHR025W,25.26790978
YFL022C,25.27192846
YNL200C,25.28515609
YBR048W,25.29954612
YOR344C,25.30094496
YPR091C,25.36885859
YLR118C,25.41941711
YLR206W,25.47080693
YDR213W,25.51340613
YHR203C,25.58733775
YDL234C,25.64475555
YGR148C,25.6765549
YBR216C,25.69386136
YMR258C,25.80034155
YOL030W,25.86302786
YLR390W-A,26.07661004
YHR146W,26.17493304
YBL045C,26.18208766
YDR011W,26.18346526
YER111C,26.19638522
YOR122C,26.22876705
YKR011C,26.30573093
YPL169C,26.32814043
YML110C,26.3607648
YKR095W,26.36468722
YIL026C,26.37327069
YMR276W,26.37657068
YER009W,26.43661185
YJR008W,26.45712826
YDR261C,26.57692083
YDL081C,26.71842411
YLR061W,26.7692499
YJR117W,26.89089767
YIL115C,26.91800679
YFR032C-A,26.93195284
YPL184C,26.95485015
YML126C,26.96168066
YDR204W,27.00939775
YGL247W,27.01754055
YDR318W,27.02872685
YDL130W-A,27.06035778
YER117W,27.17435997
YFR019W,27.27817461
YLR386W,27.28579367
YOR052C,27.29082898
YDR244W,27.32655117
YIL051C,27.32801628
YJL156C,27.34746932
YER119C,27.38742547
YAL008W,27.46270088
YKL096W-A,27.48566611
YPL037C,27.5043897
YMR165C,27.56135801
YOL120C,27.59451637
YDR037W,27.63063233
YER163C,27.70763645
YNR050C,27.71063422
YOR076C,27.71831478
YJL076W,27.73133373
YIL043C,27.75504549
YPL113C,27.75827996
YHR190W,27.84461317
YOR112W,27.84545023
YGL008C,27.85455655
YEL022W,27.95461612
YAL044C,27.97051215
YDL238C,27.98776188
YMR180C,28.08752232
YMR099C,28.23352609
YLR284C,28.25618151
YNL322C,28.26795594
YAL016W,28.33310493
YOR298C-A,28.36990079
YDL084W,28.37105598
YAL030W,28.48294651
YLR029C,28.48830702
YGR270W,28.49220074
YGR221C,28.51120416
YJL174W,28.51977435
YLR287C-A,28.56347885
YJR137C,28.56916256
YOR109W,28.57543524
YNR016C,28.62851453
YJR145C,28.62867137
YKL148C,28.63754913
YLR075W,28.65110375
YIL116W,28.65416187
YOL055C,28.66624013
YBL092W,28.71682538
YGR214W,28.76895469
YNL130C,28.80490795
YMR230W,28.82236662
YIR031C,28.84583674
YNL116W,28.91055578
YCR067C,28.93324513
YLR174W,28.96207653
YGL076C,29.06573798
YGR032W,29.09729091
YNL250W,29.10952636
YGR185C,29.12154797
YNL302C,29.18700811
YDR500C,29.22366277
YCL057W,29.2341388
YDR069C,29.28589681
YER090W,29.29399393
YDR064W,29.32695934
YDR450W,29.37076183
YDR099W,29.39550338
YLR432W,29.61451974
YER101C,29.61714264
YCR092C,29.71915287
YDL058W,29.74152629
YAR027W,29.79797343
YBR109C,29.80210049
YLR305C,29.91927323
YOR253W,29.93759923
YOL152W,29.96171491
YIL125W,29.97128615
YBR286W,29.97273535
YOR361C,30.04992334
YER074W,30.05480498
YBL087C,30.07373702
YLL049W,30.10977454
YLR080W,30.13423796
YLR189C,30.23497252
YML024W,30.25168909
YDR002W,30.40714776
YDR172W,30.49648224
YDL102W,30.51200091
YPR181C,30.53185521
YML010W,30.62427837
YJL200C,30.64532254
YJR009C,30.64638567
YBR084C-A,30.82538066
YNL079C,30.83914325
YBR136W,30.92364838
YKL197C,30.94649574
YJR125C,31.00600605
YKL024C,31.06552156
YOR019W,31.10749644
YOR003W,31.15030939
YJL177W,31.1769138
YJL130C,31.20708578
YBR079C,31.33993297
YNR035C,31.3407707
YGL191W,31.48748189
YGR287C,31.51464453
YPL019C,31.51609072
YMR247C,31.61535805
YOR335C,31.63884547
YKL184W,31.64429426
YHR021C,31.64488255
YPL220W,31.69850812
YIL109C,31.73930628
YEL021W,31.80163238
YDR255C,31.80448994
YDR483W,31.97927731
YGR061C,32.03799234
YGR268C,32.05090875
YJR109C,32.09569249
YOL026C,32.1011761
YIL041W,32.21658245
YNL134C,32.21843674
YOL086C,32.23040441
YBL007C,32.25109811
YKR049C,32.27479264
YDR534C,32.31323237
YPR189W,32.32700529
YBR025C,32.35579812
YER008C,32.38603428
YIL121W,32.41327191
YLR447C,32.45096858
YLR148W,32.47962211
YOR217W,32.53024698
YJL005W,32.67451895
YBR078W,32.77956404
YKR046C,32.79539006
YPR002W,32.83064716
YGL197W,33.00467184
YIL078W,33.08842596
YOR349W,33.26058693
YHR155W,33.33421066
YPR159W,33.35023505
YBR121C,33.45102991
YMR215W,33.46348419
YBR046C,33.52562885
YMR217W,33.604629
YDR293C,33.66561289
YPL091W,33.71108878
YGL196W,33.75284958
YBR115C,33.75825931
YKL182W,33.78164354
YPL085W,33.85239438
YMR229C,33.88601317
YPR073C,33.96639183
YEL055C,34.03677577
YGL174W,34.07589053
YER139C,34.11562282
YPR032W,34.15450274
YDR043C,34.17997189
YDL024C,34.33433582
YOR096W,34.36063919
YOR168W,34.46842549
YPR033C,34.55846161
YKL150W,34.68370808
YBR084W,34.70722699
YGR266W,34.77255655
YBL099W,34.82628959
YNR001C,34.840982
YHR082C,34.85206734
YML008C,34.85639384
YCR011C,34.91616879
YOL057W,35.01150221
YLR335W,35.03114047
YGR094W,35.1038566
YJL136C,35.1279707
YGR264C,35.16245418
YNL209W,35.16775881
YMR298W,35.24580071
YLR384C,35.37375641
YPL084W,35.38840051
YPR122W,35.53236612
YPL061W,35.6497131
YLR260W,35.67753937
YOL127W,35.87038234
YKR071C,36.11310115
YER136W,36.19332062
YIL013C,36.19359953
YKL142W,36.30737331
YCR032W,36.3928919
YJR096W,36.56105897
YER004W,36.6168213
YGR282C,36.62606061
YOR040W,36.75173016
YHR216W,36.7740284
YOR167C,36.78585586
YLR301W,36.80198167
YER057C,36.8997355
YLL021W,36.94542849
YBL001C,37.00891257
YPL226W,37.1148591
YER080W,37.14945986
YNL297C,37.29861174
YNL279W,37.31041297
YJR105W,37.3190141
YFL038C,37.52931865
YDR122W,37.55694965
YGL105W,37.63886079
YNL243W,37.76597729
YLL005C,37.84761972
YJR025C,37.94377763
YOR198C,38.022727
YLR185W,38.0734312
YPL195W,38.24393734
YOR176W,38.39159937
YGR116W,38.43123532
YBR049C,38.46392252
YPR115W,38.47211295
YOR290C,38.52010659
YBR212W,38.53186768
YDR425W,38.56876699
YNL305C,38.58261713
YML085C,38.93629262
YHR016C,38.99687239
YFR010W,39.27977562
YCL009C,39.32667091
YCR053W,39.34179294
YNL016W,39.34884282
YDR150W,39.40597948
YNL012W,39.45627446
YJL207C,39.46812263
YJR092W,39.49977306
YER155C,39.5682184
YER110C,39.71294242
YKR102W,39.73888705
YCR020C-A,40.00819925
YJR090C,40.01168812
YBR001C,40.07482829
YIL107C,40.13131916
YDR432W,40.19772584
YBR208C,40.25092254
YDR304C,40.54396981
YDR127W,40.59284142
YGR204W,40.70511495
YKR098C,40.73462361
YCL028W,40.73945924
YDR028C,40.77436505
YPL225W,40.84139164
YDL193W,40.95232949
YPL248C,40.96148591
YHR106W,40.9930512
YML059C,41.10428561
YMR076C,41.15376901
YLR166C,41.25937518
YMR116C,41.28816239
YFR030W,41.48051785
YML035C,41.50168443
YNL088W,41.51667928
YKR066C,41.6178982
YER165W,41.72357628
YKL129C,41.88273471
YML103C,41.99771337
YJR085C,42.04987603
YDR158W,42.09803015
YOR153W,42.3709883
YNL208W,42.49612466
YHR199C,42.55045662
YKL152C,42.60501022
YLR389C,42.8962924
YGR254W,43.03040185
YGL222C,43.10438277
YAL003W,43.42535738
YLR150W,43.50122497
YPL260W,43.65577869
YGR271W,43.68452605
YIR037W,44.01411145
YDR128W,44.07371158
YKR048C,44.12716414
YBR056W,44.26498416
YPL016W,44.35276225
YJL121C,44.43899531
YLL050C,44.44122862
YDR388W,44.55714485
YKL112W,44.7124545
YPR098C,44.74239224
YDR427W,44.76643447
YLR133W,44.88076947
YLR348C,45.00494985
YMR219W,45.30629048
YKR018C,45.36427893
YLR340W,45.42614007
YDL190C,45.72166141
YGL009C,45.76646599
YGL062W,46.11763456
YKL188C,46.19088677
YHR019C,46.37080936
YBL076C,46.39213639
YJL103C,46.4681299
YCR093W,46.72661943
YDR141C,46.90865841
YDL215C,46.99556439
YBR221C,47.01934361
YLR438W,47.3257674
YML028W,47.56959248
YPL160W,47.96493056
YJL167W,48.13448698
YNL247W,48.20601792
YDL140C,48.85995212
YFR044C,48.97353933
YFL037W,48.98922438
YPL110C,49.03176157
YEL013W,49.15943004
YML117W,49.65800206
YDL160C,49.72781001
YGL234W,49.93640409
YOR326W,50.15098991
YMR012W,50.36980197
YFR009W,50.4374199
YER164W,50.51657418
YPR028W,50.53605914
YDR453C,50.58994659
YMR246W,51.17960476
YGL178W,51.35623202
YDR395W,51.52316118
YDR430C,51.52514234
YDL229W,51.60229281
YPR074C,51.60287777
YGL249W,51.91585135
YBR140C,51.99156857
YOR383C,52.2158702
YNL123W,52.23125
YCR004C,52.27009562
YOR306C,52.36131623
YIL017C,52.36218437
YHR075C,52.66765288
YER081W,52.81224012
YDR228C,52.92691546
YJR148W,52.97992482
YGR244C,53.14841826
YDR170C,53.36118762
YDR168W,53.72122993
YMR297W,53.92508817
YHR043C,53.94725097
YDL239C,53.96129669
YMR205C,53.96873801
YPR042C,54.03188733
YBL022C,54.215106
YBR263W,54.25389772
YNL138W,55.5866534
YAL012W,55.85211941
YMR154C,56.26604725
YGR285C,56.35953178
YFL039C,56.37849009
YGL245W,56.70601685
YER105C,56.79057565
YIL066C,57.09466258
YER023W,57.55856134
YDR341C,57.58002261
YLR309C,57.91167823
YDR368W,57.92021347
YJR139C,58.00646947
YJR091C,58.15053294
YDR454C,58.4322251
YOL123W,58.63334838
YNL189W,58.91120968
YCL035C,58.93081121
YDL066W,59.15289271
YBR170C,59.35099917
YBR234C,59.51176951
YER003C,59.7050583
YFR016C,59.72316782
YPL048W,59.89614885
