Systematic Name,Protein Half-life
YMR028W,0.1366516
YLR110C,0.1672579
YDR529C,0.1726326
YKL139W,0.1939
YNL286W,0.199661
YDR077W,0.2180762
YPL187W,0.2317932
YGR111W,0.2379779
YBR260C,0.2433294
YDR184C,0.3439067
YDR497C,0.3678558
YBR158W,0.3853469
YLR206W,0.3866126
YBR173C,0.4103065
YJL133C-A,0.4159767
YNL327W,0.4235397
YDR146C,0.4460204
YKR013W,0.4554255
YHR152W,0.4658237
YNL036W,0.466943
YPR065W,0.4928691
YDR309C,0.5023323
YKL096W,0.5106541
YIL123W,0.5156356
YDR369C,0.5163145
YPR119W,0.5169834
YGL219C,0.5344692
YJL157C,0.5344775
YMR297W,0.558862
YKR042W,0.5598004
YLR190W,0.5610494
YJR015W,0.5614569
YOR342C,0.5615322
YGR055W,0.5705262
YML065W,0.5708624
YML058W,0.6006964
YLR079W,0.6076348
YNL115C,0.6143783
YOR052C,0.6312479
YLR223C,0.6466247
YOR028C,0.6506691
YCL055W,0.6617669
YLR327C,0.6682078
YDR086C,0.6733537
YKL178C,0.6938788
YHL027W,0.7130758
YDL070W,0.713794
YBR038W,0.7403748
YOR226C,0.7445393
YOR278W,0.7551991
YOR334W,0.7813219
YDL003W,0.7899448
YPL135W,0.8133314
YGR046W,0.836072
YBR068C,0.8571132
YOR355W,0.8784781
YER056C,0.8889043
YHR057C,0.8990545
YGR106C,0.9002748
YER032W,0.93123
YCR082W,0.9346364
YPL253C,0.935603
YDR384C,0.9375452
YGR044C,0.9475366
YHR175W,0.9691347
YJR092W,0.9696148
YKL101W,0.9699375
YDR185C,0.9709895
YKL185W,0.9814108
YLR237W,0.9831026
YOR023C,0.9872305
YDR262W,0.990961
YCR069W,0.9965422
YFL009W,1.009215
YOR256C,1.029756
YER065C,1.034587
YJL156C,1.04428
YOR346W,1.057097
YOL020W,1.069899
YGL021W,1.094679
YMR011W,1.118197
YCL058W-A,1.180037
YPL176C,1.208916
YHR115C,1.230473
YNL085W,1.244628
YOL122C,1.253852
YMR291W,1.272332
YEL061C,1.3168
YEL063C,1.354026
YGL222C,1.363702
YER100W,1.385241
YGR175C,1.387641
YLL027W,1.387749
YLR286C,1.390236
YPR155C,1.39199
YCR005C,1.402414
YJL158C,1.408066
YER162C,1.437343
YAL051W,1.443055
YNL066W,1.448109
YNR028W,1.450063
YDL204W,1.455397
YNL083W,1.465799
YML060W,1.482536
YOR264W,1.483169
YDL008W,1.483384
YCL064C,1.509454
YGR260W,1.539793
YAR027W,1.541815
YLR300W,1.546099
YOL011W,1.551435
YKL137W,1.566462
YKR093W,1.576821
YGR191W,1.598026
YOR157C,1.614014
YDR236C,1.614979
YJL094C,1.617549
YDR461C-A,1.618618
YKL125W,1.659223
YBR238C,1.668245
YBR202W,1.674148
YBL042C,1.695937
YIL140W,1.707946
YDR219C,1.708555
YDR217C,1.743782
YIL135C,1.781712
YOL019W,1.786724
YHL048W,1.79114
YGR141W,1.813128
YHR090C,1.833853
YHR050W,1.840564
YBR062C,1.868501
YDR055W,1.870437
YKL062W,1.882639
YDR247W,1.887457
YLL028W,1.926815
YAR031W,1.952314
YDR222W,1.960287
YDR313C,1.984571
YIL119C,1.988768
YGL077C,1.999213
YBL059C-A,2.006399
YPR075C,2.012641
YLR036C,2.030025
YKL184W,2.031195
YDR186C,2.031542
YIR033W,2.034653
YDL157C,2.061324
YNL047C,2.073703
YBR078W,2.080827
YOR034C,2.108123
YMR015C,2.111069
YCL036W,2.12236
YOR081C,2.130989
YOR368W,2.137087
YOL082W,2.146969
YLR056W,2.148558
YIL117C,2.149262
YNL295W,2.157732
YHR195W,2.165968
YGR246C,2.171309
YLR390W-A,2.211637
YIL055C,2.216274
YLR256W,2.232691
YLR130C,2.234847
YBR199W,2.235179
YML038C,2.240409
YMR305C,2.250992
YJL110C,2.280164
YGL191W,2.282247
YKL084W,2.291052
YPL053C,2.309781
YCR020C-A,2.310228
YLR407W,2.310937
YHR103W,2.334856
YER167W,2.365754
YNL024C,2.37525
YMR058W,2.398722
YDR492W,2.402191
YAR028W,2.407343
YBL028C,2.407727
YBL031W,2.411318
YBR126W-A,2.414009
YDL010W,2.418815
YNR018W,2.421697
YNL078W,2.439389
YBR085C-A,2.455261
YDR351W,2.468691
YDR244W,2.469473
YJL198W,2.472512
YGL243W,2.477779
YBR057C,2.496118
YMR184W,2.510972
YBL081W,2.52594
YJR127C,2.527393
YIL019W,2.531017
YDR216W,2.546815
YDR326C,2.547121
YKR071C,2.551632
YDL067C,2.551895
YHR001W-A,2.555727
YER001W,2.556491
YNL234W,2.566671
YLR098C,2.573328
YDR163W,2.576513
YDR003W,2.578032
YBR014C,2.586102
YMR055C,2.603833
YPL265W,2.61232
YOL077W-A,2.625951
YHR138C,2.641137
YLR074C,2.642543
YLR403W,2.643157
YHR007C,2.645765
YNL074C,2.654227
YDR507C,2.656372
YHR142W,2.6569
YDR540C,2.673478
YOL002C,2.690829
YGR060W,2.722286
YKL198C,2.725246
YML064C,2.737556
YIL112W,2.749184
YLL043W,2.771048
YPR159W,2.775428
YMR215W,2.781718
YKR100C,2.787884
YER170W,2.796516
YOL126C,2.799983
YHR149C,2.800489
YNL155W,2.811962
YFL036W,2.822515
YBR269C,2.830176
YDR508C,2.836757
YDR040C,2.837224
YFL021W,2.838285
YFR034C,2.861255
YJR004C,2.864543
YHL009C,2.868892
YOR301W,2.871515
YLL010C,2.88451
YDR370C,2.906475
YEL040W,2.925786
YGL178W,2.946847
YHL020C,2.957649
YLR167W,2.96305
YPL181W,2.9657
YER088C,2.975256
YML007W,2.975888
YBR179C,2.978171
YPL193W,2.98075
YBR073W,3.004578
YKR052C,3.012566
YMR042W,3.016204
YER126C,3.021322
YDR103W,3.022166
YPL038W,3.02948
YNL103W,3.034666
YBR187W,3.070659
YOR113W,3.075026
YOR099W,3.078516
YDL073W,3.080335
YOR316C,3.08978
YNL052W,3.096641
YOR148C,3.114197
YML009C,3.114883
YGR279C,3.121201
YHR082C,3.130858
YNR037C,3.131852
YGL028C,3.141732
YIL144W,3.143226
YDL224C,3.153947
YOR078W,3.162985
YBR242W,3.201776
YGR189C,3.207373
YLR108C,3.218232
YJL147C,3.242753
YDR054C,3.258331
YOR374W,3.262159
R0040C,3.262562
YIL056W,3.267215
YHR005C-A,3.284774
YBL054W,3.295326
YHR094C,3.303991
YDR143C,3.320377
YPR188C,3.327567
YLR091W,3.335796
YOR279C,3.384323
YJL016W,3.386268
YLR131C,3.389496
YLR191W,3.396435
YLR392C,3.399674
YER095W,3.428699
YPL221W,3.451647
YGR235C,3.463613
YDR464W,3.485953
YGL053W,3.486899
YLR289W,3.492334
YER050C,3.513974
YNL238W,3.514646
YMR255W,3.534608
YKL072W,3.539731
YPL127C,3.542772
YDR208W,3.555023
YER077C,3.572584
YOR373W,3.575646
YAL044W-A,3.609295
YOR188W,3.613261
YDL110C,3.616839
YCL012C,3.627932
YHR161C,3.634643
YPL194W,3.648625
YLR350W,3.654701
YMR210W,3.659993
YGL038C,3.679116
YGR008C,3.686993
YLR363W-A,3.688274
YMR295C,3.689573
YDL045W-A,3.691956
YOL054W,3.692103
YBL093C,3.695534
YGL035C,3.713658
YBR023C,3.71674
YPR079W,3.733401
YNL245C,3.743724
YOR231W,3.7638
YDR483W,3.77474
YKL095W,3.774757
YGL057C,3.794556
YDR039C,3.799187
YHR078W,3.820111
YHR132C,3.834078
YPR095C,3.84207
YOL108C,3.842824
YLR375W,3.854489
YLR395C,3.859557
YGR178C,3.86108
YFR038W,3.871587
YLR019W,3.877551
YIL155C,3.879521
YER079W,3.883688
YLR278C,3.887782
YER075C,3.908521
YPL274W,3.913453
YER070W,3.914413
YPL140C,3.917977
YHR097C,3.921523
YNR022C,3.924281
YFR036W,3.933518
YBR162C,3.936447
YGL036W,3.952325
YGR081C,3.962489
YER051W,3.963872
YGL203C,3.964091
YPL061W,3.965
YKL141W,3.99578
YDL175C,4.000875
YKL155C,4.009955
YGL017W,4.022361
YML004C,4.044335
YGR280C,4.052364
YIL131C,4.066838
YKL022C,4.093296
YJR140C,4.097536
YIR014W,4.097847
YOL045W,4.112627
YML093W,4.12184
YML128C,4.134468
YMR147W,4.134636
YIL127C,4.135301
YGR136W,4.149656
YPR011C,4.161197
YKR089C,4.167235
YCR026C,4.170726
YOR075W,4.174186
YGR102C,4.184023
YLL015W,4.184839
YMR145C,4.191553
YCL033C,4.192111
YIR010W,4.202063
YIL114C,4.208033
YLR214W,4.224428
YNR036C,4.236609
YMR286W,4.241525
YJL166W,4.244023
YLR265C,4.249945
YJL174W,4.254277
YBR091C,4.273288
YNR032W,4.274437
YDL176W,4.274955
YOR303W,4.284136
YLR117C,4.288045
YDL197C,4.29574
YGL029W,4.303649
YHR116W,4.30529
YKL174C,4.324373
YFR029W,4.337534
YBL025W,4.340348
YMR272C,4.342452
YHL002W,4.345975
YBL086C,4.347556
YGR028W,4.348942
YHR202W,4.353618
YDL139C,4.365022
YNL306W,4.371699
YKL119C,4.373133
YBR265W,4.373674
YJL098W,4.37621
YHR036W,4.379297
YDR428C,4.382935
YKL045W,4.384069
YIL017C,4.390373
YBL016W,4.390737
YML109W,4.391745
YOR189W,4.392203
YBR229C,4.399456
YIL002W-A,4.405816
YDR373W,4.406131
YIR002C,4.406469
YKR021W,4.410278
YML129C,4.411142
YBR231C,4.412953
YKL167C,4.414625
YGR183C,4.422641
YML081C-A,4.424633
YHR088W,4.426573
YGR258C,4.429163
YIL111W,4.431159
YDR227W,4.442588
YIL095W,4.459994
YOR385W,4.460217
YNL169C,4.480442
YPL046C,4.482986
YOL070C,4.485208
YOL051W,4.490069
YDR494W,4.51621
YBR188C,4.516912
YGL194C,4.531013
YLR414C,4.532447
YPR104C,4.534386
YGR245C,4.551632
YHL004W,4.555918
YJR112W,4.571316
YOR006C,4.584981
YDR318W,4.588953
YGR215W,4.594635
YIL003W,4.5948
YLR452C,4.596041
YBL090W,4.603717
YOR196C,4.606183
YLR038C,4.607531
YPL207W,4.614089
YJR147W,4.615204
YHR119W,4.625658
YNL167C,4.632026
YGL225W,4.633726
YOR290C,4.637142
YOR307C,4.641405
YOR020W-A,4.643048
YMR032W,4.645985
YBR007C,4.661207
YAL046C,4.666464
YDR261C,4.666703
YNL039W,4.672929
YGR042W,4.677004
YIL005W,4.678472
YPR141C,4.682817
YOL030W,4.683818
YNL133C,4.68485
YKL176C,4.685064
YBR146W,4.687679
YBR069C,4.690018
YBL018C,4.691158
YDR453C,4.692861
YBR244W,4.698282
YHR086W,4.723066
YDR182W,4.730178
YOR120W,4.736255
YDR229W,4.738519
YOR097C,4.747911
YER148W,4.755966
YGR250C,4.75755
YGR058W,4.767705
YHR135C,4.778259
YGL066W,4.799096
YKR006C,4.799339
YOR304C-A,4.801472
YHR084W,4.81249
YGR251W,4.816364
YCR054C,4.817045
YNL291C,4.817172
YPR166C,4.81757
YBR267W,4.823131
YDR415C,4.836056
YAL032C,4.836556
YER161C,4.836657
YHR100C,4.837837
YMR009W,4.838919
YHR164C,4.848291
YPR051W,4.850612
YKR076W,4.854628
YJR129C,4.857375
YPL186C,4.858236
YJL099W,4.858562
YNL094W,4.862108
YMR173W,4.863629
YEL042W,4.867209
YCR008W,4.870153
YBR197C,4.874626
YDL053C,4.875881
YGL244W,4.887092
YJL186W,4.89032
YMR048W,4.89254
YGR130C,4.901871
YNL201C,4.907214
YNL188W,4.907661
YKL098W,4.922225
YKL075C,4.929541
YHR122W,4.935324
YDL120W,4.93716
YOR367W,4.939928
YBR133C,4.946509
YAL014C,4.951904
YDR169C,4.956244
YOR171C,4.956343
YJL141C,4.959151
YHR206W,4.959595
YPL008W,4.961364
YLR299W,4.962239
YDR505C,4.962493
YOR252W,4.964386
YDR045C,4.966679
YKL005C,4.970747
YOR098C,4.977721
YMR112C,4.978047
YCR042C,4.981007
YFR049W,4.999925
YLL013C,5.003854
YOL060C,5.006925
YGR138C,5.011285
YDR325W,5.01231
YKL087C,5.02157
YDR519W,5.023566
YGL216W,5.026995
YHR147C,5.042058
YOR195W,5.042656
YKR020W,5.043364
YHR205W,5.043984
YHR118C,5.05078
YKR085C,5.054149
YLR034C,5.056209
YNL309W,5.056358
YBR028C,5.060853
YDR016C,5.065394
YPL190C,5.072653
YBR280C,5.074631
YER145C,5.076805
YDR150W,5.08
YML013W,5.08618
YMR171C,5.105537
YOR116C,5.110413
YGL139W,5.112075
YOR215C,5.124542
YER128W,5.126613
YMR307W,5.129555
YGL237C,5.134822
YLR295C,5.137858
YML011C,5.154004
YDR381C-A,5.162487
YGL075C,5.166471
YEL052W,5.167602
YLR211C,5.173691
YJL057C,5.178999
YKL051W,5.184938
YLR271W,5.202891
YDL043C,5.209252
YBR220C,5.21839
YHR051W,5.220231
YOR089C,5.220477
YNR053C,5.225742
YDL102W,5.227808
YML025C,5.243999
YER013W,5.252031
YFR011C,5.256187
YPR140W,5.257067
YGL187C,5.264722
YOR145C,5.268935
YIR015W,5.273195
YDR308C,5.278759
YHR120W,5.280366
YOR287C,5.281223
YEL024W,5.281263
YAL047C,5.282385
YPL168W,5.283088
YPR045C,5.287349
YDR111C,5.290417
YNL192W,5.31914
YJR043C,5.319327
YNL328C,5.320495
YPL133C,5.321763
YNL217W,5.332893
YBL078C,5.353047
YEL007W,5.355152
YBR262C,5.363681
YDR175C,5.36584
YNL255C,5.367712
YBR268W,5.368758
YPL118W,5.382386
YOR008C,5.385766
YLL011W,5.386013
YLR107W,5.397944
YDR452W,5.397946
YKR019C,5.401765
YLR163C,5.403545
YMR010W,5.404286
YNL110C,5.406669
YJR135W-A,5.420413
YBL061C,5.422285
YMR246W,5.429829
YGR076C,5.431261
YGL080W,5.434515
YCR071C,5.434753
YFL042C,5.435892
YJL168C,5.437005
YNL164C,5.437488
YFR039C,5.437998
YMR244C-A,5.445081
YML107C,5.448635
YJL092W,5.461177
YJL122W,5.462435
YJL218W,5.462818
YDL017W,5.467736
YDR422C,5.479803
YDR389W,5.480894
YAR018C,5.483255
YOL071W,5.486559
YLR187W,5.491364
YNL180C,5.492179
YOL151W,5.499758
YER180C-A,5.512252
YAR014C,5.513777
YMR031C,5.523002
YOR238W,5.523242
YNL311C,5.523513
YFL033C,5.528504
YML111W,5.530247
YDL133W,5.54845
YNL233W,5.551251
YMR159C,5.551618
YGL129C,5.551716
YDR080W,5.56164
YIL143C,5.563551
YDR022C,5.564096
YIL105C,5.567094
YMR263W,5.56977
YPL093W,5.571546
YPL191C,5.572875
YLR336C,5.573376
YJR075W,5.576277
YLR050C,5.581307
YGL004C,5.581551
YLR068W,5.587476
YKR062W,5.588647
YJL205C,5.590172
YDL005C,5.592577
YGL002W,5.594856
YOR093C,5.596732
YKL138C,5.599539
YDR511W,5.603775
YDL106C,5.607491
YDL091C,5.608405
YOR327C,5.610749
YPR010C,5.612251
YNR024W,5.61654
YNL173C,5.620548
YDR375C,5.631732
YER059W,5.633592
YOR220W,5.634164
YLR323C,5.636885
YBL085W,5.64327
YBR233W,5.645789
YDR411C,5.651051
YJL063C,5.65114
YDL107W,5.653142
YML037C,5.658216
YFL041W,5.6634
YDR532C,5.669194
YER040W,5.675135
YFR043C,5.677901
YKL099C,5.678076
YBR103W,5.682536
YJL006C,5.683277
YPR018W,5.683551
YKR090W,5.683781
YER114C,5.698877
YOL063C,5.714231
YFL034C-B,5.718164
YIL014W,5.718226
YDL202W,5.718983
YNL224C,5.720043
YER111C,5.731489
YOL080C,5.74543
YPL096W,5.752441
YJL210W,5.760291
YDL025C,5.761002
YAL025C,5.763589
YOL096C,5.766314
YPR094W,5.769136
YER139C,5.77546
YNL298W,5.776226
YDR221W,5.781754
YLR383W,5.785375
YJR091C,5.786551
YDR147W,5.787525
YJR034W,5.787866
YPL004C,5.790916
YPL011C,5.79153
YGR092W,5.796132
YNR038W,5.809008
YGR041W,5.817682
YPR116W,5.823408
YNL124W,5.823785
YIL085C,5.828641
YHR133C,5.83047
YDR178W,5.830828
YLL033W,5.835928
YFL007W,5.841005
YMR236W,5.847816
YDR017C,5.84952
YMR219W,5.854545
YAL033W,5.855983
YGL093W,5.857098
YPR187W,5.861989
YGR129W,5.862494
YKR099W,5.863364
YIL036W,5.872008
YEL032W,5.880796
YML076C,5.884725
YGL098W,5.889381
YLR257W,5.89116
YDR524C,5.891244
YDR243C,5.894529
YNL005C,5.897252
YGR089W,5.911576
YKR049C,5.912388
YMR188C,5.918294
YGR026W,5.918935
YLR423C,5.928644
YBR142W,5.935395
YDR041W,5.941113
YBR274W,5.960959
YKR029C,5.970388
YAL010C,5.982275
YDR436W,5.98616
YML055W,5.986625
YGR184C,5.989012
YPL043W,5.997932
YIL093C,5.99877
YGR276C,5.998928
YGL006W,6.002068
YPL078C,6.004209
YER019C-A,6.004692
YDR166C,6.007764
YPL137C,6.009322
YIL161W,6.011381
YMR193W,6.015135
YML081W,6.015818
YJL047C,6.018156
YBR097W,6.023723
YLR422W,6.041079
YPR037C,6.041374
YJR122W,6.051105
YHR132W-A,6.057044
YJL139C,6.07081
YER087W,6.07899
YJR113C,6.082515
YGR165W,6.08403
YLR139C,6.087585
YPL103C,6.088184
YLR009W,6.088447
YCR094W,6.09126
YKL105C,6.094167
YDL140C,6.096533
YIL147C,6.098143
YPL006W,6.098913
YDR180W,6.099337
YKL055C,6.099996
YGR241C,6.100214
YER002W,6.101338
YOR356W,6.10462
YMR234W,6.105496
YLR072W,6.113456
YIL064W,6.11769
YOR129C,6.118426
YNL068C,6.122152
YNL166C,6.122965
YKL219W,6.124908
YMR078C,6.140634
YOL086C,6.140887
YGL226C-A,6.146096
YIL088C,6.147671
YBR141C,6.151309
YDL044C,6.15706
YKL053C-A,6.157753
YLL022C,6.163037
YPR112C,6.163158
YDR440W,6.165761
YMR158W,6.177934
YGL027C,6.180034
YLR032W,6.180711
YEL048C,6.183351
YJR104C,6.18442
YER143W,6.199155
YPR171W,6.209677
YLR176C,6.212115
YJL062W,6.212161
YPL271W,6.232045
YDR377W,6.233847
YOR040W,6.236394
YNL310C,6.23812
YDR128W,6.239571
YIL079C,6.241905
YBL004W,6.244637
YLR363C,6.244883
YCL032W,6.248331
YGL091C,6.251277
YDR052C,6.255246
YDR079C-A,6.258883
YGR084C,6.265302
YLR454W,6.273531
YPR154W,6.282153
YAL036C,6.282206
YKL170W,6.284418
YJL062W-A,6.28519
YMR233W,6.286152
YLR097C,6.290156
YEL043W,6.291632
YCL057C-A,6.296025
YDL193W,6.305367
YDR345C,6.312021
YBL036C,6.315355
YNL072W,6.316112
YKL061W,6.316919
YMR128W,6.319805
YJR011C,6.324048
YIL010W,6.324696
YLR272C,6.325573
YKL008C,6.328407
YDR107C,6.335705
YNL141W,6.338981
YHR059W,6.340548
YER092W,6.342006
YHR165C,6.347994
YLR387C,6.349806
YGR086C,6.359963
YPL029W,6.364961
YDL156W,6.370607
YPL173W,6.371916
YMR270C,6.374763
YDL240W,6.375431
YDL042C,6.376208
YKR078W,6.390366
YBR185C,6.390988
YMR114C,6.394984
R0020C,6.395284
YKL112W,6.395997
YPL020C,6.400907
YMR037C,6.405103
YDR195W,6.408407
YNL214W,6.411133
YOR158W,6.413583
YCR066W,6.415066
YBR258C,6.416389
YER017C,6.420467
YCL017C,6.432499
YGR024C,6.434119
YAL049C,6.437223
YOL004W,6.437342
YJL180C,6.439906
YLR007W,6.448482
YPL232W,6.449585
YOR233W,6.451638
YNR011C,6.453995
YCL010C,6.455365
YNL116W,6.457308
YPL270W,6.457715
YBR140C,6.457834
YBL033C,6.458679
YBR275C,6.461169
YDR137W,6.461753
YLR382C,6.465046
YOL088C,6.465307
YOR054C,6.465357
YOR108W,6.465585
YKL082C,6.470782
YAL059W,6.471888
YLR082C,6.478507
YPL104W,6.480953
YGL174W,6.483047
YOR320C,6.483753
YGR145W,6.484541
YOR359W,6.486171
YMR014W,6.490193
YAL053W,6.491147
YDL105W,6.493563
YBR106W,6.496986
YDR356W,6.499659
YKL121W,6.500846
YGL055W,6.504499
YHR166C,6.508616
YKL032C,6.50955
YDR297W,6.510046
YKL078W,6.511061
YIL136W,6.514263
YDR371W,6.522016
YDL128W,6.523641
YMR052W,6.531397
YPR021C,6.532755
YKR031C,6.532967
YOR076C,6.534343
YDL121C,6.539148
YHR199C-A,6.539885
YKL134C,6.540903
YLR240W,6.54723
YDL174C,6.563312
YAL060W,6.563758
YNR067C,6.563896
YNR010W,6.564063
YPR023C,6.566172
YIR007W,6.571507
YOL041C,6.575892
YMR073C,6.583805
YNL107W,6.583979
YKR025W,6.584918
YML021C,6.590957
YJR048W,6.591012
YOR181W,6.602763
YKL042W,6.604378
YJL071W,6.606802
YBR024W,6.606924
YCR046C,6.607169
YIL007C,6.611289
YER169W,6.612247
YOL078W,6.613902
YNL075W,6.614369
YOR151C,6.614839
YMR189W,6.62559
YPL082C,6.627767
YLR430W,6.636927
YBR120C,6.646809
YPL204W,6.648417
YMR218C,6.652553
YOL133W,6.653958
YBR194W,6.659079
YOR236W,6.662509
YIL130W,6.663659
YLR316C,6.665808
YML029W,6.674201
YJL036W,6.674395
YLR051C,6.67685
YDR330W,6.680682
YOR297C,6.683191
YCR015C,6.686449
YDL189W,6.692896
YLR310C,6.694839
YDL101C,6.695233
YGL171W,6.700774
YOL141W,6.701107
YHR005C,6.701714
YPR035W,6.702848
YML067C,6.70743
YOR017W,6.709127
YGL153W,6.713883
YCR047C,6.71605
YML032C,6.71623
YEL050C,6.71776
YER048W-A,6.721759
YAL034W-A,6.726181
YPL254W,6.726289
YOR207C,6.730639
YGL254W,6.733151
YPL069C,6.73318
YJL030W,6.734113
YPL170W,6.737087
YJR149W,6.750132
YBR172C,6.751748
YBL091C-A,6.753745
YOR110W,6.759901
YOR321W,6.760268
YFR019W,6.766429
YBR291C,6.779279
YDR005C,6.786056
YKL048C,6.788581
YGR002C,6.794756
YDR322C-A,6.795125
YKR067W,6.798349
YOL068C,6.802052
YAL024C,6.802584
YLR393W,6.808589
YOR341W,6.812364
YER155C,6.816548
YOR246C,6.820394
YGR244C,6.824685
YKR014C,6.826157
YOR205C,6.834072
YPR047W,6.834612
YJL019W,6.8352
YGL025C,6.835919
YCR075C,6.837516
YGL150C,6.83808
YBL030C,6.841365
YMR227C,6.841905
YCR086W,6.843833
YGR150C,6.844777
YIL149C,6.847178
YOR091W,6.850619
YMR311C,6.854813
YJR062C,6.86763
YDL104C,6.868004
YMR172W,6.869038
YNL218W,6.870701
YOR370C,6.8715
YLR020C,6.871719
YMR213W,6.871926
YBL046W,6.872907
YDL167C,6.873352
YDR397C,6.875901
YBR223C,6.876578
YNR015W,6.880717
YBR015C,6.889516
YPR020W,6.89219
YDR379W,6.893101
YPL215W,6.895058
YOR213C,6.896228
YCR083W,6.899114
YGL181W,6.905621
YMR117C,6.906207
YGL144C,6.908636
YPL023C,6.914164
YNL090W,6.916938
YPR098C,6.92127
YHL029C,6.923277
YML046W,6.923406
YAL001C,6.927215
YMR083W,6.930664
YIR038C,6.932253
YNL091W,6.936583
YDR194C,6.937844
YBL080C,6.938081
YPL049C,6.938684
YMR059W,6.940888
YOR163W,6.950545
YDR296W,6.954402
YDL160C-A,6.959769
YER159C,6.965456
YNL002C,6.965824
YMR282C,6.967258
YGR091W,6.971516
YDR153C,6.976042
YJR002W,6.977725
YKR010C,6.980845
YPL016W,6.980861
YCL059C,6.983983
YGL061C,6.98642
YER061C,6.989233
YBR230C,6.991993
YPR173C,6.998482
YPL013C,6.999346
YNL151C,7.001371
YGR222W,7.004113
YDL090C,7.008239
YCR087C-A,7.010384
YOR101W,7.012938
YBR058C-A,7.01591
YNL148C,7.018227
YDL220C,7.019327
YDR412W,7.019421
YHR110W,7.02571
YOR111W,7.026975
YPR088C,7.027553
YLR093C,7.028813
YKL063C,7.03105
YNL215W,7.031127
YFR005C,7.033414
YPR032W,7.038568
YIL157C,7.039072
YLR083C,7.039275
YLL009C,7.039588
YJL097W,7.043882
YPR048W,7.046298
YBL006C,7.046757
YDR119W,7.048258
YPR057W,7.048594
YGR237C,7.048841
YOR336W,7.050169
YAL044C,7.050414
YOR118W,7.058389
YML098W,7.059048
YNR012W,7.059778
YGR271C-A,7.062083
YDR359C,7.066775
YDL019C,7.069925
YMR281W,7.070707
YDR465C,7.075578
YPL180W,7.076343
YDL046W,7.078707
YMR318C,7.078881
YDL098C,7.080507
YNL023C,7.08061
YBR152W,7.081286
YHR182W,7.087825
YAL022C,7.092287
YGR038W,7.093758
YPR156C,7.093796
YGR231C,7.101937
YNL191W,7.105413
YML034W,7.105579
YBR205W,7.106537
YOL083W,7.107631
YNR008W,7.116552
YOR103C,7.116699
YPR115W,7.118243
YJL081C,7.120782
YHR081W,7.12284
YMR266W,7.123149
YPL112C,7.123221
YPR086W,7.132061
YGR255C,7.139822
YJR124C,7.141254
YFL044C,7.142879
YML117W,7.144097
YKL014C,7.144672
YKL143W,7.149261
YEL046C,7.156281
YDR337W,7.15754
YDR272W,7.161036
YJL033W,7.16186
YOL033W,7.164268
YDR288W,7.167137
YOR150W,7.167609
YER006W,7.172229
YDL063C,7.172647
YBL035C,7.18808
YML052W,7.193139
YKR036C,7.19343
YFL048C,7.208008
YNL317W,7.208655
YLR245C,7.210593
YAL058W,7.213101
YDR237W,7.217903
YMR111C,7.219159
YPR107C,7.227379
YDL153C,7.227766
YPL059W,7.228026
YPR062W,7.233177
YMR284W,7.234708
YNR003C,7.236275
YNL088W,7.236786
YML080W,7.240996
YMR123W,7.244648
YDR298C,7.248122
YIL107C,7.256783
YOR179C,7.257265
YPL228W,7.258766
YBR029C,7.26392
YDL076C,7.273199
YPR033C,7.274239
YKL059C,7.276687
YDR391C,7.289913
YNL251C,7.290947
YLR348C,7.29375
YMR102C,7.295068
YNL320W,7.295744
YBR006W,7.297211
YCR004C,7.30479
YMR231W,7.307295
YGL064C,7.312359
YJL126W,7.316395
YMR135C,7.325594
YER058W,7.327131
YPR083W,7.329567
YGL095C,7.332396
YGR057C,7.336892
YER034W,7.337491
YCL044C,7.339199
YGR033C,7.339377
YJL112W,7.339935
YAL019W,7.341164
YJR063W,7.347197
YGR047C,7.348897
YHR154W,7.351146
YLR015W,7.351595
YIL044C,7.351976
YJL201W,7.356894
YOL158C,7.357432
YGR186W,7.357707
YPR186C,7.35773
YPL110C,7.358553
YGR275W,7.36015
YOR371C,7.360973
YNL280C,7.363069
YGR126W,7.363619
YLR455W,7.373235
YGR287C,7.377053
YDR228C,7.38395
YNL183C,7.388952
YPR101W,7.389635
YMR134W,7.394195
YAL041W,7.394828
YLR045C,7.397002
YCL024W,7.398396
YPL141C,7.400786
YLR175W,7.402205
YHR037W,7.403144
YDR028C,7.405079
YGL197W,7.409366
YER047C,7.413705
YDR503C,7.414812
YOL005C,7.416872
YNL119W,7.418613
YJR024C,7.420066
YFL002C,7.423584
YKL166C,7.42364
YMR216C,7.426053
YMR290C,7.426518
YML010W,7.428817
YLR424W,7.430654
YGR075C,7.439012
YKL100C,7.440162
YOR212W,7.441567
YLR203C,7.442434
YLR244C,7.442554
YDR056C,7.443886
YBL051C,7.446223
YLR362W,7.448498
YOL065C,7.450095
YKL168C,7.452878
YLR309C,7.453751
YDL203C,7.455228
YDR409W,7.460248
YNL273W,7.461164
YJL044C,7.46319
YGR229C,7.465944
YHR011W,7.466643
YKR056W,7.46685
YKL079W,7.470033
YNL261W,7.470213
YER078C,7.470944
YDR036C,7.472026
YML015C,7.472826
YDR468C,7.473596
YDL087C,7.476656
YMR197C,7.481918
YER067W,7.487238
YHR159W,7.490893
YAL042W,7.492905
YMR212C,7.493677
YBR136W,7.493864
YNL022C,7.495017
YCL001W,7.496574
YDR443C,7.49735
YOR090C,7.498337
YKL058W,7.499974
YNL112W,7.500342
YML096W,7.50139
YJR066W,7.506691
YDR083W,7.507463
YER091C,7.511722
YCL014W,7.512108
YDL159W,7.520182
YMR022W,7.521343
YJL084C,7.523024
YOR164C,7.525876
YOL102C,7.527028
YBR049C,7.530344
YHR017W,7.533901
YOL018C,7.537614
YIL129C,7.540312
YER172C,7.542465
YNL271C,7.545487
YGR157W,7.545722
YIL104C,7.54654
YFL010C,7.547229
YIL097W,7.549493
YMR237W,7.54961
YDR173C,7.549648
YGR013W,7.551297
YKL197C,7.55182
YLR008C,7.556287
YJR010C-A,7.56003
YGR266W,7.560576
YAR002W,7.564404
YLR166C,7.567323
YJR133W,7.574823
YDR513W,7.577636
YGR120C,7.578208
YJR080C,7.578938
YFL027C,7.579431
YJL002C,7.582128
YBL011W,7.58506
YKL214C,7.585363
YKL150W,7.593922
YDR179C,7.598135
YNL265C,7.598469
YHR083W,7.598948
YBR215W,7.599962
YML062C,7.601919
YNL139C,7.606418
YGR009C,7.610214
YGR257C,7.612591
YBL101C,7.616712
YOR035C,7.620316
YLR063W,7.622086
YDL031W,7.635221
YCR019W,7.635479
YLL008W,7.63689
YFR041C,7.636971
YPL198W,7.637396
YBR046C,7.638637
YHR102W,7.641261
YNL154C,7.64146
YOL089C,7.641524
YGR207C,7.641613
YGR252W,7.64283
YMR140W,7.643478
YJL131C,7.645747
YPR128C,7.650685
YLR260W,7.652699
YDL115C,7.653077
YPL219W,7.654686
YBR227C,7.65668
YER027C,7.659585
YDL237W,7.659673
YJR086W,7.662403
YJR138W,7.665173
YJR125C,7.667984
YBR003W,7.670753
YDR183W,7.673295
YBR177C,7.678417
YOL072W,7.679265
YOR354C,7.679813
YDL089W,7.680223
YOR217W,7.682783
YLR277C,7.683847
YBR089C-A,7.685736
YDR334W,7.685854
YJL172W,7.688612
YNL252C,7.689342
YNL175C,7.690909
YKL010C,7.692522
YGR205W,7.696596
YOR347C,7.698537
YNL250W,7.700806
YKR003W,7.701271
YBL103C,7.703375
YKR083C,7.704824
YDR316W,7.708861
YKR035W-A,7.70961
YGR169C-A,7.712241
YOL053W,7.715037
YER007W,7.718748
YDL072C,7.722826
YMR060C,7.72498
YOR267C,7.727113
YNL051W,7.728808
YBR273C,7.729282
YFL046W,7.730095
YMR089C,7.734636
YDR353W,7.734816
YDR097C,7.73554
YNL168C,7.736371
YLR116W,7.737514
YDR110W,7.739224
YML108W,7.74203
YJL026W,7.748006
YOR317W,7.750729
YPR008W,7.752897
YER125W,7.754178
YHR008C,7.75564
YNL131W,7.764974
YJL039C,7.767252
YDL164C,7.767806
YBR251W,7.77231
YPR067W,7.772744
YDL056W,7.772921
YPL153C,7.776922
YGL101W,7.777827
YAL015C,7.782863
YMR283C,7.786755
YDR266C,7.790632
YOR106W,7.79315
YDR177W,7.794738
YJR054W,7.795506
YGL223C,7.796262
YMR293C,7.796916
YEL062W,7.797138
YDL150W,7.797196
YBR200W,7.807576
YBR102C,7.807661
YFL047W,7.8085
YPL151C,7.812994
YLR276C,7.817762
YNL035C,7.820194
YDR466W,7.828972
YNL229C,7.830839
YKR060W,7.830923
YJL184W,7.833473
YDR202C,7.839428
YDR499W,7.839573
YKL040C,7.84102
YDL213C,7.841225
YKL151C,7.841529
YJL130C,7.846154
YEL066W,7.846159
YMR054W,7.847832
YEL001C,7.848855
YKR066C,7.851663
YIL126W,7.855875
YNL136W,7.856018
YJR077C,7.856323
YJR042W,7.858987
YLR026C,7.86503
YHR065C,7.871523
YLR360W,7.877939
YDR457W,7.879381
YFR030W,7.880488
YNL127W,7.881023
YJL192C,7.88447
YJL082W,7.887303
YCL034W,7.8888
YLR052W,7.889204
YNR006W,7.889207
YJL176C,7.890122
YMR115W,7.892108
YGR220C,7.896858
YDR140W,7.897204
YKR070W,7.897285
YPL199C,7.900857
YLR274W,7.901665
YLR229C,7.902556
YOR056C,7.902627
YKL190W,7.903769
YOL135C,7.90398
YNL152W,7.905895
YMR259C,7.907558
YBL055C,7.908745
YKL122C,7.914114
YMR044W,7.914153
YNR054C,7.915659
YCR016W,7.923645
YJR074W,7.926689
YDR363W-A,7.930688
YKR016W,7.931067
YFL023W,7.933643
YKL205W,7.935689
YMR074C,7.936154
YKL077W,7.943269
YIL009W,7.950223
YBR060C,7.950346
YLR359W,7.950867
YHR143W-A,7.952529
YDR198C,7.955591
YDR416W,7.959845
YPL126W,7.965869
YHR072W-A,7.968205
YOR272W,7.970091
YIL124W,7.971594
YER082C,7.972116
YMR026C,7.973203
YFL024C,7.978504
YNR047W,7.979432
YNL062C,7.979607
YPL154C,7.982568
YNL256W,7.983311
YJR051W,7.989878
YNL248C,7.990748
YOR294W,7.994147
YLR144C,7.994605
YGR173W,7.99581
YDR084C,7.998811
YOR045W,8.003253
YDL065C,8.00391
YOL081W,8.005282
YPR162C,8.005966
YBR214W,8.006742
YDR201W,8.008761
YPR056W,8.01045
YPR017C,8.010908
YOR048C,8.012705
YIL096C,8.015199
YHR016C,8.015274
YMR067C,8.021727
YKR024C,8.022956
YHR146W,8.028553
YNL312W,8.031399
YPL196W,8.032726
YOR280C,8.033912
YCL045C,8.034341
YCR036W,8.040551
YNL161W,8.043405
YDR439W,8.043899
YLR006C,8.045096
YLR421C,8.046517
YDR120C,8.051699
YNL307C,8.054514
YDL209C,8.054877
YDR206W,8.05796
YGR156W,8.061021
YML110C,8.061746
YPR072W,8.063396
YLR218C,8.065176
YJL073W,8.06753
YHR001W,8.072199
YNR052C,8.072313
YKR002W,8.073317
YHR148W,8.073332
YDL074C,8.073341
YBL082C,8.073626
YBR039W,8.0751
YDL129W,8.07519
YKL033W,8.075933
YOR125C,8.077257
YLR090W,8.078068
YER043C,8.078671
YJR105W,8.081347
YPR161C,8.083382
YIR012W,8.083702
YPR160W,8.084756
YDR406W,8.086626
YBR077C,8.091867
YIL038C,8.09257
YOR022C,8.094839
YBR026C,8.095241
YBR044C,8.096745
YGL141W,8.098019
YJL173C,8.098493
YBR286W,8.099946
YOR018W,8.104399
YGL020C,8.107207
YLR182W,8.107757
YPL002C,8.110561
YFR008W,8.112787
YIL083C,8.117419
YPL138C,8.121402
YOR276W,8.123049
YMR239C,8.126145
YIL077C,8.128509
YNL027W,8.12989
YGL228W,8.130029
YGR282C,8.131497
YDR287W,8.132236
YJL029C,8.13257
YNL315C,8.13307
YKL191W,8.136247
YDL148C,8.136353
YPL051W,8.136415
YAL031C,8.141678
YJR003C,8.142082
YDL234C,8.142332
YBR192W,8.144179
YDR060W,8.14996
YDR109C,8.150041
YBR111C,8.150484
YDR311W,8.151806
YKL028W,8.152555
YMR075W,8.15304
YMR294W,8.155801
YBR193C,8.157242
YIR024C,8.159351
YGR093W,8.161538
YBR139W,8.161824
YIL156W,8.164118
YDR251W,8.165204
YJL054W,8.166647
YMR211W,8.169012
YOR153W,8.173671
YJR141W,8.177724
YJL050W,8.182806
YNL278W,8.183018
YER086W,8.18348
YGR268C,8.185939
YLR262C-A,8.190857
YKL065C,8.191957
YPL195W,8.19233
YFL034W,8.192821
YOL147C,8.196155
YDR424C,8.204358
YKL204W,8.204367
YCR072C,8.204895
YHR034C,8.208195
YLR017W,8.210852
YHR158C,8.214286
YKL144C,8.218847
YDR425W,8.219094
YDL160C,8.219756
YNL282W,8.220593
YML048W,8.227087
YFL013C,8.227735
YOR357C,8.228372
YDR138W,8.230733
YAR015W,8.233017
YPR113W,8.234444
YGL227W,8.235693
YNR032C-A,8.237096
YDR458C,8.238762
YDL207W,8.239681
YMR241W,8.240495
YLR419W,8.240904
YPR180W,8.241078
YGR103W,8.24253
YOL143C,8.243322
YGR209C,8.247792
YMR302C,8.249583
YKL195W,8.256169
YPL074W,8.257132
YPL108W,8.257836
YPL266W,8.260567
YJR041C,8.260716
YDR116C,8.262096
YLR099C,8.262394
YGL236C,8.263406
YGL056C,8.263788
YGR181W,8.265638
YOR038C,8.266923
YDL052C,8.272319
YOR229W,8.275876
YOR194C,8.277771
YMR275C,8.28021
YFL001W,8.280342
YER089C,8.286209
YML103C,8.29063
YJR052W,8.292373
YMR185W,8.292699
YLR011W,8.294562
YJR031C,8.295231
YMR220W,8.296041
YGR040W,8.297406
YJL101C,8.298326
YLR284C,8.298919
YBR246W,8.299765
YGR117C,8.300212
YLR096W,8.303432
YGR159C,8.304996
YNL216W,8.309188
YPL083C,8.31089
YLR361C,8.313694
YLR114C,8.318807
YJR093C,8.32008
YGR029W,8.320204
YDR087C,8.324212
YOR243C,8.326339
YER014W,8.326393
YJR055W,8.3272
YFL049W,8.329543
YHR197W,8.329906
YGL041W-A,8.330485
YAL030W,8.330729
YKL173W,8.332396
YBR123C,8.334101
YKL126W,8.344063
YNL098C,8.350244
YPL128C,8.351538
YGL083W,8.352513
YLR002C,8.352577
YML120C,8.35293
YGL022W,8.354492
YGR166W,8.355801
YER171W,8.359267
YNL284C,8.362363
YHR099W,8.362413
YMR029C,8.364825
YDR299W,8.36622
YMR165C,8.369884
YKR095W-A,8.374447
YMR153W,8.375281
YLR305C,8.377186
YLR219W,8.380684
YDR204W,8.383154
YOR142W,8.385209
YKR063C,8.386687
YAL023C,8.389096
YPL098C,8.389362
YNL182C,8.389613
YDR088C,8.393078
YDR392W,8.39645
YOL124C,8.402375
YNR017W,8.403098
YOL144W,8.404766
YDL060W,8.406711
YIL046W,8.406744
YKR082W,8.407572
YJR100C,8.408798
YJL178C,8.40964
YGR030C,8.410491
YLR356W,8.412409
YKL074C,8.413106
YDR289C,8.413637
YOR211C,8.415328
YMR167W,8.415365
YNL123W,8.416846
YMR005W,8.417295
YGL078C,8.417849
YLL007C,8.417955
YMR024W,8.42069
YML022W,8.420918
YLR312W-A,8.425689
YDR348C,8.426024
YEL020W-A,8.430764
YOL056W,8.433496
YOR037W,8.435107
YLR197W,8.43681
YCR073W-A,8.438322
YNL041C,8.439362
YKL172W,8.439698
YNL231C,8.441623
YEL037C,8.442374
YBL037W,8.444007
YJL123C,8.446406
YDL188C,8.450088
YJR059W,8.452599
YPL091W,8.454193
YJL049W,8.459174
YMR108W,8.459305
YOL010W,8.463735
YER137C,8.46825
YML127W,8.468447
YHL039W,8.473021
YJR053W,8.474127
YIR026C,8.474528
YJL001W,8.47676
YBR264C,8.479522
YIR004W,8.480337
YDR329C,8.480546
YIL128W,8.482994
YHR038W,8.4835
YOR308C,8.493271
YPR143W,8.494841
YKR092C,8.502118
YDR347W,8.502661
YJR121W,8.503993
YLR058C,8.504285
YLR089C,8.509351
YMR013C,8.509374
YLL004W,8.510942
YIL016W,8.511651
YGR128C,8.511925
YLR180W,8.512015
YMR161W,8.515043
YIL159W,8.518062
YMR264W,8.518538
YDR294C,8.520986
YMR303C,8.521755
YOL023W,8.521826
YDR145W,8.524985
YNL097C,8.526387
YDR096W,8.527274
YHR040W,8.534174
YDL171C,8.534926
YDR089W,8.537974
YLR326W,8.538767
YMR093W,8.54298
YKR081C,8.546155
YDL173W,8.54841
YDR449C,8.553423
YBR279W,8.553622
YNL087W,8.557031
YCL031C,8.566797
YOR304W,8.567637
YMR229C,8.567895
YIL103W,8.574482
YCL054W,8.575024
YLR319C,8.578164
YBR247C,8.579332
YOL109W,8.58494
YKR028W,8.585095
YFL008W,8.585368
YPL105C,8.590897
YML020W,8.591136
YDR408C,8.592232
YNL011C,8.595809
YIL125W,8.59666
YNL197C,8.598444
YFR047C,8.602947
YDR062W,8.603166
YML074C,8.608575
YOR286W,8.611018
YCR084C,8.613033
YKL025C,8.616448
YBL008W,8.616886
YGL201C,8.61768
YJL109C,8.620652
YBL099W,8.620783
YER178W,8.625998
YGR097W,8.627559
YHR009C,8.629415
YPL015C,8.631336
YHL014C,8.635524
YJR060W,8.639606
YLR078C,8.641216
YHR106W,8.646878
YPR133C,8.647468
YPR168W,8.649774
YPL101W,8.650264
YJR131W,8.651632
YNL135C,8.659247
YER083C,8.662419
YGR163W,8.662699
YER068W,8.66576
YDR192C,8.667449
YJR049C,8.668083
YPL246C,8.668843
YDR232W,8.677604
YPL217C,8.679934
YDR398W,8.682522
YGR123C,8.683729
YBR030W,8.683794
YDL027C,8.69036
YBR095C,8.69071
YNL040W,8.691568
YJL200C,8.693124
YHR062C,8.693814
YJL061W,8.694697
YBR236C,8.698433
YLL034C,8.698574
YGL112C,8.701955
YFR040W,8.704674
YJL010C,8.706635
YDR323C,8.710719
YMR076C,8.712876
YPL178W,8.715782
YOR340C,8.71815
YGR134W,8.718883
YBL022C,8.723166
YLR153C,8.73149
YGL068W,8.734854
YLR106C,8.735815
YLR372W,8.736914
YFR028C,8.738039
YFR014C,8.745605
YHR155W,8.747555
YNL111C,8.750078
YGR072W,8.750305
YLR196W,8.750494
YGR099W,8.756781
YER094C,8.76053
YPR179C,8.761437
YPL206C,8.763583
YMR077C,8.766726
YNL048W,8.767988
YOR160W,8.76802
YDL185W,8.769485
YPR052C,8.773108
YIR009W,8.774431
YLR222C,8.774599
YLR077W,8.777322
YDL078C,8.777592
YLR226W,8.777797
YGL111W,8.777837
YLR075W,8.778139
YDL161W,8.77816
YPL009C,8.779753
YOR070C,8.784071
YBR058C,8.784318
YBR055C,8.787039
YFL017W-A,8.789808
YER080W,8.790538
YLR215C,8.795663
YGR132C,8.795997
YOR014W,8.796747
YNR001C,8.798313
YMR258C,8.799971
YGL190C,8.80051
YNL181W,8.801571
YLR069C,8.803695
YLR018C,8.804173
YFR016C,8.806896
YML014W,8.811622
YMR226C,8.818798
YLR388W,8.819244
YGL231C,8.819903
YIL039W,8.820137
YNR043W,8.821269
YJL183W,8.822481
YGR068C,8.822556
YDR020C,8.822927
YDR081C,8.824865
YLL021W,8.824976
YKL113C,8.827405
YBR084W,8.82913
YOR095C,8.830908
YNL207W,8.831653
YGR021W,8.839265
YDR148C,8.843936
YDR481C,8.844863
YLR413W,8.846494
YBL017C,8.847732
YML072C,8.848559
YLR148W,8.849711
YPL132W,8.850448
YPL007C,8.851571
YKL052C,8.856225
YNL244C,8.857332
YDR480W,8.857422
YPL183C,8.858315
YOL042W,8.858655
YDR012W,8.858944
YIL063C,8.860456
YDR469W,8.862479
YGL133W,8.866188
YGR152C,8.86862
YKL194C,8.869157
YGR147C,8.870396
YCL011C,8.872976
YHR191C,8.875258
YOL069W,8.877377
YOR185C,8.877427
YKL069W,8.879546
YNL253W,8.881975
YLR324W,8.883888
YDR170C,8.884696
YLR337C,8.885785
YOR004W,8.886027
YER009W,8.890073
YGR113W,8.890493
YHR066W,8.895521
YNL193W,8.89574
YDR493W,8.896215
YER049W,8.89824
YGR286C,8.898758
YML095C,8.899634
YLR146C,8.901413
YNL156C,8.906039
YBL074C,8.907258
YBL045C,8.909033
YKL002W,8.91225
YIR022W,8.913998
YLR440C,8.914717
YGR005C,8.915167
YOR219C,8.91537
YMR041C,8.919929
YPL259C,8.921123
YLR095C,8.92361
YDR245W,8.924038
YNL227C,8.927233
YMR217W,8.927663
YJL046W,8.929699
YDL122W,8.931798
YGL065C,8.931976
YMR130W,8.933583
YLR401C,8.935946
YMR086W,8.938272
YLR221C,8.939234
YJL165C,8.946202
YOL125W,8.950064
YML035C,8.950469
YDR013W,8.95412
YPL050C,8.955418
YDL045C,8.955528
YJL179W,8.955654
YAL013W,8.956935
YNL249C,8.958694
YKR065C,8.959934
YOL087C,8.963051
YMR223W,8.964192
YNR033W,8.964476
YNL084C,8.970301
YKL203C,8.976447
YPL218W,8.976929
YOL027C,8.977747
YNL236W,8.981403
YDR541C,8.984832
YKL092C,8.985297
YDL212W,8.986476
YHL031C,8.989389
YDL166C,8.989406
YDR051C,8.990775
YOL115W,8.992094
YGL145W,8.99282
YKR018C,8.995579
YLL036C,9.002183
YLR220W,9.007538
YBR149W,9.011112
YDL086W,9.011362
YHR127W,9.016488
YGR122W,9.019058
YGL241W,9.021537
YER025W,9.021902
YLR449W,9.021946
YOR085W,9.024602
YGR162W,9.02514
YHR028C,9.025596
YBR126C,9.026937
YNL267W,9.027593
YGR193C,9.028211
YER020W,9.030621
YDR394W,9.031066
YPL226W,9.032143
YML112W,9.033799
YLR043C,9.037081
YBR245C,9.037664
YDL178W,9.040331
YGL016W,9.042048
YMR129W,9.042348
YDR246W,9.045207
YGL092W,9.045316
YKR072C,9.045875
YKL018C-A,9.050556
YDR032C,9.052532
YBR143C,9.054836
YOR319W,9.05549
YJL146W,9.056917
YMR080C,9.058969
YFL014W,9.061667
YGR202C,9.065197
YKL114C,9.066541
YOL138C,9.069727
YDR257C,9.072065
YCL057W,9.073069
YCR028C-A,9.073797
YJL041W,9.074406
YKL165C,9.075162
YHR024C,9.076975
YDR068W,9.077509
YLR207W,9.079134
YAR007C,9.080873
YLR055C,9.080904
YHR199C,9.082144
YHR089C,9.084186
YDR280W,9.086839
YLR258W,9.087931
YDR310C,9.097917
YNR023W,9.098617
YLR325C,9.099488
YEL034W,9.099698
YBR170C,9.100578
YOR311C,9.101819
YIL065C,9.102061
YAL026C,9.106969
YEL056W,9.109281
YDR101C,9.110287
YPL152W,9.110772
YOL149W,9.111132
YMR004W,9.111551
YJL069C,9.118502
YPR152C,9.119673
YDR390C,9.120447
YOR204W,9.121802
YLR438C-A,9.121917
YER113C,9.124285
YJL117W,9.12723
YGR200C,9.128307
YKR079C,9.13168
YBR263W,9.132113
YMR243C,9.132458
YCR076C,9.13478
YPR004C,9.143359
YNR013C,9.14372
YKL181W,9.147252
YKL210W,9.151773
YGR263C,9.156108
YJL164C,9.159908
YOR140W,9.16064
YJR067C,9.161759
YDR376W,9.16217
YDR190C,9.164494
YDR156W,9.166565
YGL050W,9.16713
YHR188C,9.168361
YAL029C,9.16853
YDR362C,9.169173
YGR233C,9.17468
YOL022C,9.175109
YJR070C,9.176397
YOR123C,9.176805
YOR021C,9.177176
YER022W,9.177626
YLR250W,9.178552
YOR253W,9.181244
YDR477W,9.181446
YPL245W,9.183748
YJL074C,9.183754
YMR183C,9.186763
YPR111W,9.188068
YDR303C,9.188503
YBR130C,9.188643
YOR232W,9.188738
YPL120W,9.188935
YBR052C,9.189409
YNL313C,9.190243
YER057C,9.190784
YNL206C,9.192128
YNL258C,9.194078
YLL023C,9.194263
YGL122C,9.197682
YDL066W,9.198844
YNL118C,9.203831
YDR031W,9.20406
YMR203W,9.204926
YDR322W,9.206042
YNL222W,9.206584
YBL034C,9.213896
YGL086W,9.216662
YOL123W,9.217684
YPL212C,9.219709
YER122C,9.22215
YOR063W,9.222355
YPR125W,9.23107
YHR121W,9.231887
YGL120C,9.232506
YFR010W,9.232751
YMR168C,9.234985
YML125C,9.235814
YER048C,9.236684
YOL001W,9.241182
YGR061C,9.241199
YGR284C,9.242732
YLR427W,9.244463
YHL007C,9.246407
YIL022W,9.249435
YHR052W,9.253034
YOR165W,9.254979
YGR019W,9.256395
YCR088W,9.257237
YBL056W,9.266797
YMR269W,9.267353
YDR231C,9.269344
YKL027W,9.27199
YLR330W,9.273409
YHR170W,9.273943
YNL020C,9.276511
YCR020W-B,9.280962
YHR085W,9.282271
YPR137W,9.282879
YLR150W,9.285052
YHL033C,9.285133
YOR187W,9.288157
YAL043C,9.29108
YCR077C,9.295529
YNL045W,9.296052
YJL125C,9.298481
YHR169W,9.30334
YJL087C,9.307346
YNR026C,9.308301
YKR055W,9.308633
YOR126C,9.308969
YDR358W,9.309218
YML012W,9.309623
YGR082W,9.310606
YOR227W,9.310967
YHR076W,9.31352
YER134C,9.31485
YJR072C,9.319348
YLR384C,9.320069
YER110C,9.323015
YDR117C,9.327592
YNL308C,9.327662
YBL058W,9.328019
YML114C,9.328835
YMR106C,9.332499
YJL042W,9.339761
YLR128W,9.342688
YLR192C,9.343747
YLR201C,9.34525
YDR129C,9.346255
YML086C,9.347614
YMR301C,9.349916
YDR305C,9.352796
YPL262W,9.355962
YKL023W,9.359458
YLR248W,9.359726
YJR096W,9.362967
YML097C,9.363006
YLR262C,9.364066
YER168C,9.365362
YER166W,9.367965
YMR240C,9.374983
YBR201W,9.381063
YDR295C,9.382225
YBR155W,9.382797
YJR076C,9.38409
YPL040C,9.385142
YMR124W,9.388211
YPR058W,9.390688
YGR271W,9.39104
YDL132W,9.392186
YPL210C,9.393013
YDL007W,9.393392
YCR043C,9.394015
YDR021W,9.394649
YDL126C,9.395767
YLR088W,9.396655
YDL236W,9.398453
YDR500C,9.400949
YDR365C,9.403347
YLR129W,9.406725
YJR014W,9.406904
YMR131C,9.40734
YIL027C,9.409033
YBR221C,9.409131
YDR527W,9.412667
YIL043C,9.413725
YJR098C,9.413895
YGR148C,9.416036
YBL026W,9.417384
YOL148C,9.424959
YLR398C,9.427256
YNL061W,9.428325
YPR133W-A,9.429942
YOR332W,9.432314
YAL055W,9.434131
YPL146C,9.434255
YPL169C,9.434464
YJL204C,9.436304
YDR001C,9.437334
YDR489W,9.437757
YPL188W,9.439025
YER146W,9.439162
YCR052W,9.439726
YDR165W,9.446947
YFR001W,9.447938
YDR049W,9.453215
YMR247C,9.454855
YLR185W,9.456718
YMR265C,9.456804
YPL134C,9.456959
YFR025C,9.458614
YER132C,9.458841
YHR013C,9.461493
YJL134W,9.461526
YOR335C,9.462827
YJR019C,9.463759
YNL130C,9.464835
YEL026W,9.465451
YJL005W,9.468722
YOR036W,9.475618
YGL106W,9.476495
YGL043W,9.47879
YMR152W,9.479267
YGL125W,9.481778
YBL015W,9.481928
YCL035C,9.485144
YGL233W,9.48998
YOR173W,9.490975
YGR198W,9.491702
YGL023C,9.492191
YPL032C,9.492837
YIL145C,9.492991
YER149C,9.49411
YPR189W,9.501223
YGL220W,9.501874
YCR024C,9.50325
YAL035W,9.503272
YPR089W,9.503383
YIL106W,9.510542
YGR261C,9.510938
YMR250W,9.511174
YDR091C,9.513942
YML057W,9.514462
YOR326W,9.514546
YGL060W,9.514884
YPL161C,9.516341
YER036C,9.51895
YMR091C,9.519544
YDR372C,9.523339
YDR346C,9.525104
YHR027C,9.525246
YGL108C,9.526925
YBL039C,9.529443
YGL005C,9.532997
YBR016W,9.535807
YGL238W,9.537308
YOR285W,9.540792
YEL003W,9.54252
YNL323W,9.543355
YPL241C,9.544096
YGR223C,9.545734
YOL142W,9.546582
YMR228W,9.547632
YML016C,9.551104
YDL064W,9.555147
YGR048W,9.557091
YOR094W,9.557704
YHR171W,9.560102
YGL100W,9.562915
YLR333C,9.564483
YPR110C,9.565903
YGL234W,9.566328
YPR028W,9.56848
YKL039W,9.569716
YMR146C,9.570148
YHR039C-A,9.572896
YGR270W,9.575275
YDR382W,9.575739
YDR320C,9.577897
YOR310C,9.580766
YIR017C,9.581285
YLR306W,9.581381
YML001W,9.585328
YGR135W,9.585687
YJR033C,9.586042
YLL014W,9.587447
YOR257W,9.590012
YJL154C,9.59151
YIL133C,9.593053
YNL096C,9.593268
YMR072W,9.593288
YHL023C,9.594946
YPR129W,9.59761
YKL019W,9.598239
YGL119W,9.60023
YOL049W,9.602473
YMR049C,9.602769
YAR002C-A,9.603298
YPL063W,9.605474
YJR006W,9.605924
YPL237W,9.607702
YBR127C,9.617673
YBR101C,9.618535
YGR210C,9.621641
YPR118W,9.62244
YNR030W,9.624977
YPR135W,9.625345
YDR510W,9.629038
YGL076C,9.630681
YDR267C,9.632085
YPL115C,9.633335
YDR333C,9.634821
YEL022W,9.635194
YER165W,9.637472
YML094W,9.637587
YNL001W,9.638031
YOR274W,9.638182
YCR009C,9.639414
YHL025W,9.642141
YDL092W,9.642304
YGR078C,9.642428
YDL229W,9.643167
YDR172W,9.644191
YER072W,9.652532
YDL235C,9.657442
YLR028C,9.657938
YPL143W,9.659049
YPR091C,9.659482
YDR233C,9.663026
YLR151C,9.663838
YPR163C,9.664288
YER031C,9.664585
YAL003W,9.667319
YPL084W,9.668581
YDL014W,9.668791
YJR064W,9.669077
YOR216C,9.670856
YEL059C-A,9.67256
YDR019C,9.674488
YLR441C,9.678519
YBL067C,9.678806
YJL128C,9.688555
YBR137W,9.689148
YLR021W,9.690682
YKL006W,9.690884
YER021W,9.693087
YKL127W,9.694717
YHR108W,9.696088
YMR285C,9.696377
YCL039W,9.704261
YML105C,9.710475
YDR074W,9.710852
YBR125C,9.713721
YJR007W,9.71427
YHR058C,9.715027
YPL249C-A,9.716249
YBR151W,9.72532
YDR176W,9.72885
YOL098C,9.729491
YDR460W,9.730379
YOR275C,9.735023
YIL115C,9.736752
YMR300C,9.737659
YNL134C,9.742678
YPL099C,9.743195
YEL036C,9.743248
YLR172C,9.746521
YOL090W,9.74852
YMR277W,9.748974
YMR038C,9.749418
YLR435W,9.752772
YOL127W,9.755324
YOR369C,9.758422
YML082W,9.760208
YDR279W,9.76034
YER182W,9.760386
YOL057W,9.760774
YGR095C,9.761278
YLL035W,9.76143
YGL164C,9.761889
YOR234C,9.763059
YNR051C,9.764951
YOR222W,9.766361
YMR315W,9.768991
YKL106W,9.771689
YDR268W,9.772502
YPL111W,9.773495
YKL033W-A,9.774556
YHR114W,9.774591
YOR016C,9.775962
YLR189C,9.777691
YNL189W,9.778382
YOR288C,9.778608
YGR116W,9.784993
YPR055W,9.785332
YCR051W,9.786318
YBL091C,9.789507
YHR003C,9.789892
YNL050C,9.790383
YCR035C,9.792086
YPL012W,9.792635
YGR167W,9.794334
YNL059C,9.796351
YLR233C,9.796406
YIL091C,9.800336
YOL139C,9.802227
YHR064C,9.804917
YLR005W,9.809275
YKL091C,9.810286
YKR008W,9.811163
YBL066C,9.81608
YLR029C,9.816887
YBR176W,9.818125
YMR261C,9.819856
YDR312W,9.821614
YOL121C,9.824385
YIL076W,9.826724
YJR017C,9.831369
YOR251C,9.831898
YIL075C,9.832499
YNL153C,9.836054
YBR031W,9.83728
YER157W,9.837461
YLR347C,9.838679
YOR261C,9.842645
YHR117W,9.84274
YOR117W,9.842865
YLR397C,9.844221
YNL069C,9.846482
YGR083C,9.847342
YFL034C-A,9.847378
YCR057C,9.849688
YPL094C,9.851081
YKL009W,9.856824
YFL005W,9.857682
YCR027C,9.857909
YOL021C,9.858747
YFR037C,9.86071
YDR167W,9.862753
YLR442C,9.865326
YIL078W,9.86552
YDR388W,9.86622
YNL185C,9.866956
YJR143C,9.867316
YBR041W,9.867918
YBR002C,9.869112
YHR069C,9.869366
YDL018C,9.87067
YIL030C,9.871284
YBR110W,9.871561
YBR059C,9.873373
YOR086C,9.874461
YLR439W,9.876466
YDR407C,9.880716
YNL292W,9.883174
YBR235W,9.884689
YGL157W,9.885367
YKL117W,9.88644
YER174C,9.886779
YDR292C,9.901813
YPL075W,9.907796
YBL024W,9.909266
YDL201W,9.912736
YPL031C,9.91543
YOR206W,9.916321
YBL092W,9.916567
YDR432W,9.919158
YOL061W,9.920102
YHR074W,9.924216
YPL079W,9.925804
YNL199C,9.926087
YDR189W,9.926219
YGL031C,9.926636
YNL132W,9.927085
YMR298W,9.930467
YLR181C,9.932135
YDL181W,9.937124
YER005W,9.937824
YGR285C,9.940428
YPL243W,9.942163
YER183C,9.942533
YDR212W,9.942729
YOR096W,9.944597
YPL233W,9.949426
YGL014W,9.950657
YDR490C,9.957198
YLR361C-A,9.957282
YKL054C,9.958977
YML030W,9.960584
YNL232W,9.960967
YOR042W,9.964796
YMR109W,9.969081
YLR292C,9.971786
YPR114W,9.975189
YFL018C,9.975375
YJR101W,9.979048
YEL002C,9.980533
YLR412W,9.983277
YMR119W,9.983346
YMR012W,9.983861
YHR042W,9.986783
YOR197W,9.986894
YOR241W,9.987378
YGL155W,9.987904
YBR166C,9.988344
YOR239W,9.989149
YKL081W,9.990129
YJR103W,9.990865
YGR174C,9.991152
YNL329C,9.992051
YBR154C,9.99266
YFR021W,9.99325
YHL010C,9.994092
YER023W,9.996749
YGR158C,9.999802
YDR188W,9.999937
YLR147C,9.999939
YJR065C,10.00107
YBR087W,10.00711
YJL140W,10.00759
YLR268W,10.01026
YGL221C,10.01223
YCR093W,10.01531
YLR143W,10.01816
YBR211C,10.01904
YIL041W,10.02141
YLR447C,10.02142
YMR039C,10.02156
YDR108W,10.02388
YBR162W-A,10.025
YML008C,10.02597
YDR495C,10.02757
YBL105C,10.03047
YHR039C,10.03401
YHR201C,10.04202
YNR049C,10.0425
YDR264C,10.04262
YOL076W,10.04295
YGR194C,10.04883
Q0250,10.05115
YHR193C,10.05573
YDL055C,10.05609
YER010C,10.05615
YHR196W,10.05687
YDL047W,10.05854
YBL068W,10.06149
YMR116C,10.06174
YDR255C,10.06397
YPR019W,10.06472
YDL208W,10.06532
YDL225W,10.06704
YJL155C,10.07014
YPR182W,10.07052
YLL045C,10.0708
YBL010C,10.07153
YGR006W,10.07156
YGL103W,10.07595
YML073C,10.07597
YNL121C,10.07714
YER163C,10.07724
YKL154W,10.0774
YLR291C,10.07897
YOR026W,10.08166
YLR369W,10.08179
YPR169W,10.08282
YKL216W,10.08668
YGL030W,10.08852
YKL056C,10.08863
YPL048W,10.09195
YGL232W,10.09219
YOR046C,10.09379
YMR174C,10.09391
YER105C,10.0948
YBR216C,10.09974
YLR448W,10.10178
YJL177W,10.10185
YPR034W,10.10301
YDL113C,10.1046
YGL097W,10.10832
YMR099C,10.114
YDR502C,10.11608
YIR037W,10.11792
YGL110C,10.12553
YNL178W,10.12605
YLR314C,10.12709
YJL148W,10.12857
YHL015W,10.13058
YBL007C,10.1308
YPR190C,10.13911
YOR167C,10.13944
YJL020C,10.14195
YDR339C,10.14206
YER030W,10.14304
YLR345W,10.14717
YDR496C,10.14826
YHR046C,10.14843
YKL157W,10.14984
YGL151W,10.15001
YMR196W,10.15403
YKL196C,10.15694
YOR007C,10.15948
YIR006C,10.16246
YOL025W,10.16487
YNL149C,10.16837
YJL208C,10.17187
YEL013W,10.17946
YNL021W,10.18149
YBL064C,10.18354
YER004W,10.18614
YEL018W,10.18717
YLR025W,10.18886
YML070W,10.1903
YLL040C,10.20052
YBR081C,10.20126
YIL070C,10.20232
YGL167C,10.20556
YFL004W,10.20918
YDR207C,10.21134
YLR104W,10.21182
YLR115W,10.21267
YKL148C,10.21982
YGL099W,10.22026
YLR059C,10.22186
YGL189C,10.22282
YHR190W,10.22416
YER042W,10.22584
YOR262W,10.22603
YFR002W,10.22715
YOR254C,10.22907
YER112W,10.23104
YLR003C,10.23418
YIL034C,10.23714
YDR033W,10.23869
YGR195W,10.23897
YGR001C,10.24252
YBR094W,10.24435
YDL058W,10.24793
YOR358W,10.24832
YFR004W,10.25078
YGR203W,10.25479
YIL162W,10.25783
YHR098C,10.25935
YGL123W,10.25951
YLR386W,10.26313
YDL125C,10.27384
YGR155W,10.27612
YJR137C,10.27852
YGL210W,10.2809
YJR032W,10.28168
YCR053W,10.28283
YNL067W,10.28609
YDR181C,10.28934
YBR121C,10.29021
YJL095W,10.29335
YDR531W,10.30128
YLR033W,10.30255
YDR381W,10.30295
YDL088C,10.30823
YLR340W,10.30913
YLR238W,10.31209
YDL143W,10.31378
YMR260C,10.31798
YKR054C,10.32078
YER151C,10.32274
YLR406C,10.32547
YDR265W,10.32924
YHR070W,10.3302
YNL138W,10.33235
YDL144C,10.33503
YDL111C,10.33676
YLR126C,10.33751
YDL226C,10.33768
YLR243W,10.33922
YJL197W,10.34036
YKL215C,10.34451
YDL084W,10.34466
YMR202W,10.34579
YIL026C,10.34772
YOL039W,10.35093
YLL062C,10.35327
YDR002W,10.36105
YNL071W,10.36934
YGR281W,10.37354
YBR160W,10.37396
YLR301W,10.37531
YLL032C,10.38241
YIL033C,10.3826
YKR084C,10.38328
YGR264C,10.38673
YOR074C,10.38681
YFR009W,10.38751
YLR390W,10.38902
YBR198C,10.39139
YOR143C,10.39334
YJR068W,10.39691
YER053C,10.39737
YEL055C,10.39794
YOR069W,10.39931
YMR110C,10.40405
YKL057C,10.40667
YJL203W,10.40912
YLR418C,10.40926
YGL206C,10.41002
YDL006W,10.41032
YPR063C,10.41043
YKL189W,10.41165
YOR051C,10.41689
YLR432W,10.41894
YLR118C,10.42331
YDR341C,10.42425
YFL039C,10.42455
YBL029C-A,10.42607
YLR186W,10.43313
YGL159W,10.43352
YGL137W,10.43738
YOR057W,10.43911
YGL073W,10.44429
YPL227C,10.44439
YDR023W,10.45083
YGL213C,10.45594
YLR328W,10.45834
YMR209C,10.45886
YJL207C,10.46021
YBR112C,10.46309
YOR265W,10.4638
YKR048C,10.46648
YLR298C,10.46658
YOR061W,10.46766
YNR021W,10.46812
YER107C,10.46846
YGR017W,10.46916
YJL008C,10.46973
YJL014W,10.47033
YBR208C,10.47358
YFL017C,10.47681
YDL099W,10.48141
YGL047W,10.48273
YBR171W,10.48822
YLR433C,10.48986
YKL047W,10.49011
YBL079W,10.49335
YGL087C,10.49471
YDR515W,10.49535
YCL037C,10.50273
YPR191W,10.50598
YPL235W,10.5106
YBR261C,10.51206
YIR001C,10.51269
YDR234W,10.51274
YDR516C,10.51419
YGR034W,10.5145
YOR109W,10.51702
YER063W,10.52444
YLR225C,10.53322
YOR361C,10.5335
YGR124W,10.53781
YLR321C,10.53787
YER090W,10.54088
YJL065C,10.54131
YHR192W,10.54295
YPL129W,10.5431
YDR324C,10.5442
YAL007C,10.54553
YLR287C,10.54763
YFR006W,10.55036
YDR162C,10.55241
YDR361C,10.55454
YLR285W,10.55514
YIL035C,10.55954
YOL059W,10.5599
YOL145C,10.56306
YHL001W,10.56456
YHL013C,10.56634
YBL057C,10.56708
YPL117C,10.56777
YNR074C,10.5682
YPR097W,10.56857
YDR248C,10.57199
YOL016C,10.5783
YAL016W,10.58206
YML078W,10.5824
YOR138C,10.58393
YDR064W,10.58456
YNL297C,10.58547
YOR176W,10.5865
YEL044W,10.58659
YBL041W,10.58768
YDL081C,10.58851
YGL062W,10.58923
YDR328C,10.59146
YPL247C,10.59379
YPL064C,10.59562
YMR309C,10.59846
YLL001W,10.60261
YNL330C,10.60424
YDR472W,10.61106
YDR430C,10.61224
YGL011C,10.6143
YOR128C,10.62153
YPR103W,10.62286
YNR050C,10.62649
YDR121W,10.62688
YDR164C,10.62695
YGL105W,10.63091
YGR054W,10.6311
YML126C,10.63385
YOR039W,10.63387
YLR293C,10.6342
YGR185C,10.63723
YGL147C,10.63727
YAL021C,10.63797
YNL129W,10.64063
YDL141W,10.64134
YOR168W,10.64175
YGR020C,10.64483
YPR148C,10.64732
YDR071C,10.64907
YIR003W,10.65151
YJR057W,10.65178
YKR023W,10.6582
YJR123W,10.66078
YDR395W,10.66581
YDR454C,10.67013
YDL147W,10.67022
YMR314W,10.67103
YDL095W,10.67349
YGR232W,10.67551
YGR010W,10.67821
YFL028C,10.67854
YOR260W,10.67942
YKL085W,10.68305
YPL160W,10.68692
YGL130W,10.68929
YEL015W,10.69293
YGR208W,10.69431
YGL124C,10.69987
YML100W,10.70544
YER120W,10.70806
YLR275W,10.71328
YDR304C,10.71441
YKR080W,10.71453
YNL113W,10.71585
YKL067W,10.71624
YML106W,10.71654
YMR194W,10.72003
YLR290C,10.72369
YJL085W,10.72595
YPL085W,10.73212
YOR209C,10.73345
YOR353C,10.73403
YGL082W,10.74114
YPL145C,10.7458
YPL131W,10.74887
YER007C-A,10.75048
YLR120C,10.75078
YIR036C,10.75245
YDR099W,10.75346
YLR133W,10.75407
Q0140,10.75564
YFR007W,10.75593
YLR113W,10.75775
YJL111W,10.76271
YBR189W,10.77493
YPL239W,10.77569
YBR109C,10.77866
YPR016C,10.78207
YER099C,10.78416
YNL200C,10.78584
YFR044C,10.78701
YER101C,10.79074
YDR498C,10.79086
YHR045W,10.79169
YOR122C,10.79289
YBL076C,10.7938
YHR163W,10.80011
YGL094C,10.80658
YBR164C,10.8123
YIL021W,10.81282
YFL045C,10.81288
YBR022W,10.81345
YJL167W,10.81348
YBR011C,10.81479
YLR389C,10.81782
YDR161W,10.82351
YIL138C,10.83505
YKL088W,10.83758
YIR008C,10.84034
YDR155C,10.84123
YPR181C,10.84255
YDR321W,10.84796
YNL259C,10.85089
YML017W,10.8519
YDR122W,10.85266
YOL038W,10.85379
YJL012C,10.8539
YDL190C,10.85515
YMR149W,10.85694
YLR385C,10.85979
YHR012W,10.86183
YBR119W,10.86389
YGL245W,10.87496
YLL018C,10.87614
YDR300C,10.87729
YBR079C,10.87869
YKL035W,10.88557
YGL195W,10.88779
YMR205C,10.89117
YDR141C,10.8967
YPR029C,10.90546
YDL145C,10.90617
YJL121C,10.90617
YDL112W,10.92396
YCR030C,10.9241
YKL179C,10.92668
YJR069C,10.9286
YHR068W,10.92922
YML028W,10.93117
YHR019C,10.93215
YFL038C,10.93375
YEL058W,10.93899
YNL247W,10.94037
YPR041W,10.94491
YER087C-B,10.94754
YFR052W,10.94959
YLR109W,10.952
YER127W,10.95427
YGR049W,10.95583
YOL040C,10.95787
YML121W,10.96041
YMR142C,10.96698
YOR283W,10.96753
YOR298C-A,10.97233
YJL217W,10.97764
YDL015C,10.98283
YBR281C,10.98327
YGL161C,10.98814
YKR088C,10.98953
YLR061W,10.99294
YPL037C,10.99861
YHR207C,11.00077
YMR125W,11.00099
YER136W,11.00507
YPL260W,11.01777
YDL051W,11.01809
YJL115W,11.02324
YAL011W,11.02378
YGL173C,11.03296
YPL001W,11.03352
YKL145W,11.03431
YOL008W,11.03538
YJR005W,11.04046
YDL135C,11.04459
YHR113W,11.04469
YMR120C,11.04669
YBL075C,11.04765
YNL049C,11.04965
YDR211W,11.06315
YML069W,11.07073
YMR139W,11.08058
YHR111W,11.08341
YER029C,11.08372
YPL225W,11.09858
YNL044W,11.09872
YGL208W,11.10457
YLR270W,11.10635
YOR124C,11.10773
YDR283C,11.11274
YML131W,11.11641
YFL037W,11.1166
YNL163C,11.11661
YLR420W,11.117
YCL009C,11.1269
YOL077C,11.12888
YLR060W,11.13082
YBR252W,11.13202
YPL252C,11.13584
YKR027W,11.14844
YDR484W,11.1629
YGR211W,11.16306
YHR107C,11.16475
YOR259C,11.17436
YBR278W,11.17632
YKL006C-A,11.18093
YLR429W,11.18358
YML101C,11.18944
YLR399C,11.19243
YLL050C,11.19584
YDR050C,11.20392
YDR539W,11.20509
YKL142W,11.21403
YKL212W,11.21444
YGR062C,11.22813
YNL264C,11.22866
YEL020C,11.2308
YNL293W,11.23562
YER154W,11.24346
YER131W,11.24376
YNL010W,11.24435
YMR061W,11.2487
YDL029W,11.25012
YDL130W,11.25339
YPL249C,11.25656
YHR181W,11.2598
YPR144C,11.26283
YPR175W,11.27133
YMR296C,11.27688
YPR036W,11.28159
YHL038C,11.2851
YOR112W,11.29009
YGR090W,11.29027
YIL142W,11.29332
YPR025C,11.29472
YGL252C,11.29622
YKL192C,11.30133
YLR199C,11.30142
YDR293C,11.30628
YOR184W,11.30785
YNL126W,11.31073
YGR262C,11.33697
YOL052C,11.33738
YML063W,11.33932
YDR093W,11.33992
YDL219W,11.34231
YDR434W,11.34652
YJR144W,11.34996
YBR088C,11.35734
YDL116W,11.35758
YLR357W,11.35811
YMR079W,11.35963
YNL064C,11.36085
YMR047C,11.36102
YPL222W,11.36195
YJL011C,11.36362
YFR053C,11.36504
YNR016C,11.36648
YGR253C,11.37627
YDR400W,11.37967
YLR373C,11.38027
YLR195C,11.38562
YOL097C,11.39561
YNL263C,11.3992
YGR119C,11.40436
YGL013C,11.40552
YDR476C,11.40781
YHR079C,11.40941
YKL207W,11.41606
YDR152W,11.42221
YJL031C,11.42914
YDL103C,11.43152
YPL116W,11.43975
YIL150C,11.44018
YEL019C,11.44441
YDR238C,11.44701
YMR276W,11.45909
YGL246C,11.46076
YCR090C,11.4633
YOR323C,11.46925
YHL021C,11.4706
YBL047C,11.47618
YDR429C,11.48031
YOR296W,11.48639
YLR044C,11.48787
YOR141C,11.49295
YKL080W,11.49703
YAR042W,11.4994
YOR271C,11.51467
YBL050W,11.51485
YJR088C,11.51948
YJL145W,11.52028
YDL195W,11.52598
YLR410W,11.53241
YIL110W,11.54445
YPL019C,11.54867
YCL029C,11.55317
YGR012W,11.55317
YBR056W,11.55803
YEL047C,11.55808
YKL094W,11.55955
YIL051C,11.56614
YPR178W,11.57076
YLR173W,11.57183
YER008C,11.57262
YER156C,11.58198
YGL115W,11.58636
YKL090W,11.59447
YDR404C,11.59972
YGR283C,11.60194
YMR235C,11.60326
YDL030W,11.60535
YDR174W,11.60634
YER177W,11.60862
YMR027W,11.61116
YML092C,11.61175
YBR234C,11.63384
YLR071C,11.63433
YNL243W,11.63456
YGR080W,11.63499
YDR191W,11.64116
YLR066W,11.65152
YDL040C,11.65568
YAL038W,11.65833
YHR198C,11.66985
YPR108W,11.67916
YBR288C,11.68449
YEL031W,11.69007
YGL224C,11.69093
YLR200W,11.69995
YJR016C,11.70581
YGL049C,11.70742
YHL034C,11.70867
YNL212W,11.71911
YPR001W,11.72459
YJR139C,11.72815
YPR127W,11.7284
YDR168W,11.73472
YPR131C,11.74337
YGL148W,11.74517
YLL041C,11.75251
YCL016C,11.76203
YOR281C,11.76545
YNL239W,11.77082
YOR132W,11.77743
YFL016C,11.78578
YLL048C,11.78972
YHR144C,11.79004
YJL076W,11.80682
YNR029C,11.80827
YHR063C,11.8103
YGR140W,11.81521
YDL168W,11.81746
YPL231W,11.81842
YHR072W,11.84861
YDL131W,11.85336
YER062C,11.85628
YGL019W,11.86816
YPR172W,11.89062
YML049C,11.89095
YKR077W,11.89125
YIR035C,11.89372
YGL048C,11.89429
YDL097C,11.90688
YMR278W,11.9103
YNR046W,11.91402
YBR034C,11.92795
YJL053W,11.93632
YPR147C,11.95278
YBL032W,11.96278
YKR038C,11.96353
YKL110C,11.96374
YPL255W,11.97125
YLR335W,11.97251
YEL011W,11.97424
YPL028W,11.97829
YPR040W,11.98958
YIL020C,12.00456
YKL060C,12.00931
YOR191W,12.01072
YPL211W,12.01221
YLR355C,12.01325
YBR042C,12.01363
YDL230W,12.0146
YGL012W,12.01839
YOR001W,12.02455
YPR073C,12.03034
YPL058C,12.03927
YMR178W,12.04009
YKR001C,12.04657
YDR127W,12.04712
YPL045W,12.04981
YGL001C,12.05255
YML079W,12.05446
YBR255W,12.05565
YBR080C,12.06021
YJL080C,12.06216
YBL023C,12.06381
YGR277C,12.07357
YDR044W,12.07477
YGR218W,12.07881
YER176W,12.09497
YKL182W,12.11169
YGR094W,12.11523
YAL039C,12.12004
YHR020W,12.12631
YNL287W,12.13962
YNL219C,12.13977
YHL011C,12.14178
YLR209C,12.14283
YIL062C,12.14799
YDR037W,12.148
YGR127W,12.15062
YFR032C-A,12.15185
YJR045C,12.15323
YDR226W,12.16954
YBR096W,12.17924
YNL106C,12.18434
YBR108W,12.18651
YOL064C,12.19155
YDR301W,12.19695
YER016W,12.20425
YOR362C,12.20566
YLR351C,12.21268
YLL012W,12.21394
YDR427W,12.2142
YGR037C,12.21684
YPL070W,12.22296
YKL160W,12.228
YML056C,12.23139
YPL184C,12.248
YOR250C,12.25326
YGR180C,12.25408
YOR155C,12.26143
YPL030W,12.27366
YNR020C,12.27666
YOR224C,12.28298
YAL012W,12.29129
YDR399W,12.30581
YPR069C,12.31156
YGL172W,12.31906
YDR363W,12.32295
YER073W,12.32655
YEL051W,12.34454
YJL060W,12.36504
YLR022C,12.36706
YHR025W,12.36992
YPR105C,12.37827
YEL029C,12.38076
YFR050C,12.38156
YKL012W,12.38438
YNL055C,12.38971
YFR051C,12.41926
YCL043C,12.42252
YNR027W,12.42534
YIL094C,12.42764
YDL117W,12.44444
YOR130C,12.44534
YAL017W,12.44671
YDR027C,12.45342
YLL038C,12.47554
YGR187C,12.47966
YDR517W,12.48892
YNL079C,12.49309
YPL125W,12.51675
YBR222C,12.54116
YGL202W,12.54655
YOR198C,12.56674
YNR019W,12.58414
YGL154C,12.59244
YDR478W,12.61476
YKL135C,12.61517
YPR060C,12.64567
YLL031C,12.64987
YJR142W,12.65023
YER012W,12.65587
YGL169W,12.66982
YOR149C,12.67075
YLR119W,12.69058
YBR082C,12.69142
YLR027C,12.70711
YKL213C,12.70842
YKL193C,12.70861
YLR405W,12.72039
YGR248W,12.72619
YKL041W,12.73617
YGR274C,12.74328
YGR007W,12.74722
YDL061C,12.74795
YGR240C,12.76639
YIL137C,12.7755
YGL200C,12.78276
YBR017C,12.79121
YJR134C,12.79557
YLR259C,12.79634
YKR074W,12.80323
YNL016W,12.80617
YPL113C,12.81842
YGR192C,12.82182
YBR169C,12.83376
YNL290W,12.84217
YOR270C,12.85242
YLR450W,12.86224
YDR210W,12.87072
YPL086C,12.88822
YIL116W,12.89804
YGR100W,12.90448
YML124C,12.91199
YFR024C-A,12.94046
YPL106C,12.95336
YKR026C,12.95723
YDR435C,12.97007
YLR364W,13.0255
YLR047C,13.04448
YHL030W,13.04864
YKL073W,13.05044
YPL144W,13.0546
YKL104C,13.05931
YLR231C,13.06259
YDL100C,13.06386
YBL107C,13.07335
YHR167W,13.08282
YIL156W-B,13.08541
YKL029C,13.08703
YJR117W,13.0954
YBL098W,13.09989
YDL217C,13.1
YJR040W,13.10723
YLR253W,13.11256
YPR139C,13.11432
YLR396C,13.12356
YJR083C,13.13694
YDR530C,13.15607
YOR131C,13.1663
YDL198C,13.17519
YDL182W,13.19205
YOL146W,13.19399
YBR196C,13.21671
YER003C,13.22207
YOL111C,13.23706
YGR204W,13.23866
YOR020C,13.25879
YIL068C,13.27621
YKR068C,13.27945
YNL274C,13.29081
YDL215C,13.32299
YDR332W,13.34553
YMR308C,13.36124
YMR267W,13.36336
YPL119C,13.37144
YDR291W,13.40704
YJL068C,13.41556
YOR244W,13.42561
YBR218C,13.42958
YDR368W,13.43642
YLR208W,13.44454
YLR100W,13.45197
YHR049W,13.46999
YKL211C,13.47844
YKL116C,13.48048
YMR304W,13.4847
YPR074C,13.48705
YGL196W,13.48858
YJR099W,13.49238
YKR043C,13.50461
YLR080W,13.54234
YIL109C,13.55003
YER071C,13.59843
YPL072W,13.60209
YDR098C,13.61224
YPR185W,13.61673
YBR239C,13.65307
YDR196C,13.66613
YMR092C,13.66792
YBR035C,13.67547
YGR031W,13.69077
YJR046W,13.69305
YDR007W,13.70359
YJL102W,13.70621
YEL038W,13.71963
YGL143C,13.76436
YHR026W,13.7834
YBR086C,13.81106
YKL018W,13.81144
YKL152C,13.87729
YBR249C,13.89003
YOR266W,13.89752
YDR061W,13.94144
YGL067W,13.94876
YER019W,13.98448
YFR033C,14.04122
YJR132W,14.04781
YGL026C,14.06506
YGR267C,14.07535
YBR065C,14.12023
YKL129C,14.12223
YNL304W,14.13864
YGL211W,14.19306
YOR221C,14.22742
YLR380W,14.22894
YGL018C,14.22977
YOL066C,14.29112
YDR354W,14.30955
YGL207W,14.31903
YDR235W,14.33836
YDL205C,14.34201
YAL009W,14.36493
YDR367W,14.37357
YIL108W,14.38852
YBR204C,14.38887
YML075C,14.43093
YKL024C,14.45668
YBR191W,14.45946
YBR254C,14.54729
YBL104C,14.5495
YBR025C,14.57004
YHR216W,14.58615
YOR166C,14.58697
YIL053W,14.61748
YDR067C,14.63582
YDR473C,14.66011
YLR179C,14.66186
YNL108C,14.66715
YPR183W,14.71367
YGR171C,14.73471
YMR208W,14.74268
YNL220W,14.835
YLL024C,14.86194
YKR046C,14.86319
YDL001W,14.87698
YHL003C,14.88273
YOR087W,14.9959
YOL031C,14.99991
YBR248C,15.06392
YCL050C,15.06681
YMR268C,15.08356
YCL040W,15.08832
YNL007C,15.22951
YNL076W,15.26019
YOL094C,15.30811
YAR019C,15.3262
YOR230W,15.36682
YBR282W,15.40136
YDR035W,15.41253
YKR004C,15.47628
YOL062C,15.48382
YOR136W,15.48951
YEL071W,15.50419
YIL074C,15.53671
YKL021C,15.54285
YHR200W,15.57782
YBR213W,15.60135
YBR061C,15.65437
YKL206C,15.68109
YDR159W,15.68612
YER133W,15.71097
YHR186C,15.72124
YPL263C,15.72281
YNL037C,15.82153
YHR187W,15.91062
YNL104C,15.93334
YPL208W,15.93647
YGL185C,15.94355
YHR174W,16.03265
YCL004W,16.04842
YIL118W,16.15512
YHR112C,16.1791
YLR065C,16.2035
YIL052C,16.21676
YER052C,16.27547
YCR012W,16.40995
YPR085C,16.42735
YNL073W,16.45004
YOR027W,16.4554
YHR208W,16.56488
YHR030C,16.61732
YMR186W,16.61994
YKL103C,16.62764
YJL124C,16.65126
YGL040C,16.65817
YDL077C,16.66906
YNL241C,16.67706
YPL123C,16.72007
YDL124W,16.75678
YER081W,16.76462
YKL064W,16.78843
YLR085C,16.81877
YCL028W,16.83092
YFL029C,16.89395
YNL281W,16.90227
YDR063W,16.94457
YBR053C,16.94681
YNL015W,17.00881
YGR234W,17.03765
YJL055W,17.04556
YER055C,17.05504
YGL037C,17.08543
YBR195C,17.10606
YCR011C,17.13311
YOR375C,17.25131
YPL065W,17.25274
YDR158W,17.29807
YHR073W,17.31485
YIL040W,17.3489
YAR008W,17.36833
YLL019C,17.45219
YDL165W,17.50824
YOR352W,17.65146
YDR214W,17.70981
YDL085C-A,17.81808
YGL253W,17.82053
YPR165W,17.83967
YOL159C-A,17.94854
YKL017C,17.94993
YHR104W,17.97931
YGL117W,18.02049
YER147C,18.06162
YLR304C,18.07519
YER152C,18.21563
YJR148W,18.26364
YBR272C,18.34728
YHR183W,18.57195
YJR025C,18.69971
YKL128C,18.75388
YHR087W,18.77019
YMR312W,18.78646
YLR216C,18.79548
YNL004W,18.9433
YPR145W,19.09483
YOR289W,19.10199
YLR378C,19.14226
YOR174W,19.17272
YHR077C,19.19953
YEL060C,19.28038
YOL086W-A,19.28765
YHR047C,19.36456
YPL242C,19.67361
YML085C,19.70218
YLR332W,19.71183
YCR079W,19.71688
YDR518W,19.73828
YNL257C,19.81006
YIL048W,19.85746
YOR175C,19.957
YBR256C,19.98865
YBR145W,20.00365
YLR370C,20.0222
YMR121C,20.06967
YAL005C,20.18394
YOL093W,20.18466
YLR354C,20.28838
YMR224C,20.40602
YNL288W,20.64593
YMR170C,20.7781
YPR174C,20.9559
YNL242W,21.08766
YBR257W,21.12416
YJR109C,21.19864
YDR171W,21.3966
YLR247C,21.42922
YNR034W,21.47143
YKL130C,21.51813
YDR451C,21.55598
YCR002C,21.69654
YHR179W,21.76759
YGL242C,21.88323
YKL007W,22.03358
YML130C,22.07795
YPR176C,22.84391
YNR035C,22.99924
YGL009C,23.07787
YER044C,23.20413
YDL183C,23.28992
YIR034C,23.62586
YLL026W,23.67922
YDR139C,23.91684
YHR029C,24.26686
YGR003W,24.44864
YDL022W,24.48329
YJL153C,24.5044
YOL032W,24.50841
YHR018C,24.89179
YOR210W,25.68179
YJL066C,26.85839
YJL034W,27.01159
YDR485C,27.03893
YGR278W,27.06708
YOR377W,27.17155
YBL013W,28.57783
YGR201C,28.62724
YDR284C,28.74126
YCR095C,29.09907
YGR179C,29.14357
YMR097C,29.40881
YJL171C,29.89559
YBL038W,30.41728
YGR043C,30.44811
YMR105C,30.48497
YLL029W,30.52024
YML036W,31.0989
YDR533C,31.16626
YMR132C,31.24939
YLR431C,31.97572
YER141W,32.49459
YGL180W,33.45261
YCR034W,34.04325
YLR303W,34.56455
YKL120W,34.82648
YBR037C,35.81544
YHR043C,35.87935
YLR170C,35.91759
YBR225W,35.99552
YMR090W,36.19569
YHR128W,36.56437
YHL017W,37.7482
YOR360C,39.41122
YMR071C,39.60603
YGR125W,40.64805
YGL039W,42.39801
YDL108W,42.72747
YDR047W,42.98102
YNL026W,43.93602
YNL160W,44.13544
YER069W,44.33238
YDR258C,44.7564
YKL218C,45.95864
YNL177C,46.40488
YER129W,47.05052
YPL092W,49.82249
YHR209W,50.5868
YEL017W,54.50198
YLR417W,56.35965
YNL208W,57.24809
YOL026C,58.25356
YKL124W,64.79749
YPL240C,64.97707
YOR058C,71.51939
YJR047C,77.74912
YFR015C,85.30212
YKR037C,92.55614
YDL082W,98.68473
YML031W,100.0
YGL156W,100.0
YOL058W,100.0
YGR256W,100.0
YLR344W,100.0
YGR254W,100.0
YER144C,100.0
YGR077C,100.0
YGR056W,100.0
YLR178C,100.0
YBR283C,100.0
YMR096W,100.0
YBR072W,100.0
YNR040W,100.0
YLR134W,100.0
YMR299C,100.0
YOL154W,100.0
YCL026C-B,100.0
YHR137W,100.0
YBR207W,100.0
YNL209W,100.0
YOL128C,100.0
YPL067C,100.0
YGR088W,100.0
YKL001C,100.0
YMR062C,100.0
YGR071C,100.0
YGR177C,100.0
YDL021W,100.0
YKL183W,100.0
YHR060W,100.0
YMR033W,100.0
YGR214W,100.0
YOR330C,100.0
YNL147W,100.0
YCL047C,100.0
YGL256W,100.0
YBR117C,100.0
YOR127W,100.0
YGL255W,100.0
YKL175W,100.0
YKL089W,100.0
YMR127C,100.0
YOL140W,100.0
Q0045,100.0
YGR199W,100.0
YER103W,100.0
YGL212W,100.0
YDL075W,100.0
YLR048W,100.0
YCL030C,100.0
YJL088W,100.0
YJL052W,100.0
YKL186C,100.0
YER175C,100.0
YJR009C,100.0
YLR135W,100.0
YMR169C,100.0
YDR487C,100.0
YGL136C,100.0
YEL027W,100.0
