Systematic Name,Protein Length
YJR151W-A,16
YDL247W-A,24
YBR191W-A,24
YDL133C-A,25
YDL184C,25
YOR302W,25
YAR035C-A,26
YMR013W-A,26
YOR335W-A,26
YHR073C-B,26
YOR161W-A,26
YPR160W-A,26
YNL144W-A,27
YBL039C-A,27
YJL136W-A,27
YHL015W-A,27
YJL077W-A,28
YFR012W-A,28
YGR174W-A,28
YCL054W-A,28
YGL007C-A,28
YLR149C-A,28
YMR182W-A,28
YBR131C-A,29
YDR524W-C,29
YMR242W-A,29
YHR022C-A,29
YER090C-A,29
YNL103W-A,29
YKL100W-A,29
YNR075C-A,30
YLR299C-A,30
YLL019W-A,30
YKL145W-A,30
YEL008C-A,30
YAL037C-A,30
YOL038C-A,31
YGR068W-A,31
YBR141W-A,31
YNR003W-A,32
YJL077W-B,32
YBL071C-B,32
YPL152W-A,32
YLR120W-A,33
YOR008W-B,33
YPR159C-A,33
YFL031C-A,33
YDR371C-A,34
YBR221W-A,34
YHR180C-B,34
YBR196C-B,34
YER138W-A,34
YBL107W-A,34
YLR399W-A,34
YDL025W-A,34
YMR315W-A,35
YMR272W-B,35
YOR314W-A,36
YDL232W,36
YML007C-A,36
YDR461W,36
YGL006W-A,36
YER053C-A,37
YMR272W-A,37
YGR204C-A,37
YDL114W-A,37
YLR163W-A,37
YDR510C-A,38
YLR264C-A,38
YDR118W-A,38
YJL127W-A,38
YKL156C-A,38
YNL145W,38
YLR466C-B,38
YBR296C-A,39
YBR223W-A,39
YDR524C-A,39
YKL106C-A,39
YBL100W-C,39
YHR032C-A,39
YJL052C-A,39
YLR364C-A,40
YNL097C-B,40
YCR024C-A,40
YDR003W-A,40
YCR038W-A,41
YMR046W-A,42
YBL108C-A,42
YGR122C-A,42
YLR159C-A,43
YLR154C-H,43
YEL017C-A,43
YLR156C-A,43
YLR157C-C,43
YDL159W-A,43
YJL047C-A,44
YLR286W-A,44
YOL155W-A,44
YHL048C-A,44
YDR320W-B,45
YJL222W-B,45
YDL240C-A,45
YIR018C-A,45
YMR158C-A,45
YGL188C-A,46
Q0092,46
YNL067W-B,46
YLR347W-A,46
YOL083C-A,46
YIL105W-A,46
YLR154W-F,46
YBR126W-B,47
YBR103C-A,47
YMR247W-A,47
YDR354C-A,47
YNL130C-A,48
Q0080,48
YER088W-B,48
YNL067W-A,48
YOR161C-C,48
YLR406C-A,49
YOR293C-A,49
YDR169C-A,49
YHR175W-A,49
YJR140W-A,49
YMR013C-A,49
YLR154C-G,49
YKL096C-B,49
YBL006W-A,49
YGL063C-A,49
YBR196C-A,49
YPR133W-A,50
Q0143,50
YOL019W-A,50
YDR194W-A,50
YKL162C-A,50
Q0297,51
YDR034W-B,51
YOR376W-A,51
YOL166W-A,51
YJL189W,51
YNL097W-A,51
YJL127C-B,52
YCR095W-A,52
YNL338W,52
YBR121C-A,52
YML054C-A,52
YBR056C-B,52
YHR086W-A,53
YEL032C-A,53
Q0017,53
YOR072W-B,53
YGL014C-A,53
YGR146C-A,53
YJL205C,53
YBR072C-A,53
YER175W-A,54
YLR157W-E,54
YBR200W-A,54
YIL046W-A,54
YER078W-A,54
YLR154W-B,54
YOR381W-A,55
YOR394C-A,55
YAR020C,55
YDR276C,55
YHR050W-A,56
YLL066W-B,56
YLR388W,56
YPR074W-A,56
YDL061C,56
YLR285C-A,56
YGL188C,57
YLR342W-A,57
YGR227C-A,57
YPL135C-A,57
YML100W-A,57
YHR052C-B,57
YHR054C-B,57
Q0142,58
YHR072W-A,58
YDR034C-A,58
YDL159C-B,58
YLL006W-A,58
YHR073W-A,58
YDL067C,59
YML081C-A,59
YBL039W-B,59
YHR032W-A,59
YMR251W-A,59
YFR032C-A,59
YGL041C-B,60
YNL070W,60
YHR180W-A,60
YOL164W-A,60
YMR256C,60
YHR055C,61
YOR045W,61
YAL016C-B,61
YHR053C,61
YOL052C-A,61
YPR170W-A,61
YLR154W-A,61
YOL097W-A,61
YDR464C-A,62
YFR010W-A,62
YMR230W-A,62
YLR146W-A,62
YLR162W-A,62
YPL271W,62
YNL277W-A,62
YPL038W-A,63
YLR402W,63
YCR108C,63
YOR182C,63
YOL013W-A,63
YLR287C-A,63
YFL041W-A,63
YEL050W-A,63
YNL146C-A,64
YMR307C-A,64
YMR175W-A,64
YMR105W-A,64
YHR052W-A,64
YLR262C-A,64
YBR182C-A,64
YHR054W-A,64
YBR162W-A,65
YEL020C-B,65
YPR002C-A,65
YCR102W-A,65
YOR231C-A,66
YGR183C,66
YBR056W-A,66
YDR119W-A,66
YDR246W-A,66
YBR230W-A,66
YOR032W-A,66
YGR240C-A,66
YDR524C-B,66
YBR201C-A,67
YLR154W-E,67
YDR182W-A,67
YGL041C,67
YHR212W-A,67
YLR264W,67
YPR036W-A,67
YIL134C-A,67
YOR167C,67
YBR126W-A,68
YPL189C-A,68
YLR412C-A,68
YOR011W-A,68
YDL085C-A,68
YPL096C-A,68
YMR174C,68
YOL077W-A,68
YML058W-A,68
YCR047W-A,68
YOR186C-A,69
YKL138C-A,69
YOR329W-A,69
YOR316C-A,69
YIL002W-A,69
YGR226C,69
YOR108C-A,69
YLL009C,69
YML129C,70
YPR108W-A,70
YKL183C-A,70
YOL085W-A,70
YIR021W-A,70
YHR143W-A,70
YOR210W,70
YML009C,70
YLR157W-D,70
YER023C-A,70
YHR007C-A,71
YER158W-A,71
YGR121W-A,71
YNR001W-A,72
YGR270C-A,72
YPR010C-A,72
YPR169W-A,72
YDR079C-A,72
YNL162W-A,72
YNL024C-A,72
YDR320C-A,72
YER039C-A,72
YNR032C-A,73
YCL005W-A,73
YBR298C-A,73
YJL026C-A,73
YGR035W-A,73
YMR194C-B,73
YHR199C-A,73
YGR291C,73
YER091C-A,73
YIL156W-B,73
YKL065W-A,73
YNL259C,73
YJL156W-A,73
YOR008C-A,74
YAR029W,74
YBR109W-A,74
YJL133C-A,74
YEL059C-A,74
YMR141W-A,74
YMR194C-A,74
YDR210W,75
YAL067W-A,75
YNL015W,75
YKL023C-A,75
YCR075W-A,75
YIL102C-A,75
YJL222W-A,75
YLR437C-A,75
YDL185C-A,75
YGL123C-A,76
Q0130,76
YOR304C-A,76
YGL260W,76
YLR222C-A,76
YMR001C-A,76
YKL165C-A,77
YHR213W-A,77
YOR073W-A,77
YGL258W-A,77
YFL017W-A,77
YDR139C,77
YGR105W,77
YHR001W-A,77
YOR192C-C,78
YLR395C,78
YCR020W-B,78
YLR325C,78
YJR107C-A,78
YPR145C-A,78
YKL068W-A,78
YBL068W-A,78
YCR081C-A,78
YDR015C,79
YBL008W-A,79
YDR379C-A,79
YMR175W,79
YCL048W-A,79
YDR525W-A,79
YDR461C-A,80
YMR324C,80
YIR020W-A,80
YDL160C-A,80
YOR034C-A,80
YBR058C-A,80
YGL194C-A,80
YDR086C,80
YPL222C-A,81
YDR406W-A,81
YHR131W-A,81
YBL071W-A,82
YHR021C,82
YDL022C-A,82
YOR072W-A,82
YER087C-B,82
YKL156W,82
YLR038C,83
YCL001W-B,84
YPR012W,84
YCR018C-A,84
YGR008C,84
YNR077C,84
YMR122W-A,84
YKL104W-A,84
YAL068W-A,84
YNL337W,84
YDL007C-A,85
YER074W-A,85
YNL042W-B,85
YJL062W-A,85
YNL138W-A,85
YDL181W,85
YDR183C-A,85
YFR009W-A,85
YPR170W-B,85
YJL020W-A,85
YLR363W-A,85
YBR085C-A,85
YER180C-A,85
YDL130W-A,86
YDR378C,86
YGL226C-A,86
YPR182W,86
YKL053C-A,86
YPR016W-A,86
YMR286W,86
YOR161W-B,86
YLR327C,86
YNL211C,86
YJL136C,87
YGL032C,87
YLR307C-A,87
YEL020W-A,87
YKR057W,87
YJR135W-A,87
YPL119C-A,87
YFR032C-B,87
YLR099W-A,87
YGR037C,87
YDR500C,88
YCR024C-B,88
YCR020C-A,88
YCR097W-A,88
YER019C-A,88
YLR185W,88
YBR076C-A,88
YKR095W-A,88
YKR075W-A,89
YDR374W-A,89
YIL021C-A,89
YLR438C-A,89
YDR363W-A,89
YOL159C-A,90
YOR020W-A,90
YOL086W-A,90
YLR379W-A,90
YHR079C-A,91
YDR250C,91
YNR037C,91
YGR161W-C,92
YJR094W-A,92
YPR043W,92
YGR169C-A,92
YDR424C,92
YKL096W-A,92
YPL183W-A,93
YPR052C,93
YHR005C-A,93
YDR070C,93
YER146W,93
YJL197C-A,93
YJR005C-A,93
YER048W-A,94
YAL064W,94
YFL010W-A,94
YOR159C,94
YJL015C,94
YPR160C-A,94
YBL029C-A,94
YJL166W,94
YIL058W,94
YDR016C,94
YBR233W-A,94
YJR010C-A,94
YFR034W-A,95
YDR241W,95
YGR236C,95
YDL045W-A,95
YBL026W,95
YPL250W-A,95
YAL063C-A,96
YDR322C-A,96
YMR030W-A,96
YOL013W-B,96
Q0032,96
YBR111W-A,96
YAR069C,97
YHR214C-D,97
YDR220C,97
YCL057C-A,97
YKL006C-A,97
YLL018C-A,98
YMR225C,98
YAR053W,98
YNR034W-A,98
YLR361C-A,98
YHR049C-A,98
YPL047W,99
YDR543C,99
YHR214C-E,99
YPL046C,99
YKL018C-A,99
YHR213W-B,99
YBR089C-A,99
YAR064W,99
YAR070C,99
YER188C-A,99
YIL008W,99
YGR025W,100
YDL016C,100
YPL249C-A,100
YIR020C,100
YPL102C,100
YLR444C,100
YDR355C,100
YOL035C,100
YDL163W,100
YJL150W,100
YML116W-A,100
YPL251W,100
YDR340W,100
YBR032W,100
YMR194W,100
YNL198C,100
YNL146W,100
YOR248W,100
YDR114C,100
YPR096C,100
YPL278C,100
YOR146W,101
YER137W-A,101
YLR366W,101
YOR318C,101
YGL042C,101
YMR320W,101
YGL204C,101
YLL020C,101
YFR052C-A,101
YDR377W,101
YOR121C,101
YGL149W,101
YIL102C,101
YBL108W,101
YKL102C,101
YLR346C,101
YGL052W,101
YOR170W,101
YPR092W,101
YGR206W,101
YKR047W,101
YLR252W,101
YEL014C,101
YDR510W,101
YPL056C,101
YLR147C,101
YLR230W,101
YHR125W,101
YDR112W,102
YPL261C,102
YGR063C,102
YLR465C,102
YMR316C-B,102
YGR242W,102
YBL096C,102
YAL031W-A,102
YPR126C,102
YAL045C,102
YJL188C,102
YEL059W,102
YOR277C,102
YCR050C,102
YIL086C,102
YOR300W,102
YBL071C,102
YOL118C,102
YJL022W,102
YMR326C,102
YMR254C,102
YPR203W,102
YNL300W,102
YDL158C,102
YNL086W,102
YAL066W,102
YFL065C,102
YML084W,102
YDR455C,102
YMR141C,102
YGL193C,103
YMR316C-A,103
YDL032W,103
YDR431W,103
YLR043C,103
YBL048W,103
YDL026W,103
YGR039W,103
YBR190W,103
YOL150C,103
YHR139C-A,103
YBR009C,103
YHR165W-A,103
YKL118W,103
YBL073W,103
YNL030W,103
YBL100C,104
YDR029W,104
YAL016C-A,104
YML058W,104
YOR235W,104
YBR174C,104
YOR072W,104
YKR032W,104
YBR144C,104
YBL001C,104
YIL014C-A,104
YCR001W,104
YDR048C,104
YAL069W,104
YLR322W,104
YNL296W,104
YJL032W,104
YDR281C,104
YGL239C,104
YJL144W,104
YJL007C,104
YGR209C,104
YMR244C-A,104
YEL030C-A,104
YMR321C,105
YDR278C,105
YBR268W,105
YER006C-A,105
YGR181W,105
YBR209W,105
YHR218W-A,105
YJL135W,105
YNL028W,105
YML108W,105
YDR203W,105
YFL015W-A,105
YOR293W,105
YJR085C,105
YBL112C,105
YIL054W,105
YML101C-A,105
YGL030W,105
YDR115W,105
YMR230W,105
YPL142C,105
YJL182C,105
YOR282W,106
YBL070C,106
YDL023C,106
YDL081C,106
YKR073C,106
YKL044W,106
YBL028C,106
YFL032W,106
YOR265W,106
YAR047C,106
YPR087W,106
YDL130W,106
YMR158W-B,106
YOR020C,106
YLR041W,106
YBR262C,106
YHR028W-A,106
YHR071C-A,106
YER107W-A,106
YHR141C,106
YOL039W,106
YNL162W,106
YOL050C,106
YNL043C,106
YDL011C,107
YIR023C-A,107
YPL143W,107
YDL009C,107
YPR094W,107
YLR217W,107
YER067C-A,107
YOR234C,107
YDR269C,107
YER058W,107
YCL046W,107
YDL012C,107
YER181C,107
YER088C-A,107
YJL119C,107
YJL120W,107
YGR051C,107
YOR024W,107
YLR236C,107
YGL182C,107
YBR206W,107
YEL073C,107
YGL109W,107
YNL244C,108
YPL080C,108
YMR031W-A,108
YLR202C,108
YHL046W-A,108
YNL184C,108
YLR053C,108
YOL131W,108
YLR140W,108
YJR034W,108
YGR269W,108
YJL199C,108
YJL009W,108
YDR467C,108
YOR343C,108
YGR027C,108
YLR296W,108
YGL074C,108
YML009C-A,108
YLR261C,108
YOR105W,108
YLL014W,108
YLR333C,108
YGR011W,108
YDL096C,108
YDR327W,108
YJR112W-A,109
YLR123C,109
YOR314W,109
YJR079W,109
YAL047W-A,109
YPR014C,109
YML099W-A,109
YER097W,109
Q0144,109
YER046W-A,109
YPR146C,109
YGR022C,109
YGR018C,109
YPR195C,109
YDR290W,109
YJR048W,109
YJL179W,109
YDL068W,109
YOR225W,109
YOR199W,109
YDL196W,109
YFL014W,109
YLR364W,109
YDL187C,109
YJR022W,109
YBL059C-A,109
YLR294C,109
YBR091C,109
YDR525W,109
YLR365W,110
YDR102C,110
YKL223W,110
YIR040C,110
YJR020W,110
YJR086W,110
YCL035C,110
YLR275W,110
YAR019W-A,110
YDR045C,110
YIL142C-A,110
YGR215W,110
YAL044W-A,110
YDR382W,110
YGL168W,110
YEL068C,110
YLR154C,110
YLR111W,110
YCR041W,110
YNL057W,110
YDR010C,110
YBL094C,110
YBR027C,110
YOR029W,111
YGR164W,111
YJL028W,111
YGL132W,111
YGR151C,111
YBL109W,111
YIR009W,111
YGL024W,111
YAR060C,111
YGR069W,111
YLR204W,111
YHR130C,111
YPR039W,111
YPR170C,111
YDR094W,111
YHR063W-A,111
YML031C-A,111
YCR060W,111
YDR079W,111
YEL003W,111
YMR153C-A,111
YKL137W,111
YHR087W,111
YKL111C,111
YHR212C,111
YDR133C,111
YDR521W,111
YHR173C,112
YIL020C-A,112
YLR415C,112
YKL177W,112
YEL074W,112
YOR379C,112
YER079C-A,112
YLR390W,112
YNL017C,112
YIL030W-A,112
YOL166C,112
YGR139W,112
YIL100C-A,112
YMR086C-A,112
YDL075W,113
YGL217C,113
YOR082C,113
YKL061W,113
YOL109W,113
YOR135C,113
YER133W-A,113
YOL160W,113
YPL098C,113
YOR053W,113
YOL085C,113
YLR282C,113
YAR030C,113
YJR082C,113
YLL030C,113
YGR219W,113
YOL026C,113
YLR406C,113
YCL058W-A,113
YEL039C,113
YIL012W,113
YLR159W,114
YFR035C,114
YGR228W,114
YHR039C-A,114
YOR068C,114
YCR022C,114
YPL205C,114
YLR161W,114
YHR138C,114
YDR286C,114
YLR156W,114
YDL034W,114
YBL065W,114
YLR124W,114
YLR428C,114
YLR200W,114
YDR381C-A,114
YER121W,114
YNL135C,114
YPR166C,115
YDR509W,115
YGL177W,115
YMR107W,115
YDR230W,115
YKL225W,115
YOR327C,115
YMR290W-A,115
YLR184W,115
YOR050C,115
YCL023C,115
YER076W-A,115
YNL147W,115
YPL035C,115
YLR311C,115
YEL053W-A,115
YLR232W,115
YNL303W,115
YPR020W,115
YHL045W,115
YGR176W,115
YJL202C,115
YNL122C,115
YGR035C,116
YBR051W,116
YDR008C,116
YJL067W,116
YLR280C,116
YMR304C-A,116
YLL065W,116
YLR269C,116
YJR087W,116
YAL056C-A,116
YOR345C,116
YOR189W,116
YCR045W-A,116
YDR154C,116
YOR102W,116
YEL010W,116
YJR120W,116
YJR162C,116
YKL084W,116
YBL078C,117
YOL037C,117
YFL019C,117
YML101C,117
YGR182C,117
YOL106W,117
YCR085W,117
YLR255C,117
YAL030W,117
YDL242W,117
YOR366W,117
YAL034C-B,117
YJR146W,117
YIL100W,117
YLR169W,117
YPR044C,117
YDL041W,117
YHL006W-A,117
YIL163C,117
YOR203W,117
YHR145C,118
YMR082C,118
YDL157C,118
YGR020C,118
YJL003W,118
YGR050C,118
YKL037W,118
YPR099C,118
YER165C-A,118
YDL162C,118
YAL046C,118
YIL032C,118
YLR162W,118
YJL215C,119
YBR124W,119
YPR038W,119
YIL165C,119
YCL042W,119
YJR128W,119
YGL189C,119
YCR096C,119
YJL152W,119
YER131W,119
YMR294W-A,119
YBR232C,119
YNR025C,119
YGL072C,119
YLR198C,119
YOR015W,119
YHL018W,120
YGR045C,120
YHR069C-A,120
YGR294W,120
YAL068C,120
YHL046C,120
YMR103C,120
YJR038C,120
YJR018W,120
YOL161C,120
YLR302C,120
YGL220W,120
YLL064C,120
YDL136W,120
YLR461W,120
YBR255C-A,120
YOL005C,120
YGL261C,120
YDL191W,120
YBR301W,120
YDR542W,120
YNR076W,120
YIL176C,120
YEL049W,120
YGL029W,120
YJR157W,120
YJL223C,120
YGL089C,120
YNL111C,120
YHL015W,121
YDR199W,121
YLR061W,121
YGR190C,121
YPL013C,121
YIL059C,121
YMR075C-A,121
YDR031W,121
YER056C-A,121
YDL152W,121
YBR253W,121
YML047W-A,121
YMR052C-A,121
YIR013C,121
YGL034C,121
YOL133W,121
YIL052C,121
YGL088W,121
YFL020C,122
YLR012C,122
YOR364W,122
YJL086C,122
YEL075C,122
YGL070C,122
YDR357C,122
YLR408C,122
YPL136W,122
YCL065W,122
YJL169W,122
YGR064W,122
YBL044W,122
YBR090C,122
YNL171C,122
YER189W,122
YMR123W,122
YJL173C,122
YML089C,122
YJR071W,122
YIL047C-A,122
YOR376W,122
YFR056C,122
YKL058W,122
YFL034C-A,122
YDL241W,123
YDL050C,123
YKL224C,123
YIL029W-A,123
YNL114C,123
YJL184W,123
YDR493W,123
YDR417C,123
YBR194W,123
YGR073C,123
YJR108W,123
YPR077C,123
YGL226W,123
YNL285W,123
YFR049W,123
YER119C-A,123
YDR271C,123
YMR057C,123
YBR292C,123
YIL115W-A,123
YPR177C,123
YDR274C,123
YDL071C,124
YLL025W,124
YLR379W,124
YMR119W-A,124
YBL053W,124
YIR041W,124
YLR295C,124
YPR076W,124
YFR036W,124
YOL014W,124
YGR137W,124
YMR122C,124
YFL012W-A,124
YMR325W,124
YLR037C,124
YHR193C-A,124
YBR178W,124
YKL053W,124
YIL025C,124
YCR104W,124
YLR154W-C,124
YLR122C,125
YML012C-A,125
YKL192C,125
YGL007W,125
YER009W,125
YLR331C,125
YCL021W-A,125
YLR062C,125
YKR012C,125
YER092W,125
YJR063W,125
YAL042C-A,125
YDR426C,125
YNL013C,125
YMR007W,126
YLR458W,126
YLR334C,126
YOR122C,126
YML122C,126
YOR309C,126
YBL062W,126
YCR097W,126
YDL118W,126
YKL123W,126
YEL026W,126
YEL008W,126
YER071C,126
YER172C-A,126
YER038W-A,126
YLL037W,126
YAL064W-B,126
YAL064C-A,126
YGL121C,126
YBR099C,127
YBR219C,127
YCR043C,127
YIR030W-A,127
YKL076C,127
YKL086W,127
YIL068W-A,127
YGL127C,127
YDR529C,127
YLR434C,127
YMR172C-A,127
YLL047W,127
YMR195W,127
YLR344W,127
YGR034W,127
YJR037W,127
YDR504C,127
YKL169C,127
YCR083W,127
YPL182C,127
YKR094C,128
YAL065C,128
YPR059C,128
YER084W,128
YML090W,128
YBR016W,128
YIL148W,128
YMR059W,128
YCR082W,128
Q0010,128
YMR193C-A,128
YOL134C,129
YBR013C,129
YIL141W,129
YHR162W,129
YGR114C,129
YLR279W,129
YLR374C,129
YMR306C-A,129
YGL191W,129
YLR297W,129
YNL149C,129
YNL153C,129
YPL238C,129
YER057C,129
YML057C-A,129
YLR171W,129
YER072W,129
YOR183W,129
YNL143C,130
YKL115C,130
YPR200C,130
YGL080W,130
YJL142C,130
YKL036C,130
YHL005C,130
YJL190C,130
YCL007C,130
YGL015C,130
YLR367W,130
YDR442W,130
YBL092W,130
YJR114W,130
YHR059W,130
YER135C,130
YOR139C,130
YOR103C,130
YDR053W,131
YNL269W,131
YKL138C,131
YHR132W-A,131
YBL002W,131
YNL170W,131
YMR112C,131
YDR224C,131
YLR104W,131
YLR101C,131
YNL324W,131
YJL077C,131
YKL003C,131
YJL064W,131
YNL276C,131
YPL185W,131
YBL003C,132
YHR093W,132
YDR366C,132
YDR225W,132
YML034C-A,132
YLR416C,132
YLR235C,132
YKL136W,132
YLR385C,132
YOR268C,132
YOR200W,132
YIL028W,132
YDR193W,132
YOL079W,132
YHL037C,133
YDR157W,133
YJL151C,133
YIR036W-A,133
YLR110C,133
YPL192C,133
YML094C-A,133
YBL018C,133
YKR083C,133
YIL156W-A,133
YBR134W,133
YHR191C,133
YJR023C,133
YDR511W,133
YLR437C,133
YKR049C,133
YBR277C,133
YBL012C,133
YOL012C,134
YPL062W,134
YBR230C,134
YNR005C,134
Q0182,134
YMR252C,134
YCL012C,134
YNR046W,135
YER074W,135
YIL069C,135
YOR263C,135
YEL009C-A,135
YPR130C,135
YDR445C,135
YNL150W,135
YCR028C-A,135
YDR482C,135
YDR519W,135
YDR095C,136
YNL031C,136
YER147C-A,136
YDR471W,136
YLR125W,136
YDR447C,136
YNL226W,136
YKL097C,136
YHR010W,136
YML024W,136
YBR226C,136
YHR070C-A,136
YBR010W,136
YCR025C,136
YGR265W,136
YPL250C,136
YCR064C,136
YPL197C,137
YER093C-A,137
YER117W,137
YCR031C,137
YKL167C,137
YKL031W,137
YDR215C,137
YOR012W,137
YPR050C,137
YBL087C,137
YDR156W,137
YGR230W,137
YGL087C,137
YDR209C,137
YJL075C,138
YJL027C,138
YBL049W,138
YBR269C,138
YJL191W,138
YGL054C,138
YKL006W,138
YKL170W,138
YMR292W,138
YHL001W,138
YOR333C,138
YIL040W,138
YOR218C,139
YLR112W,139
YEL033W,139
YNL266W,139
YOR285W,139
YPR064W,139
YNR022C,139
YBR012C,139
YPL114W,139
YJR044C,140
YBR167C,140
YPR063C,140
YPR100W,140
YNL205C,140
YDR437W,140
YAL059C-A,140
YGL108C,140
YLR076C,140
YDR308C,140
YBR188C,140
YDL123W,140
YPR153W,140
YDL062W,141
YBL083C,141
YKR033C,141
YEL045C,141
YER187W,141
YJR067C,141
YIL027C,141
YLR013W,141
YNR042W,142
YBR064W,142
YER159C,142
YDR544C,142
YNL113W,142
YNL105W,142
YBR210W,142
YBR258C,142
YOL040C,142
YGL102C,142
YOL127W,142
YLR245C,142
YIL004C,142
YIL029C,142
YOR369C,143
YNL235C,143
YMR143W,143
YPR017C,143
YOR041C,143
YLL050C,143
YNL081C,143
YER068C-A,143
YDL083C,143
YBL077W,143
YOL165C,143
YDR513W,143
YDR100W,143
YER046W,143
YPR082C,143
YBR285W,144
YIL060W,144
YBL021C,144
YDR360W,144
YPR123C,144
YNL302C,144
YOR055W,144
YDL086C-A,144
YIR015W,144
YCL056C,144
YLR317W,144
YHR056W-A,144
YOL121C,144
YOR186W,144
YIL051C,145
YKL160W,145
YGR118W,145
YGL118C,145
YBL025W,145
YAL026C-A,145
YNL179C,145
YMR074C,145
YMR151W,145
YER035W,145
YPR132W,145
YER145C-A,145
YGR074W,146
YDL092W,146
YNR004W,146
YGR243W,146
YGR259C,146
YOR224C,146
YBR282W,146
YNL319W,146
YDR397C,146
YDR433W,146
YML026C,146
YPL225W,146
YDR450W,146
YNL328C,146
YCR071C,146
YJL211C,147
YKL066W,147
YGR290W,147
YBR252W,147
YDR462W,147
YIL066W-A,147
YFR033C,147
YGL230C,147
YBR109C,147
YDR344C,147
YOR392W,147
YJR058C,147
YHR136C,148
YIR005W,148
YER150W,148
YGR203W,148
YBR173C,148
YER137C,148
YLL044W,148
YCR049C,148
YER044C,148
YMR148W,148
YBR082C,148
YPL144W,148
YDR059C,148
YHR051W,148
YFL012W,148
YHL041W,149
YLL052C,149
YGL103W,149
YDR252W,149
YDL121C,149
YJL104W,149
YGL106W,149
YNR010W,149
YGR107W,149
YOR286W,149
YDR063W,149
YJL220W,150
YLR218C,150
YOR052C,150
YBR135W,150
YBR266C,150
YIL171W-A,150
YER050C,150
YMR298W,150
YHL006C,150
YPL059W,150
YDL110C,150
YHL042W,150
YMR159C,150
YDL219W,150
YFR057W,151
YFL063W,151
YIL111W,151
YDR064W,151
YLR068W,151
YOR298C-A,151
YHR021W-A,151
YPR053C,151
YOL108C,151
YHR116W,151
YCL058C,152
YLR167W,152
YLL053C,152
YEL048C,152
YPL170W,152
YNL131W,152
YLR315W,153
YER014C-A,153
YEL028W,153
YOR382W,153
YER030W,153
YNL255C,153
YNL281W,153
YKL067W,153
YHL030W-A,153
YMR260C,153
YGR293C,153
YCR087C-A,153
YCL001W-A,153
YDR092W,153
YHL034W-A,153
YNL052W,153
YHR217C,153
YNR036C,153
YGL069C,154
YMR181C,154
YGL041W-A,154
YOR169C,154
YIL062C,154
YJR104C,154
YPR187W,155
YGL187C,155
YCR099C,155
YGL031C,155
YIL098C,155
YFR003C,155
YIL065C,155
YMR158W,155
YGR148C,155
YMR008C-A,155
YLR281C,155
YKR074W,155
YPL200W,156
YDR526C,156
YMR002W,156
YDR025W,156
YDL208W,156
YPL071C,156
YPR193C,156
YBR048W,156
YGL199C,156
YOR339C,156
YOR226C,156
YOR013W,156
YLR421C,156
YLR170C,156
YCR063W,157
YOR044W,157
YOR325W,157
YPL037C,157
YMR236W,157
YJR047C,157
YGR076C,157
YHR182C-A,157
YEL034W,157
YAR075W,157
YPR168W,157
YLR400W,157
YGR275W,157
YDL064W,157
YIL087C,157
YCR006C,157
YIL071W-A,158
YNL185C,158
YML009W-B,158
YNL089C,158
YDL125C,158
YJL143W,158
YPR062W,158
YGR030C,158
YDL172C,159
YML077W,159
YDR545C-A,159
YFL017C,159
YHR126C,159
YML030W,159
YIL016W,159
YEL027W,160
YNL339W-B,160
YPR204C-A,160
YER190C-B,160
YDL004W,160
YMR040W,160
YFL068W,160
YJL225W-A,160
YBL113W-A,160
YBR191W,160
YLL066W-A,160
YPL079W,160
YLR010C,160
YPL283W-B,160
YHL050W-A,160
YOR396C-A,160
YGR296C-B,160
YBR113W,160
YML133W-B,160
YIL177W-A,160
YFL051C,160
YLR467C-A,160
YHR219C-A,160
YEL077W-A,160
YLR466C-A,160
YLL067W-A,160
YLR042C,161
YPR073C,161
YPL073C,161
YNL120C,161
YJL096W,161
YLR050C,161
YER067W,161
YPR098C,161
YOR276W,161
YAR068W,161
YHR214W-A,161
YIL138C,161
YOR257W,161
YGL214W,161
YJL011C,161
YDR024W,161
YDR179C,162
YOR357C,162
YBR244W,162
YDR014W-A,162
YHL002C-A,162
YBR120C,162
YDR155C,162
YOL071W,162
YBR077C,162
YML094W,163
YIR037W,163
YGR031C-A,163
YOR150W,163
YDR491C,163
YOL099C,163
YPR188C,163
YHR180W,163
YKR020W,164
YJR055W,164
YFL015C,164
YPL234C,164
YIL057C,164
YHR095W,164
YCL041C,164
YOR394W,164
YPL282C,164
YPL135W,165
YBR300C,165
YGL259W,165
YPL187W,165
YPL034W,165
YDR418W,165
YDL008W,165
YDR201W,165
YEL054C,165
YMR022W,165
YER066C-A,166
YEL044W,166
YLR074C,166
YDR535C,166
YEL035C,166
YDR396W,166
YKL056C,167
YKL063C,167
YMR071C,167
YLL042C,167
YDL235C,167
YKL122C,167
YIR022W,167
YJL065C,167
YML098W,167
YKR040C,167
YKL026C,167
YLL059C,168
YLR164W,168
YPL223C,168
YNL157W,168
YLR349W,168
YPL108W,168
YLR008C,168
YCL033C,168
YDR073W,169
YOL163W,169
YFR026C,169
YJR115W,169
YKL070W,169
YCR046C,169
YOL143C,169
YKL153W,169
YDL094C,169
YDL177C,170
YHL043W,170
YJR017C,170
YAL044C,170
YPR136C,170
YFR011C,170
YGR174C,170
YER084W-A,170
YDR260C,170
YJL175W,170
YBR224W,171
YCL022C,171
YCR087W,171
YKL013C,171
YOL159C,171
YDR404C,171
YNL046W,172
YOR312C,172
YOL024W,172
YJL124C,172
YDR187C,172
YMR242C,172
YPL252C,172
YGL058W,172
YJR097W,172
YKL131W,173
YPL148C,173
YPR149W,173
YHR152W,173
YPR150W,173
YAL033W,173
YER085C,173
YNL133C,173
YDL046W,173
YGR273C,174
YFL064C,174
YHR193C,174
YNL310C,174
YGL010W,174
YPR102C,174
YGR131W,174
YGR085C,174
YKL016C,174
YDL120W,174
YLR193C,175
YPR101W,175
YCR040W,175
YDR163W,175
YCL066W,175
YOR097C,175
YFL067W,175
YBR047W,175
YKL190W,175
YDR469W,175
YBR254C,175
YBR116C,175
YGL222C,175
YGL262W,175
YJL122W,175
YBL091C-A,175
YLR448W,176
YML073C,176
YPR051W,176
YOR253W,176
YLR109W,176
YNL044W,176
YMR135W-A,177
YEL018C-A,177
YBR122C,177
YOL067C,177
YBR022W,177
YBL090W,177
YPL038W,177
YML011C,177
YMR035W,177
YJR025C,177
YMR042W,177
YLR370C,178
YOR252W,178
YML055W,178
YGL235W,178
YER134C,178
YNL245C,179
YMR009W,179
YBR137W,179
YLR021W,179
YLL049W,179
YDR540C,179
YEL066W,179
YAR023C,179
YDR185C,179
YJL161W,180
YKL069W,180
YPR028W,180
YBL006C,180
YBR062C,180
YAL055W,180
YER007C-A,181
YDL137W,181
YPL211W,181
YIL009C-A,181
YNL109W,181
YPR046W,181
YLR065C,181
YML036W,181
YDR441C,181
R0030W,181
YGL242C,181
YDL192W,181
YHR060W,181
YDR178W,181
YCR101C,182
YPL099C,182
YPL044C,182
YHR157W,182
YCR090C,182
YML078W,182
YLR339C,183
YLR463C,183
YER087C-A,183
YKR045C,183
YOR094W,183
YDL221W,183
YGR082W,183
YBR164C,183
YCR003W,183
YMR072W,183
YGR102C,183
YHR148W,183
YGR133W,183
YHR081W,184
YLR066W,184
YER042W,184
YJL177W,184
YOL129W,184
YKL180W,184
YKL186C,184
YKR007W,184
YGL018C,184
YHR100C,185
YOR148C,185
YER066W,185
YPR067W,185
YPL025C,185
YDL053C,185
YOR215C,185
YOR331C,185
YER034W,185
YNL301C,186
YBR217W,186
YOL120C,186
YLR031W,186
YNR024W,186
YDR401W,187
YDR512C,187
YML022W,187
YHR121W,187
YER112W,187
YDR454C,187
YPL021W,187
YPR142C,187
YPR197C,187
YIR017C,187
YLR358C,187
YGR049W,187
YER152W-A,188
YMR255W,188
YBR106W,188
YLR306W,188
YLR445W,188
YCL001W,188
YDL200C,188
YOR179C,188
YOR163W,188
YBR084C-A,189
YBL027W,189
YLR254C,189
YGR029W,189
YDR339C,189
YNL140C,189
YHR175W,189
YPL010W,189
YIL024C,189
YAL019W-A,189
YPL218W,190
YNL174W,190
YGR016W,190
YHR189W,190
YOR096W,190
YMR150C,190
YGL231C,190
YNL096C,190
YCR086W,190
YDR136C,190
YDR373W,190
YLR011W,191
YGR296C-A,191
YDR413C,191
YDR253C,191
YGL147C,191
YLR229C,191
YDR071C,191
YMR138W,191
YDL165W,191
YML133W-A,191
YPL283W-A,191
YNL339W-A,191
YER190C-A,191
YER115C,191
YNL067W,191
YER148W-A,192
YNL090W,192
YOR297C,192
YFR054C,192
YGL165C,192
YDL151C,193
YKR068C,193
YCL026C-A,193
YPL257W,193
YDR248C,193
YLR292C,193
YKL202W,193
YCL026C-B,193
YBL059W,193
YJL024C,194
YDR328C,194
YGL068W,194
YOL146W,194
YDL098C,194
YNL282W,195
YBR189W,195
YPR131C,195
YFR017C,195
YEL067C,195
YIR032C,195
YKR085C,195
YDR022C,196
YER029C,196
YDR453C,196
YML028W,196
YGR251W,196
YJL030W,196
YJL218W,196
YPR037C,196
YMR118C,196
YDR121W,196
YBL107C,196
YDR066C,196
YPL081W,197
YDL166C,197
YJR069C,197
YGL247W,197
YMR295C,197
YLR251W,197
YLR356W,197
YKR065C,197
YHL019W-A,197
YNL056W,197
YIL157C,197
YNL158W,198
YJL217W,198
YMR003W,198
YPL051W,198
YJR014W,198
YKL141W,198
YNL260C,198
YDR032C,198
YPL067C,198
YDR478W,198
YHR213W,198
YAL008W,198
YHR153C,198
YGR268C,198
YNL069C,198
YER012W,198
YMR184W,198
YLR009W,199
YIL133C,199
YBR264C,199
YIR017W-A,199
YGR078C,199
YNL079C,199
YBR089W,199
YDL082W,199
YIL164C,199
YNL214W,199
YNL208W,199
YMR142C,199
YDR084C,199
YBL072C,200
YLR073C,200
YPL239W,200
YDR042C,200
YER102W,200
YEL034C-A,200
YKL196C,200
YPR172W,200
YOR367W,200
YFR042W,200
YLR145W,201
YJR112W,201
YOL029C,201
YML079W,201
YMR263W,201
YKL030W,201
YLR179C,201
YMR073C,201
YBR278W,201
YDR537C,201
YDR002W,201
YOL114C,202
YGL047W,202
YDL135C,202
YJR102C,202
YLR462W,202
YFR012W,202
YKL001C,202
YGL200C,203
YOR294W,203
YKL214C,203
YGR160W,203
YDR041W,203
YMR264W,203
YNL203C,203
YER128W,203
YEL075W-A,203
YBR014C,203
YJL004C,203
YDL072C,203
YDL002C,203
YJR118C,203
YAR066W,203
YLR036C,203
YHR214W,203
YKL083W,204
YMR052W,204
YOR383C,204
YKR035W-A,204
YLR456W,204
YFR001W,204
YNL190W,204
YKL024C,204
YIL158W,204
YMR121C,204
YLR016C,204
YLR029C,204
YDR231C,205
YDR056C,205
YHR057C,205
YLR435W,205
YER094C,205
YHR089C,205
YIL089W,205
YKL147C,205
YJR073C,206
YPR151C,206
YBR171W,206
YOR387C,206
YNL222W,206
YMR245W,206
YIL127C,206
YKL065C,206
YFL038C,206
YDR167W,206
YGL258W,206
YAL003W,206
YPL229W,206
YJR012C,207
YOR016C,207
YOL008W,207
YDL217C,207
YFL046W,207
YPL041C,207
YPR107C,208
YMR132C,208
YDR487C,208
YER104W,208
YDR013W,208
YML001W,208
YBL057C,208
YPL178W,208
YCR027C,209
YPR165W,209
YPL267W,209
YIL113W,209
YJL170C,209
YJR133W,209
YDR003W,210
YGR081C,210
YML095C,210
YHR041C,210
YNR049C,210
YER079W,210
YBR052C,210
YOR089C,210
YCR039C,210
YOR247W,210
YCL067C,210
YBR067C,210
YDL212W,210
YFL010C,211
YMR269W,211
YMR182C,211
YKL159C,211
YER183C,211
YML012W,211
YBR201W,211
YBR071W,211
YGR146C,211
YOR236W,211
YPR071W,211
YKL144C,212
YAL059W,212
YHR110W,212
YNR014W,212
YML053C,212
YOL111C,212
YDR298C,212
YOR021C,213
YDL228C,213
YHR026W,213
YPL166W,213
YBR005W,213
YIL132C,213
YMR117C,213
YLR119W,213
YOR319W,213
YOL139C,213
YKR035C,213
YJL072C,213
YNL213C,214
YHR105W,214
YDR408C,214
YGL033W,214
YBR072W,214
YLR268W,214
YHR147C,214
YOR078W,214
YCR013C,215
YEL024W,215
YKL119C,215
YBL102W,215
YFL005W,215
YGR129W,215
YDR177W,215
YJL001W,215
YBR154C,215
YLR262C,215
YAL004W,215
YAL007C,215
YOL162W,215
YGL101W,215
YCR020C,215
YIL010W,215
YPR154W,215
YKL117W,216
YIR024C,216
YJR057W,216
YEL076C-A,216
YLR464W,216
YHR128W,216
YGL002W,216
YLR350W,216
YGL037C,216
YEL076C,216
YHR137C-A,216
YGL218W,216
YPL233W,216
YFR036W-A,216
YPL220W,217
YGL135W,217
YGR153W,217
YLR051C,217
YDR305C,217
YOR258W,217
YJL097W,217
YBR197C,217
YNL306W,217
YMR197C,217
YOR131C,218
YER063W,218
YGL079W,218
YDR236C,218
YEL012W,218
YJR074W,218
YLR363C,218
YDR246W,219
YJL118W,219
YNR061C,219
YDR302W,219
YJL038C,219
YLR293C,219
YGL183C,219
YAR002C-A,219
YKL142W,219
YBL040C,219
YOR064C,219
YLR178C,219
YIL007C,220
YBR066C,220
YLR221C,220
YOR185C,220
YOR202W,220
YNL093W,220
YBL093C,220
YPR113W,220
YNL110C,220
YPR174C,221
YDR140W,221
YDR367W,221
YMR077C,221
YJL140W,221
YLR075W,221
YER018C,221
YDR399W,221
YFR008W,221
YCR018C,221
YNL036W,221
YCR051W,222
YDR226W,222
YOL135C,222
YNR017W,222
YGL210W,222
YGR038W,222
YFL060C,222
YNL334C,222
YPL121C,222
YMR202W,222
YDL169C,223
YGR095C,223
YMR147W,223
YPL130W,223
YHL031C,223
YER031C,223
YDR078C,223
YBR193C,223
YMR222C,223
YDL139C,223
YMR095C,224
YLR040C,224
YKL041W,224
YJL037W,224
YOL046C,224
YNR018W,224
YMR161W,224
YDR067C,224
YDR007W,224
YKL087C,224
YDR476C,224
YDR468C,224
YFL061W,225
YDL213C,225
YER170W,225
YNL335W,225
YJR123W,225
YGR201C,225
YEL001C,225
YGL152C,225
YGL166W,225
YDL018C,225
YDR304C,225
YLR211C,226
YNL107W,226
YDR381W,226
YER139C,226
YML106W,226
YDR296W,226
YMR233W,226
YMR090W,227
YEL038W,227
YJL158C,227
YMR271C,227
YLR118C,227
YOR232W,228
YGR232W,228
YOR295W,228
YHR181W,228
YLR407W,228
YBR035C,228
YMR311C,229
YKL049C,229
YDL069C,229
YNL038W,229
YHR071W,229
YDR486C,229
YDR183W,230
YOR283W,230
YLL033W,230
YHR038W,230
YOL102C,230
YGR126W,230
YBR096W,230
YLR168C,230
YDR043C,231
YOL149W,231
YLR298C,231
YHR122W,231
YER004W,231
YEL072W,231
YER002W,231
YIL118W,231
YBR111C,231
YDL010W,231
YBL038W,232
YOR077W,232
YFR020W,232
YER163C,232
YOR111W,232
YDR391C,232
YBR261C,232
YDR020C,232
YKL002W,232
YLL060C,233
YGR271C-A,233
YJL148W,233
YJL195C,233
YPL002C,233
YEL057C,233
YOR125C,233
YGR235C,233
YOR332W,233
YHR008C,233
YGR167W,233
YER010C,234
YMR314W,234
YJL192C,234
YGL051W,234
YKR014C,234
YAR033W,234
YAR028W,234
YIR038C,234
YNL100W,234
YLR250W,234
YIL152W,235
YAR027W,235
YHL044W,235
YJR050W,235
YIL161W,235
YDR275W,235
YGL020C,235
YGL198W,235
YDR149C,235
YDR412W,235
Q0160,235
YOR214C,236
YBR181C,236
YKL033W-A,236
YDR162C,236
YJR099W,236
YKL009W,236
YIR042C,236
YOL147C,236
YJR056C,236
YPL090C,236
YNR057C,237
YHR185C,237
YBR070C,237
YMR134W,237
YOL110W,237
YFR043C,237
YDR533C,237
YMR322C,237
YGL053W,237
YMR188C,237
YOR391C,237
YPL280W,237
YGR024C,237
YJL121C,238
YMR156C,238
YLR390W-A,238
YNL099C,238
YBR256C,238
YPL213W,238
YBR242W,238
YHR013C,238
YJL063C,238
YOR126C,238
YDR383C,238
YDL059C,238
YPR202W,238
YFL031W,238
YER188W,239
YDR410C,239
YMR063W,239
YCR007C,239
YJR135C,239
YHR140W,239
YGR247W,239
YKL096W,239
YGR036C,239
YGR033C,239
YNL129W,240
YER148W,240
YPL199C,240
YNL178W,240
YOL142W,240
YLR326W,240
YLR025W,240
YPL077C,240
YDR196C,241
YBL041W,241
YGR136W,241
YPL024W,241
YLR411W,241
YGL250W,241
YNL010W,241
YPL065W,242
YOR358W,242
YOR305W,242
YLR376C,242
YGR057C,242
YDR538W,242
YIR014W,242
YGR075C,242
YHR049W,243
YHR127W,243
YOR284W,243
YGR267C,243
YKL154W,244
YLR301W,244
YPL198W,244
YER182W,244
YGL076C,244
YLR078C,244
YBR153W,244
YIR020C-B,244
YIR030C,244
YER174C,244
YER120W,244
YJR024C,244
YPL078C,244
YPL129W,244
YOL028C,245
YML064C,245
YIL139C,245
YBR107C,245
YIR018W,245
YJL055W,245
YPR016C,245
YPL027W,245
YGL098W,245
YNL200C,246
YHR044C,246
YOL032W,246
YHR043C,246
YAL049C,246
YGR195W,246
YKL130C,246
YKR091W,246
YDR174W,246
YNL024C,246
YJR113C,247
YPR015C,247
YCR004C,247
YLL038C,247
YGL061C,247
YCL076W,247
YKL152C,247
YGR001C,248
YML113W,248
YPL107W,248
YOR213C,248
YDR050C,248
YGR172C,248
YMR038C,249
YHR163W,249
YOL154W,249
YDL202W,249
YNR009W,249
YLL046C,249
YER039C,249
YLL027W,250
YCR076C,250
YKR041W,250
YLR022C,250
YDR098C,250
YER100W,250
YML092C,250
YPR143W,250
YIL053W,250
YKL099C,250
YIR001C,250
YLR052W,250
YER062C,250
YJL035C,250
YGL240W,250
YGR158C,250
YNL151C,251
YOR010C,251
YGR006W,251
Q0250,251
YLR126C,251
YOR289W,251
YGL011C,252
YJL066C,252
YLR186W,252
YPR158W,252
YGR214W,252
YLR048W,252
YLR093C,253
YIL049W,253
YLR312W-A,253
YKL207W,253
YPL159C,253
YPL124W,253
YNL148C,254
YGL123W,254
YER153C,254
YER011W,254
YOL038W,254
YLR194C,254
YFR031C-A,254
YIL018W,254
YLR165C,254
YOR004W,254
YIR035C,254
YFL045C,254
YLR441C,255
YGR248W,255
YMR157C,255
YNL314W,255
YBR157C,255
YML063W,255
YAL014C,255
YLL045C,256
YMR200W,256
YHR022C,256
YNR040W,256
YOR152C,256
YCL005W,256
YHL033C,256
YPR060C,256
YKL071W,256
YKL040C,256
YEL051W,256
YBL043W,257
YJL043W,257
YBL036C,257
YIL064W,257
YOR060C,257
YMR193W,258
YCR059C,258
YOR095C,258
YPL127C,258
YCL047C,258
YNL228W,258
YGR135W,258
YOR039W,258
YBR088C,258
YNL168C,259
YLR323C,259
YGR115C,259
Q0085,259
YCL010C,259
YAL009W,259
YCL068C,260
YGR253C,260
YCR075C,260
YPL163C,260
YLR201C,260
YPR167C,261
YGR262C,261
YDR428C,261
YOR157C,261
YHR167W,261
YDL087C,261
YHR203C,261
YNL195C,261
YGR207C,261
YJR145C,261
YBL064C,261
YJR011C,261
YER126C,261
YAL027W,261
YIL020C,261
YLR285W,261
YMR084W,262
YGR120C,262
YPL246C,262
YIR036C,263
YGR161C,263
YLR414C,263
YLR030W,263
YCL002C,263
YDR405W,263
YKR006C,264
YNL246W,264
YLR329W,264
YIL093C,264
YDR152W,265
YOR220W,265
YGL117W,265
YIR016W,265
YLR102C,265
YGR106C,265
YDL111C,265
YLR192C,265
YCR009C,265
YGL237C,265
YIL070C,266
YFR050C,266
YGL174W,266
YJR101W,266
YLL041C,266
YOR280C,266
YDL043C,266
YER180C,267
YFL013W-A,267
YPR183W,267
YEL021W,267
YEL019C,267
YKL206C,267
YER177W,267
YMR226C,267
YAL037W,267
YDL049C,268
YOR062C,268
YOR115C,268
YPR134W,268
YPR009W,268
YPL241C,268
YKL007W,268
YHR200W,268
YAL039C,269
YLR059C,269
YJR144W,269
YIL011W,269
YLR128W,269
Q0275,269
YKR034W,269
YGR220C,269
YHR134W,269
YNL108C,270
YLR046C,270
YBL095W,270
YNL210W,270
YNL050C,270
YNR020C,270
YHL049C,271
YJL178C,271
YKL208W,271
YGR042W,271
YJL210W,271
YOR180C,271
YGR280C,271
YKR043C,271
YOL009C,271
YGL154C,272
YLR243W,272
YDR262W,272
YGR152C,272
YNR068C,272
YMR312W,273
YKR030W,273
YGL050W,273
YNL312W,273
YPL196W,273
YDL086W,273
YLR064W,273
YML105C,273
YPL162C,273
YLR150W,273
YDR099W,273
YNL155W,274
YBR213W,274
YDR503C,274
YER116C,274
YDR319C,274
YPL094C,274
YGL085W,274
YFR052W,274
YDR272W,274
YLR412W,274
YOR145C,274
YMR178W,274
YLR271W,274
YKR060W,274
YDR429C,274
YOR278W,275
YDL051W,275
YAR008W,275
YDR384C,275
YCR047C,275
YJL174W,276
YGL096W,276
YER026C,276
YLR199C,276
YBR165W,277
YDL186W,277
YLR290C,277
YPR027C,277
YOL088C,277
YPR116W,277
YKL023W,277
YDR087C,278
YKL055C,278
YBR146W,278
YHR192W,278
YBR185C,278
YOR255W,278
YGL019W,278
YKL095W,278
YGR026W,278
YJR116W,279
YJL115W,279
YLR393W,279
YML014W,279
YGL005C,279
YNL289W,279
YLL023C,279
YEL018W,279
YBR257W,279
YPL076W,280
YLR284C,280
YML041C,280
YJL203W,280
YBL010C,280
YGL224C,280
YHR067W,280
YBR187W,280
YNL252C,281
YPL033C,281
YNL032W,281
YEL009C,281
YIL114C,281
YDR315C,281
YDL006W,281
YFR027W,281
YOR104W,282
YJR096W,282
YNR002C,282
YHR012W,282
YHR090C,282
YEL005C,282
YKR025W,282
YGL128C,283
YDR472W,283
YGR053C,283
YHR160C,283
YDR361C,283
YCR010C,283
YOR106W,283
YNL055C,283
YKR046C,283
YDL142C,283
YJR111C,283
YIL043C,284
YPL156C,284
YLR079W,284
YMR087W,284
YFL021C-A,284
YDR106W,284
YNL019C,284
YNL003C,284
YOR174W,284
YNL033W,284
YNL320W,284
YPL237W,285
YDR116C,285
YLR136C,285
YMR069W,285
YER083C,285
YNL286W,285
YLR404W,285
YIL050W,285
YOR040W,285
YLR338W,285
YMR043W,286
YOR281C,286
YDR313C,286
YDR337W,286
YML025C,286
YMR149W,286
YOR194C,286
YBR002C,286
YER023W,286
YDL201W,286
YFL034C-B,287
YBR011C,287
YGR132C,287
YIL034C,287
YJL160C,287
YPR103W,287
YGL057C,287
YGR147C,288
YOR036W,288
YGR239C,288
YGL221C,288
YOR362C,288
YPL117C,288
YJR155W,288
YPR093C,288
YGL232W,289
YDR284C,289
YFL028C,289
YNL159C,289
YAL034W-A,289
YFR032C,289
YOL080C,289
YGR205W,290
YNL075W,290
YIL082W,290
YOR385W,290
YLR132C,290
YNR064C,290
YPL232W,290
YGR021W,290
YCR016W,290
YML003W,290
YOR311C,290
YBR101C,290
YOR344C,291
YDL129W,291
YBR152W,291
YDR130C,291
YKR055W,291
YLR003C,291
YHR133C,291
YOL077C,291
YHR209W,291
YHR014W,291
YLR351C,291
YMR039C,292
YDR287W,292
YNL232W,292
YOR223W,292
YKL052C,292
YPL052W,292
YNL202W,292
YGR066C,292
YJR088C,292
YBL050W,292
YOR130C,292
YDR237W,292
YLR091W,293
YPL068C,293
YPR069C,293
YIL003W,293
YGR222W,293
YOL093W,293
YOL001W,293
YJL185C,293
YHR062C,293
YJL145W,294
YPR199C,294
YOR114W,294
YHR029C,294
YDR184C,294
YPR109W,294
YDL076C,294
YPR005C,294
YPL149W,294
YHL034C,294
YDR489W,294
YOR028C,295
YDR233C,295
YBR037C,295
YHR058C,295
YHR046C,295
YKR037C,295
YDR054C,295
YMR183C,295
YFR041C,295
YHR088W,295
YOR083W,295
YFR047C,295
YKL128C,295
YMR025W,295
YDL173W,295
YER142C,296
R0040C,296
YML112W,296
YIL076W,296
YBR147W,296
YGL044C,296
YIL124W,297
YMR099C,297
YMR096W,297
YPL173W,297
YGR017W,297
YCL031C,297
YER055C,297
YLR208W,297
YPL131W,297
YNL305C,297
YJR150C,298
YBR119W,298
YNL333W,298
YLR348C,298
YIL044C,298
YBR040W,298
YLL056C,298
YNL265C,298
YNL196C,298
YFL059W,298
YBR160W,298
YAR031W,298
YLR018C,299
YJL079C,299
YGL254W,299
YGL162W,299
YPR066W,299
YER175C,299
YBR291C,299
YJL068C,299
YNL156C,299
YLR172C,300
YLR146C,300
YGR044C,300
YER053C,300
YIL061C,300
YNL204C,300
YOR287C,300
YPL132W,300
YPR139C,300
YDL198C,300
YLR307W,301
YPL064C,301
YBR024W,301
YFL044C,301
YPR061C,301
YNL194C,301
YPL054W,301
YML052W,302
YDR446W,302
YER076C,302
YER106W,302
YMR130W,302
YKL150W,302
YOR228C,302
YBR231C,303
YNL006W,303
YDR288W,303
YDL052C,303
YER185W,303
YOL056W,303
YOR238W,303
YOR074C,304
YPL186C,304
YKR052C,304
YLR455W,304
YJR007W,304
YMR079W,304
YPR147C,304
YBR228W,304
YMR281W,304
YDR123C,304
YDL179W,304
YOR251C,304
YPL031C,305
YDR280W,305
YKR026C,305
YGR277C,305
YPR192W,305
YMR055C,306
YPL177C,306
YAR015W,306
YKL183W,306
YAL025C,306
YDL045C,306
YDR374C,306
YKR104W,306
YER186C,306
YFR004W,306
YDL108W,306
YOR222W,307
YDL119C,307
YPR058W,307
YBR085W,307
YHL013C,307
YBR251W,307
YNL072W,307
YGR104C,307
YJL126W,307
YML110C,307
YKR075C,307
YNR028W,308
YOL092W,308
YDR075W,308
YDL127W,308
YDL114W,308
YIL145C,309
YOR107W,309
YHR187W,309
YDL222C,309
YNL177C,309
YKL107W,309
YOR065W,309
YGR208W,309
YJR083C,309
YMR056C,309
YOR292C,309
YGR060W,309
YGL043W,309
YOR101W,309
YFR045W,309
YCL009C,309
YGR231C,310
YPL134C,310
YML121W,310
YNR007C,310
YMR267W,310
YHR199C,310
YGR284C,310
YDL015C,310
YGL161C,310
YBR061C,310
YDR068W,310
YOR279C,310
YJL196C,310
YKL091C,310
YDR090C,310
YBR039W,311
YGL146C,311
YML050W,311
YDL021W,311
YLR209C,311
YIL134W,311
YDL047W,311
YJR077C,311
YJL117W,311
YOR120W,312
YLR340W,312
YGR127W,312
YHR144C,312
YMR299C,312
YLR308W,312
YER133W,312
YOL096C,312
YML087C,312
YCL049C,312
YOL101C,312
YOR164C,312
YDR368W,312
YBR176W,312
YML125C,312
YEL029C,312
YDL124W,312
YFR034C,312
YDL236W,312
YNL322C,313
YGR282C,313
YKL110C,313
YOR006C,313
YOR079C,313
YMR206W,313
YMR262W,313
YKL094W,313
YNL063W,314
YJR021C,314
YMR241W,314
YKL216W,314
YLR283W,314
YIL106W,314
YNL263C,314
YDR336W,314
YGR096W,314
YHR061C,314
YJL133W,314
YPR114W,315
YMR274C,315
YPL157W,315
YBR175W,315
YHL026C,315
YCR073W-A,315
YGL212W,316
YCR100C,316
YBR183W,316
YKL019W,316
YNR054C,316
YCL059C,316
YPL039W,316
YBR151W,316
YDR492W,316
YGR062C,316
YHR142W,316
YNL058C,316
YDL218W,317
YMR310C,317
YOL002C,317
YGR213C,317
YPR013C,317
YDR352W,317
YLR205C,317
YNR027W,317
YCR015C,317
YPL087W,317
YMR048W,317
YNR003C,317
YNL315C,318
YCR069W,318
YOR288C,318
YBL030C,318
YIL021W,318
YIL117C,318
YPL266W,318
YOR158W,318
YER099C,318
YMR116C,319
YOR342C,319
YDR175C,319
YLR439W,319
YIR011C,319
YLR457C,319
YOR143C,319
YDR353W,319
YNL215W,320
YMR180C,320
YHL011C,320
YDL183C,320
YDR033W,320
YKR080W,320
YGL081W,320
YBR265W,320
YIL077C,320
YGL136C,320
YLR257W,321
YER037W,321
YHR198C,321
YHR195W,321
YDR460W,321
YLR242C,321
YPL206C,321
YDR347W,321
YBR290W,321
YCL050C,321
YNR034W,321
YLR316C,322
YJR095W,322
YGL115W,322
YKR022C,322
YOL073C,322
YNL002C,322
YNL098C,322
YNL284C,322
YLR220W,322
YCR002C,322
YNL025C,323
YOL094C,323
YDR480W,323
YGR007W,323
YJL006C,323
YKL120W,324
YAL037C-B,324
YLL062C,324
YBR211C,324
YDR124W,324
YPL273W,325
YHR143W,325
YJR070C,325
YDR530C,325
YJL180C,325
YKL163W,325
YPR176C,325
YDR151C,325
YAL018C,325
YNL217W,326
YGR144W,326
YBL068W,326
YML004C,326
YPR011C,326
YIL041W,326
YHR139C,326
YOR340C,326
YLR426W,326
YDR058C,326
YKL218C,326
YJR093C,327
YIL084C,327
YOR271C,327
YHR104W,327
YJL031C,327
YDL014W,327
YNR062C,327
YJR100C,327
YOR100C,327
YDL205C,327
YMR060C,327
YIL063C,327
YDR044W,328
YJR107W,328
YPR128C,328
YDL037C,328
YKR062W,328
YDR435C,328
YBR129C,328
YDL057W,328
YGL091C,328
YLR239C,328
YGR015C,328
YDL243C,329
YJL208C,329
YKL018W,329
YOR142W,329
YHR083W,329
YKR013W,329
YBR104W,329
YDR267C,330
YHL009C,330
YOR246C,330
YNL097C,330
YLR181C,330
YNL180C,331
YJL213W,331
YJR009C,332
YML019W,332
YGR080W,332
YPL055C,332
YHL025W,332
YCR021C,332
YGR192C,332
YJL052W,332
YPL111W,333
YER161C,333
YGR043C,333
YCR036W,333
YAL020C,333
YDR051C,334
YML107C,334
YKL085W,334
YER179W,334
YBR046C,334
YPL227C,334
YHR085W,334
YNL316C,334
YPL069C,335
YFR025C,335
YDR204W,335
YDL230W,335
YMR041C,335
YCL055W,335
YGR058W,335
YPR110C,335
YHR101C,335
YLR354C,335
YPL215W,335
YEL006W,335
YDR126W,336
YNL326C,336
YLR007W,336
YIL096C,336
YMR316W,336
YJL116C,337
YKL151C,337
YKR088C,337
YBR141C,337
YLR017W,337
YEL017W,337
YDR392W,337
YDR265W,337
YGL225W,337
YMR081C,338
YPR056W,338
YBR050C,338
YOR313C,338
YJL088W,338
YKL193C,338
YJR008W,338
YBL031W,338
YMR127C,338
YOR261C,338
YDR077W,338
YER156C,338
YKL093W,339
YPL244C,339
YDL209C,339
YGR084C,339
YJR129C,339
YGR086C,339
YOR061W,339
YLR026C,340
YNL332W,340
YDR400W,340
YJR105W,340
YLR151C,340
YHR156C,340
YFR055W,340
YDL244W,340
YNL290W,340
YML037C,340
YJR156C,340
YFL058W,340
YGR163W,341
YDL099W,341
YHR210C,341
YGR283C,341
YPR057W,341
YPL004C,341
YOL007C,341
YGL153W,341
YOR026W,341
YDR411C,341
YKL164C,341
YMR228W,341
YOL107W,342
YGL040C,342
YHR106W,342
YEL004W,342
YLR265C,342
YOL048C,342
YPL088W,342
YJR142W,342
YMR144W,342
YOL151W,342
YGR031W,342
YDL065C,342
YNR071C,342
YMR126C,342
YNR035C,342
YHR076W,343
YGR113W,343
YIR029W,343
YDL078C,343
YOR352W,343
YLR375W,343
YMR101C,343
YBR128C,344
YBR149W,344
YPR004C,344
YPL118W,344
YDL175C,344
YKR081C,344
YBR054W,344
YER016W,344
YHR034C,344
YDR541C,344
YLR097C,344
YGR165W,345
YDR372C,345
YLR372W,345
YGL138C,345
YOR091W,345
YBL033C,345
YPR127W,345
YGL175C,345
YGR180C,345
YPR086W,345
YKR087C,345
YLR447C,345
YOR075W,346
YML015C,346
YOR315W,346
YIL023C,346
YOR007C,346
YIL019W,346
YGR101W,346
YIL154C,346
YJR154W,346
YCL032W,346
YPR180W,347
YBR159W,347
YJR141W,347
YDR439W,347
YOR262W,347
YGL157W,347
YLR100W,347
YCR034W,347
YNL141W,347
YMR146C,347
YJL023C,347
YMR234W,348
YGL039W,348
YMR303C,348
YLR377C,348
YKR071C,348
YBR034C,348
YOL086C,348
YMR315W,349
YDR297W,349
YPR129W,349
YJR019C,349
YGL001C,349
YGL100W,349
YNL084C,349
YOR085W,350
YNL274C,350
YLR270W,350
YNL264C,350
YJR043C,350
YDR214W,350
YDR279W,350
YNL164C,351
YJR060W,351
YDL107W,351
YIL122W,351
YBR145W,351
YDR202C,351
YNL231C,351
YNL007C,352
YDL226C,352
YML067C,352
YKR070W,352
YJL167W,352
YML047C,352
YOL104C,352
YOR173W,353
YDR451C,353
YFR007W,353
YBL016W,353
YKR011C,353
YPL138C,353
YKL051W,353
YJR068W,353
YPL264C,353
YKL011C,353
YPL011C,353
YDL115C,353
YNL160W,354
YOR049C,354
YNL229C,354
YBR076W,354
YHR054C,354
YCL034W,354
Q0075,354
YBR087W,354
YDL100C,354
YDR173C,355
YBL074C,355
YKR100C,355
YMR244W,355
YLR287C,355
YLR070C,356
YOL047C,356
YGR154C,356
YDL144C,356
YJL131C,356
YPR040W,356
YOL064C,357
YHR025W,357
YER127W,357
YJR159W,357
YML119W,357
YDL246C,357
YKL098W,357
YHR002W,357
YCR044C,357
YNL187W,357
YNL191W,357
YPL015C,357
YJR147W,358
YPL152W,358
YBR053C,358
YGL211W,359
YKL060C,359
YLR246W,359
YHR069C,359
YJR139C,359
YML021C,359
YPR075C,360
YLR215C,360
YIL079C,360
YMR318C,360
YJR094C,360
YCL064C,360
YOR221C,360
YPL191C,360
YNL037C,360
YGR048W,361
YFR046C,361
YKR066C,361
YJR153W,361
YCR105W,361
YDR494W,361
YDL055C,361
YCR095C,362
YLR160C,362
YLR158C,362
YBR031W,362
YLR155C,362
YGR028W,362
YDR012W,362
YDR047W,362
YBR105C,362
YDR414C,362
YLR157C,362
YCR107W,363
YPL096W,363
YKR077W,363
YFR018C,363
YLR141W,363
YCR019W,363
YIR021W,363
YOR338W,363
YKL042W,363
YOL042W,363
YBR065C,364
YCL018W,364
YIR026C,364
YLR420W,364
YPL236C,364
YMR152W,365
YIL083C,365
YDR273W,365
YER107C,365
YDR158W,365
YML131W,365
YDR065W,365
YKR042W,365
YLR063W,365
YMR270C,365
YLR056W,365
YBR221C,366
YMR251W,366
YGR257C,366
YMR028W,366
YBR018C,366
YBR057C,366
YNL173C,366
YHR097C,366
YKL043W,366
YOR037W,366
YNL080C,366
YHR040W,366
YMR097C,367
YER118C,367
YLR137W,367
YDR322W,367
YKL114C,367
YDR531W,367
YOL010W,367
YLR405W,367
YPL209C,367
YFL029C,368
YMR166C,368
YNR032W,368
YGR040W,368
YIR025W,368
YBL081W,368
YGR173W,368
YPR191W,368
YMR114C,368
YPR065W,368
YCR102C,368
YDR318W,368
YGR052W,369
YGL248W,369
YAL036C,369
YDL134C,369
YPL018W,369
YLR224W,369
YML066C,369
YOR136W,369
YKR076W,370
YGR079W,370
YPR035W,370
YDR035W,370
YMR139W,370
YGL159W,370
YDR191W,370
YDR438W,370
YGL063W,370
YBR249C,370
YOR242C,371
YNL005C,371
YIL094C,371
YMR201C,371
YLR216C,371
YPR078C,372
YIL035C,372
YDL211C,372
YNR041C,372
YDR517W,372
YMR294W,373
YNL288W,373
YMR191W,373
YDR249C,373
YIL006W,373
YPL165C,373
YIR034C,373
YDR113C,373
R0020C,373
YMR276W,373
YNR075W,374
YDR415C,374
YDR459C,374
YMR289W,374
YPL001W,374
YFL039C,375
YDL193W,375
YOL128C,375
YOR390W,375
YGR286C,375
YNL307C,375
YDR142C,375
YMR083W,375
YBR204C,375
YDR171W,375
YPL279C,375
YBL029W,376
YNL331C,376
YGL105W,376
YHR052W,376
YGL255W,376
YJR148W,376
YGL155W,376
YMR030W,376
YOR388C,376
YLR460C,376
YLR332W,376
YGR168C,376
YGL148W,376
YOR193W,376
YML060W,376
YBR161W,376
YNL134C,376
YOL126C,377
YIL110W,377
YMR214W,377
YKR004C,377
YBR192W,377
YDL188C,377
YLR105C,377
YOR008C,378
YNR074C,378
YOL003C,378
YHR112C,378
YML132W,379
YAL032C,379
YFL062W,379
YBR302C,379
YDR268W,379
YJL053W,379
YGL185C,379
YHR063C,379
YNL230C,379
YGR109C,380
YJL137C,380
YOL043C,380
YCL016C,380
YPL203W,380
YGL263W,380
YBR026C,380
YDR354W,380
YGL126W,380
YPR140W,381
YHL048W,381
YDR321W,381
YNL336W,381
YGL082W,381
YLR291C,381
YPL193W,381
YGR295C,381
YPL014W,381
YLL039C,381
YBL032W,381
YPR079W,381
YPL057C,382
YOL116W,382
YGL256W,382
YDR088C,382
YLR180W,382
YGL209W,382
YKL113C,382
YJL147C,382
YAL060W,382
YDR309C,383
YML008C,383
YDR259C,383
YOL044W,383
YDR498C,383
YJL108C,383
YDL248W,383
YJR161C,383
YJL125C,383
YNR015W,384
YBR234C,384
YOL065C,384
YMR272C,384
YHR129C,384
YGL067W,384
YDR502C,384
YGR046W,385
YHR017W,385
YLL022C,385
Q0105,385
YCL008C,385
YDR532C,385
YML027W,385
YJR072C,385
YFL030W,385
YPL255W,385
YBR155W,385
YIL116W,385
YDL168W,386
YGR279C,386
YLR191W,386
YKR038C,386
YNL001W,386
YOR084W,387
YBR246W,387
YHR068W,387
YGL075C,387
YJL107C,387
YGL246C,387
YDR161W,387
YEL046C,387
YGR072W,387
YMR203W,387
YOR063W,387
YLR244C,387
YMR005W,388
YPR054W,388
YDR197W,389
YNL035C,389
YMR305C,389
YGR112W,389
YDL237W,390
YMR024W,390
YPL230W,391
YDL022W,391
YHR123W,391
YDL029W,391
YER048C,391
YCR094W,391
YML062C,392
YLR449W,392
YKL080W,392
YDR083W,392
YKL077W,392
YFL066C,392
YLR082C,392
YBR125C,393
YNR048W,393
YLR418C,393
YIL153W,393
YJR032W,393
YGR012W,393
YDL204W,393
YEL050C,393
YHR208W,393
YDR427W,393
YIL136W,393
YNL130C,393
YPR025C,393
YML018C,393
YOR176W,393
YOR099W,393
YBR267W,393
YDR245W,393
YLR099C,394
YBR025C,394
YER028C,394
YIL042C,394
YPL112C,394
YJR080C,394
YCR035C,394
YGR187C,394
YGR185C,394
YHL004W,394
YMR173W-A,394
YAL012W,394
YLR459W,394
YLR355C,395
YLR226W,395
YOR057W,395
YGR010W,395
YJL138C,395
YLR453C,395
YPL050C,395
YKR059W,395
YOL053W,395
YDR005C,395
YOR184W,395
YJL048C,396
YNL042W,396
YDR018C,396
YNR043W,396
YGL181W,396
YOL052C,396
YJR075W,396
YJL171C,396
YPL113C,396
YMR017W,397
YOL136C,397
YOL018C,397
YJL164C,397
YGL213C,397
YBR042C,397
YLR019W,397
YGL025C,397
YHR201C,397
YHL022C,398
Q0140,398
YKL166C,398
YPL028W,398
YLR312C,398
YEL037C,398
YAL015C,399
YKL189W,399
YGR234W,399
YDR021W,399
YMR026C,399
YJL026W,399
YHR179W,400
YGR111W,400
YGR005C,400
YHR075C,400
YDR019C,400
YGL243W,400
YNL092W,400
YPL171C,400
YER095W,400
YOR368W,401
YBL013W,401
YEL056W,401
YLR328W,401
YNL254C,401
YPR023C,401
YKL004W,401
YJL193W,402
YER154W,402
YDL105W,402
YGR122W,402
YKL162C,402
YNL292W,403
YNL051W,403
YKL195W,403
YML048W,403
YNL175C,403
YJR013W,403
YAR073W,403
YBR205W,404
YJR149W,404
YPR201W,404
YLR107W,404
YBR063C,404
YGR169C,404
YHL020C,404
YNR021W,404
YKR053C,404
YER145C,404
YPR041W,405
YHL014C,405
YAL013W,405
YMR010W,405
YGL048C,405
YPL154C,405
YKL149C,405
YCL028W,405
YPR124W,406
YOL054W,406
YDR076W,406
YKR092C,406
YGR179C,406
YNL165W,406
YKL219W,407
YNL181W,407
YLR225C,407
YIL119C,407
YMR235C,407
YHR107C,407
YNL078W,407
YDL104C,407
YJL059W,408
YJR125C,408
YER044C-A,408
YLR380W,408
YOL022C,408
YIR008C,409
YDR289C,409
YDR423C,409
YJL134W,409
YNL064C,409
YNL152W,409
YOR134W,409
YJL046W,409
YGR193C,410
YGR142W,410
YPR133C,410
YBR036C,410
YOR303W,411
YOR042W,411
YDR331W,411
YHL003C,411
YDL128W,411
YDR153C,411
YML074C,411
YPR118W,411
YGR210C,411
YLR174W,412
YOR201C,412
YOR051C,412
YOL083W,412
YLL057C,412
YDR465C,412
YKL081W,412
YGL143C,413
YAL034C,413
YJL159W,413
YBR233W,413
YGL170C,413
YBR168W,413
YPL060W,413
YDR317W,414
YDR282C,414
YOR196C,414
YNL323W,414
YDR432W,414
YMR253C,414
YPL188W,414
YGR159C,414
YOL082W,415
YNL248C,415
YGL208W,415
YDR222W,415
Q0060,415
YPL048W,415
YJR076C,415
YAL042W,415
YIL033C,416
YHR115C,416
YMR067C,416
YCR012W,416
YCL052C,416
YPL202C,416
YIL160C,417
YDL033C,417
YAL061W,417
YGL004C,417
YKR048C,417
YER027C,417
YMR021C,417
YNL304W,417
YGL223C,417
YCL044C,417
YLR423C,417
YOR245C,418
YKL008C,418
YKR051W,418
YLR027C,418
YBL055C,418
YML083C,418
YBR271W,419
YNL009W,420
YOL058W,420
YER149C,420
YDL027C,420
YMR204C,420
YNL066W,420
YER178W,420
YER059W,420
YNL309W,420
YJR136C,421
YGL090W,421
YOL031C,421
YDR255C,421
YBL091C,421
YBR195C,422
YDL150W,422
YJL183W,422
YLR213C,422
YLR130C,422
YNL253W,422
YDR528W,423
YHR033W,423
YJR084W,423
YBL058W,423
YJL036W,423
YML080W,423
Q0110,423
YDR218C,423
R0010W,423
YOR212W,423
YCL063W,423
YOL140W,423
YOR266W,423
YGR202C,424
YGR263C,424
YLR438W,424
YIL103W,425
YBR130C,425
YKR061W,425
YGR156W,425
YNL136W,425
YNL207W,425
YGL169W,426
YNL234W,426
YLL006W,426
YMR068W,426
YLR321C,426
YAR003W,426
YCL011C,427
YLL010C,427
YMR113W,427
YKL172W,427
YDL155W,427
YKL181W,427
YBR287W,427
YGR244C,427
YDR300C,428
YMR133W,428
YER143W,428
YLR049C,428
YGL196W,428
YDL182W,428
YDR394W,428
YJL139C,428
YOR274W,428
YDL066W,428
YNR029C,429
YOR209C,429
YBR078W,429
YER003C,429
YHR003C,429
YPR108W,429
YPR186C,429
YBL069W,429
YPL168W,430
YBR095C,430
YDR192C,430
YER101C,430
YDL001W,430
YKL132C,430
YHR132C,430
YDR263C,430
YEL002C,430
YOR264W,430
YMR173W,430
YIL022W,431
YIR012W,431
YMR187C,431
YHR169W,431
YFL026W,431
YDL005C,431
YDL090C,431
YMR085W,432
YHR176W,432
YOR197W,432
YGR149W,432
YIR004W,432
YLR387C,432
YOL097C,432
YNR052C,433
YBR004C,433
YGL134W,433
YNL220W,433
YNL330C,433
YOL124C,433
YNL188W,433
YLR446W,433
YKL161C,433
YGR285C,433
YDR277C,433
YCL037C,434
YOR032C,434
YNL128W,434
YPL145C,434
YDR448W,434
YOR237W,434
YMR034C,434
YOR117W,434
YKL082C,434
YDL097C,434
YPL123C,434
YLR113W,435
YML051W,435
YOR301W,435
YMR091C,435
YPR120C,435
YHR118C,435
YAR018C,435
YPR148C,435
YOR110W,435
YNR066C,436
YPR163C,436
YIL135C,436
YLR203C,436
YBR273C,436
YBR236C,436
YMR240C,436
YLL002W,436
YMR323W,437
YHR174W,437
YOR393W,437
YOR230W,437
YOR259C,437
YOR187W,437
YDL133W,437
YDL007W,437
YBR143C,437
YPR173C,437
YPL281C,437
YHR001W,437
YGR254W,437
YNL280C,438
YLR085C,438
YLR360W,439
YOR316C,439
YDR527W,439
YGR252W,439
YDL131W,440
YHR111W,440
YDL216C,440
YDR449C,440
YOL059W,440
YCL029C,440
YDL044C,440
YGL164C,440
YDR329C,441
YMR062C,441
YKL059C,441
YBL046W,441
YFL001W,442
YDR483W,442
YER061C,442
YCR079W,442
YMR243C,442
YDR370C,442
YML038C,442
YPR106W,443
YKL090W,443
YER130C,443
YKR044W,443
YMR208W,443
YPR085C,443
YER152C,443
YLR080W,444
YHR190W,444
YLR303W,444
YNL011C,444
YMR268C,444
YDR165W,444
YDR055W,444
YOR047C,444
YJL060W,444
YIL071C,444
YOR250C,445
YOR244W,445
YBR279W,445
YOR190W,445
YDL147W,445
YGR110W,445
YML124C,445
YFL048C,445
YPL053C,446
YHR004C,446
YFR014C,446
YHR011W,446
YNR050C,446
YPL133C,446
YDL084W,446
YOL016C,447
YOR025W,447
YDR515W,447
YML085C,447
YKL027W,447
YFR005C,448
YLR443W,448
YER119C,448
YBR243C,448
YGR223C,448
YLR300W,448
YKR003W,448
YNL166C,448
YJR124C,448
YJR065C,449
YKL046C,449
YMR210W,449
YER043C,449
YBR110W,449
YER020W,449
YOR155C,450
YKL075C,450
YGL129C,450
YOR059C,450
YJL049W,450
YBR240C,450
YMR220W,451
YML097C,451
YER136W,451
YPL151C,451
YKL106W,451
YOL069W,451
YBR177C,451
YHL002W,452
YJL155C,452
YGL194C,452
YGL215W,452
YBR182C,452
YPL175W,452
YPL049C,452
YNL074C,452
YBR166C,452
YDR312W,453
YOR307C,453
YLR231C,453
YJR078W,453
YLR431C,453
YDR125C,453
YKL108W,453
YJR117W,453
YNL016W,453
YHR177W,453
YDR229W,453
YHR066W,453
YDL161W,454
YNL239W,454
YPL245W,454
YOR375C,454
YNL004W,454
YPR125W,454
YDL091C,455
YBR162C,455
YLR195C,455
YPL146C,455
YMR135C,455
YOL072W,455
YDR364C,455
YNL206C,455
YDR363W,456
YNL040W,456
YPL101W,456
YDR375C,456
YDR393W,456
YPR084W,456
YPL095C,456
YOR323C,456
YGR249W,456
YBR029C,457
YBL045C,457
YAL062W,457
YFL037W,457
YMR209C,457
YJR062C,457
YDL189W,457
YOR166C,458
YJL044C,458
YCL069W,458
YDL233W,458
YPR080W,458
YBR118W,458
YMR238W,458
YBL082C,458
YDR254W,458
YPL092W,458
YGL219C,459
YOL041C,459
YFR024C-A,459
YOR056C,459
YNL237W,459
YGL130W,459
YBL089W,459
YLR090W,459
YOR272W,460
YDR004W,460
YLR210W,460
YCR005C,460
YIR027C,460
YBL098W,460
YPL139C,460
YLR005W,461
YMR265C,461
YPL201C,461
YDR247W,461
YKL194C,462
YMR111C,462
YLR163C,462
YGR004W,462
YPL172C,462
YDR023W,462
YDL036C,462
YPL003W,462
YML005W,462
YHR018C,463
YGL111W,463
YKL143W,463
YDR179W-A,463
YCL048W,463
YDR190C,463
YDR148C,463
YKL133C,463
YER089C,464
YML068W,464
YMR293C,464
YBR199W,464
YOR177C,464
YOR123C,464
YER038C,464
YNL317W,465
YDR219C,465
YBR207W,465
YHR146W,465
YHL021C,465
YPR178W,465
YGL184C,465
YFL052W,465
YPR152C,465
YBL086C,466
YKL184W,466
YPL083C,467
YMR033W,467
YGR141W,467
YAR071W,467
YPR157W,467
YKL145W,467
YDR223W,467
YOR229W,467
YHR215W,467
YEL040W,467
YBR092C,467
YBR093C,467
YDL024C,468
YKL021C,468
YBR297W,468
YML102W,468
YGR212W,468
YHR016C,468
YBL056W,468
YPL103C,468
YIL074C,469
YER081W,469
YJL146W,469
YDR473C,469
YPR047W,469
YLR058C,469
YPR068C,470
YOR198C,470
YOR334W,470
YMR027W,470
YPR045C,470
YKL178C,470
YPR196W,470
YEL047C,470
YGR108W,471
YMR223W,471
YML032C,471
YDR316W,471
YMR239C,471
YOL132W,471
YPL235W,471
YGR019W,471
YHR036W,471
YNR026C,471
YHR005C,472
Q0255,472
YGL172W,472
YIL039W,473
YDR105C,473
YGL012W,473
YLR034C,473
YKL221W,473
YGR288W,473
YBR003W,473
YLR212C,473
YLL063C,474
YLR288C,474
YBR293W,474
YMR044W,475
YPL259C,475
YMR153W,475
YMR211W,475
YLR142W,476
YOL125W,476
YGR002C,476
YGR117C,476
YIL123W,476
YJL002C,476
YLR116W,476
YPL063W,476
YPR034W,477
YLR341W,477
YER019W,477
YDL103C,477
YJL123C,478
YDR306C,478
YMR094W,478
YLR238W,478
YPR036W,478
YNL062C,478
YOR003W,478
YJL054W,478
YPL066W,479
YOR298W,479
YGR255C,479
YNR001C,479
YNL261W,479
YDR198C,479
YLR378C,480
YNR058W,480
YGL038C,480
YBR272C,480
YEL064C,480
YDR181C,481
YDR346C,481
YFR044C,481
YHR024C,482
YNL071W,482
YLR394W,482
YLR359W,482
YDR388W,482
YGL097W,482
YKL028W,482
YDR524C,482
YOR046C,482
YPL091W,483
YCR052W,483
YBR247C,483
YLR175W,483
YDR514C,483
YBR288C,483
YOR216C,484
YHR030C,484
YIL131C,484
YOL030W,484
YOL144W,484
YKL211C,484
YOR119C,484
YDL089W,484
YNL026W,484
YPL224C,484
YFR053C,485
YLR108C,485
YGR211W,486
YNR053C,486
YDL054C,486
YBL103C,486
YBR083W,486
YNL277W,486
YER141W,486
YOR043W,486
YGL253W,486
YPR001W,486
YNL137C,486
YGL104C,486
YOR009W,487
YPL277C,487
YCR066W,487
YJR006W,487
YBR241C,488
YPL262W,488
YPL254W,488
YMR140W,489
YER045C,489
YHR183W,489
YNR069C,489
YDL238C,489
YJL081C,489
YNR045W,489
YLL011W,489
YLR183C,489
YPR138C,489
YNL053W,489
YDR402C,489
YDL048C,490
YNL022C,490
YIL088C,490
YMR070W,490
YJL091C,490
YBR283C,490
YHR113W,490
YDR523C,490
YBR263W,490
YIL090W,491
YDR182W,491
YGL059W,491
YML126C,491
YLR190W,491
YPR119W,491
YOL062C,491
YCR045C,491
YNL240C,491
YOL049W,491
YOR320C,491
YDL146W,491
YDR240C,492
YOL112W,492
YPR169W,492
YPL097W,492
YER051W,492
YCR024C,492
YNL124W,492
YPL219W,492
YGR256W,492
YGR121C,492
YDR376W,493
YHL012W,493
YNL119W,493
YEL016C,493
YAL010C,493
YER122C,493
YLR227C,493
YNL223W,494
YOR269W,494
YDR082W,494
YPL204W,494
YGR091W,494
YNL083W,494
YDR257C,494
YBR126C,495
YDR132C,495
YEL041W,495
YOL061W,496
YGR175C,496
YPL100W,496
YEL071W,496
YOL137W,497
YJR054W,497
YJR122W,497
YBR006W,497
YFL027C,497
YOR351C,497
YCL017C,497
YFL018C,499
YHR070W,499
YPL072W,499
YNL142W,499
YKL035W,499
YPL017C,499
YFR010W,499
YDR348C,499
YDR330W,500
YFR021W,500
YPL061W,500
YDR036C,500
YGL202W,500
YNL169C,500
YAL038W,500
YEL036C,500
YCL040W,500
YDR516C,500
YHR065C,501
YJR051W,501
YNR012W,501
YOL119C,501
YBR056W,501
YMR115W,501
YDL079C,501
YGL119W,501
YOL070C,501
YEL070W,502
YLR094C,502
YAL058W,502
YNR073C,502
YDR470C,502
YDR522C,502
YLR033W,502
YKR063C,502
YPL026C,502
YNL283C,503
YGL065C,503
YGL017W,503
YDR539W,503
YFL022C,503
YOL068C,503
YKL175W,503
YLL036C,503
YLR197W,504
YMR221C,504
YMR065W,504
YGL035C,504
YHR159W,504
YER064C,505
YGR229C,505
YML118W,505
YMR290C,505
YNL241C,505
YLR015W,505
YPL140C,506
YMR169C,506
YDL160C,506
YOR347C,506
YDR030C,506
YDR168W,506
YMR170C,506
YPL181W,506
YDR111C,507
YDL017W,507
YML043C,507
YGR189C,507
YIL104C,507
YGR093W,507
YGR155W,507
YER090W,507
YLR121C,508
YOR231W,508
YMR020W,508
YBR139W,508
YLR345W,509
YEL052W,509
YMR177W,510
YMR300C,510
YML114C,510
YFR039C,510
YJR015W,510
YFL021W,510
YGL055W,510
YOR310C,511
YER078C,511
YFL016C,511
YJR121W,511
YMR004W,511
YDR371W,511
YMR131C,511
YJR010W,511
YER096W,512
YGL158W,512
YGR059W,512
YCL027W,512
YCR028C,512
YGR123C,513
YIL001W,513
YPL122C,513
YMR283C,513
YDL101C,513
YML120C,513
YMR093W,513
YHR137W,513
YDR169C,513
YML128C,513
YJL194W,513
YJL025W,514
YHR048W,514
YMR018W,514
YKL103C,514
YCR053W,514
YDR256C,515
YCR072C,515
YDR323C,515
YNR051C,515
YMR285C,515
YOR378W,515
YJL013C,515
YDL159W,515
YIL097W,516
YKL047W,516
YGL112C,516
YOR149C,516
YPR002W,516
YBR127C,517
YAL022C,517
Q0115,517
YIL085C,517
YPL272C,517
YDR518W,517
YEL042W,518
YMR064W,518
YHR168W,518
YER007W,518
YCR098C,518
YHR170W,518
YLR392C,518
YKL116C,518
YJR003C,519
YMR014W,519
YMR013C,519
YOR374W,519
YDR463W,519
YCR068W,520
YER006W,520
YLR314C,520
YDR009W,520
YBL019W,520
YER073W,520
YBR227C,520
YCL004W,521
YOR306C,521
YDR501W,521
YNL116W,522
YCL043C,522
YDL156W,522
YNL029C,522
YOR355W,522
YGL078C,523
YHR009C,523
YBR250W,523
YMR029C,523
YPL247C,523
YER021W,523
YOR359W,523
YHR086W,523
YLR004C,523
YLR432W,523
YKL039W,523
YBR184W,523
YHR216W,523
YLR324W,523
YNL295W,524
YBR138C,524
YMR215W,524
YML056C,524
YER123W,524
YKR005C,525
YDL197C,525
YGR227W,525
YBL054W,525
YML096W,525
YMR217W,525
YBR028C,525
YOR377W,525
YGL122C,525
YBL015W,526
YNL138W,526
YGL190C,526
YOR360C,526
YHR207C,526
YMR023C,526
YML086C,526
YHR151C,526
YKL074C,527
YIL142W,527
YER052C,527
YBR274W,527
YDR072C,527
YER025W,527
YGL056C,527
YBR214W,527
YBR020W,528
YCL038C,528
YKL139W,528
YKL045W,528
YDL088C,528
YAL028W,528
YDR534C,528
YER060W,528
YDL143W,528
YNL077W,528
YDL170W,528
YBR239C,529
YIL146C,529
YPR162C,529
YHR007C,530
YER060W-A,530
YLR313C,530
YJR049C,530
YDL178W,530
YDL030W,530
YKR023W,530
YDL020C,531
YLL055W,531
YHL017W,532
YIL162W,532
YMR297W,532
YMR110C,532
YJL153C,533
YDR195W,533
YER056C,533
YDR488C,533
YNL294C,533
YOL123W,534
YJL014W,534
YNL199C,534
YDR147W,534
YGR260W,534
YKL191W,534
Q0045,534
YDR299W,534
YDR434W,534
YBR103W,535
YGR177C,535
YML115C,535
YFR006W,535
YOL033W,536
YDR403W,536
YIR039C,537
YBR286W,537
YLR020C,538
YHR064C,538
YHR135C,538
YMR015C,538
YDL207W,538
YIL045W,538
YDR061W,539
YAR002W,539
YER014W,539
YDR145W,539
YOR161C,539
YNL318C,540
YMR279C,540
YPL214C,540
YFL040W,540
YKR016W,540
YPR088C,541
YHR006W,541
YMR011W,541
YBL080C,541
YGR119C,541
YDR057W,542
YNL249C,542
YGL045W,542
YNL189W,542
YGL028C,542
YML116W,542
YIL166C,542
YIL121W,542
YLR023C,543
YJR152W,543
YPR198W,543
YJL058C,543
YBR222C,543
YDR235W,544
YOR002W,544
YPL212C,544
YBR223C,544
YPL256C,545
YDL085W,545
YBL099W,545
YBR270C,545
YER168C,546
YNL112W,546
YFL011W,546
YOR380W,546
YFR051C,546
YMR199W,546
YPR033C,546
YNL154C,546
YHL036W,546
YDR188W,546
YGR197C,547
YDL180W,547
YGR041W,547
YMR155W,547
YOR241W,548
YNL291C,548
YER054C,548
YDR232W,548
YBR008C,548
YKL140W,548
YNL048W,548
YHR050W,549
YBR158W,549
YIL099W,549
YJR131W,549
YKR097W,549
YKL089W,549
YDR242W,549
YPL179W,549
YPL228W,549
YMR171C,550
YJL111W,550
YEL015W,551
YBR200W,551
YPL258C,551
YKR017C,551
YPL260W,551
YDL225W,551
YOR132W,551
YNR030W,551
YOL013C,551
YJL110C,551
YGR023W,551
YFR028C,551
YOL019W,551
YOL055C,551
YPR144C,552
YMR319C,552
YHR078W,552
YBR030W,552
YBR248C,552
YML069W,552
YLR433C,553
YMR258C,553
YGR276C,553
YMR036C,554
YER082C,554
YKL109W,554
YGL176C,554
YOR372C,554
YDR479C,554
YNL117W,554
YHR019C,554
YBR196C,554
YIR031C,554
YNL219C,555
YPL042C,555
YJL163C,555
YDR387C,555
YNL182C,555
YLR343W,555
YER140W,556
YML023C,556
YDR131C,556
YOL105C,556
Q0065,556
YOR205C,556
YPL086C,557
YPL120W,557
YLL018C,557
YEL058W,557
YDR358W,557
YER065C,557
YFR037C,557
YGL257C,558
YGL244W,558
YNL193W,558
YMR296C,558
YFL055W,558
YMR307W,559
YDL106C,559
YDR212W,559
YGL179C,560
YGR166W,560
YBR220C,560
YHR045W,560
YPR072W,560
YGL084C,560
YMR145C,560
YJL105W,560
YEL020C,560
YMR136W,560
YJL016W,561
YNR056C,561
YDR062W,561
YGL064C,561
YPL128C,562
YDL042C,562
YLR286C,562
YJR064W,562
YDR261C,562
YMR088C,562
YGR088W,562
YKR072C,562
YCR054C,563
YML130C,563
YLR134W,563
YLR044C,563
YGR087C,563
YIL120W,563
YGL077C,563
YBR186W,564
YPR111W,564
YNR072W,564
YCR065W,564
YGL171W,564
YEL069C,564
YOR386W,565
YDR117C,565
YJR052W,565
YCL036W,566
YLR417W,566
YGL003C,566
YDL003W,566
YDR481C,566
YPR070W,566
YNR023W,566
YDR110W,566
YOR023C,566
YJR158W,567
YJL219W,567
YOL156W,567
YPL030W,567
YDR345C,567
YDL245C,567
YOR118W,567
YKR015C,568
YKR002W,568
YJL008C,568
YGR241C,568
YMR105C,569
YDR536W,569
YLR253W,569
YLR120C,569
YJL214W,569
YDR343C,570
YGL160W,570
YKL127W,570
YLR267W,570
YHR094C,570
YDR342C,570
YDR120C,570
YDR026C,570
YOR128C,571
YHR184W,571
YDL210W,571
YKL088W,571
YIL150C,571
YPR121W,572
YPR145W,572
YGR092W,572
YBR180W,572
YLR259C,572
YOR090C,572
YBR044C,572
YGR124W,572
YOL027C,573
YER158C,573
YPR137W,573
YER124C,573
YLL012W,573
YNL270C,573
YGR055W,574
YBR296C,574
YJL071W,574
YJR053W,574
YBL020W,574
YLR081W,574
YNL251C,575
YLL058W,575
YGR171C,575
YHR196W,575
YHR037W,575
YOL122C,575
YPR006C,575
YER087W,576
YLR152C,576
YJL172W,576
YNL275W,576
YPR171W,576
YLR196W,576
YER086W,576
YNL073W,576
YHR092C,576
YIR010W,576
YGL228W,577
YGR278W,577
YOR067C,577
YGL095C,577
YER165W,577
YJR103W,578
YLR361C,578
YEL013W,578
YOR260W,578
YGL186C,579
YKL124W,579
YPR083W,579
YHR150W,579
YBL039C,579
YHR194W,579
YAL040C,580
YBR170C,580
YNR059W,580
YMR282C,580
YHR032W,581
YML127W,581
YJL216C,581
YNL225C,581
YDR440W,582
YLR133W,582
YCR014C,582
YKR105C,582
YCL051W,583
YLL061W,583
YJL162C,583
YPL208W,583
YKL012W,583
YLR077W,583
YML013W,584
YNL076W,584
YDR497C,584
YOL115W,584
YML070W,584
YGR292W,584
YBR299W,584
YHL010C,585
YMR250W,585
YHR108W,585
YHL039W,585
YHR109W,585
YBR163W,585
YJR016C,585
YKR078W,585
YOL015W,586
YNL065W,586
YDL227C,586
YGR068C,586
YJL186W,586
YMR291W,586
YLL028W,586
YNR055C,586
YPL274W,587
YIL036W,587
YOR308C,587
YDL174C,587
YNL218W,587
YNL094W,587
YER068W,587
YIL015W,587
YML123C,587
YOR154W,587
YKL100C,587
YPL007C,588
YDR243C,588
YKL185W,588
YGL252C,588
YOR027W,589
YOL157C,589
YGR287C,589
YDR294C,589
YIL172C,589
YGR077C,589
YJL221C,589
YMR227C,590
YNL227C,590
YMR213W,590
YEL063C,590
YOR073W,590
YNL308C,591
YDR037W,591
YOL066C,591
YML054C,591
YFL053W,591
YLR028C,591
YOL020W,592
YHR096C,592
YCR088W,592
YMR120C,592
YLR089C,592
YGR225W,593
YDR101C,593
YML017W,593
YJR002W,593
YAL067C,593
YKR069W,593
YGR065C,593
YJL069C,594
YMR198W,594
YLR276C,594
YKL005C,594
YNL039W,594
YLR060W,595
YBR132C,596
YDR349C,596
YDR144C,596
YGR246C,596
YBR015C,597
YKL032C,597
YLR237W,598
YLR368W,598
YOR071C,598
YPL169C,599
YOR192C,599
YPL243W,599
YJL201W,599
YGL125W,600
YGL192W,600
YGR194C,600
YKR093W,601
YJR160C,602
YHR202W,602
YOR324C,602
YLR055C,602
YMR284W,602
YKR039W,602
YJR001W,602
YGR191W,603
YCR008W,603
YOR370C,603
YLR353W,603
YHR218W,603
YOL148C,604
YDR200C,604
YDR046C,604
YJL083W,604
YJR046W,604
YML057W,604
YOR204W,604
YOR108W,604
YHL019C,605
YGR103W,605
YHL028W,605
YIL072W,605
YNR039C,605
YPL005W,606
YFL002C,606
YOL158C,606
YPR018W,606
YDR341C,607
YNR063W,607
YML071C,607
YJL100W,607
YDR091C,608
YLR173W,608
YMR168C,608
YDR506C,608
YPL265W,608
YPL189W,609
YOL091W,609
YOL103W,609
YBR148W,609
YBR068C,609
YDL247W,609
YDL080C,609
YGR216C,609
YCR048W,610
YDL153C,610
YGL116W,610
YDR143C,610
YER036C,610
YHR188C,610
YLR248W,610
YFR023W,611
YKR084C,611
YCR023C,611
YNL268W,611
YJL181W,611
YPL194W,612
YMR098C,612
YPL184C,612
YPL070W,612
YNL018C,612
YNL034W,612
YDR244W,612
YGR224W,613
YDL229W,613
YLR206W,613
YNL209W,613
YOR092W,613
YBR298C,614
YLR088W,614
YGR138C,614
YEL062W,615
YKR106W,615
YKR019C,615
YMR092C,615
YCL073C,615
YGR289C,616
YLL004W,616
YKL217W,616
YKR058W,616
YGL142C,616
YPR155C,616
YPL119C,617
YNL121C,617
YJL103C,618
YKL174C,618
YPR081C,618
YNL061W,618
YDL013W,619
YOR175C,619
YNL104C,619
YBR069C,619
YOR030W,619
YBR060C,620
YMR100W,620
YHL047C,620
YGR013W,620
YDR085C,620
YDL025C,620
YOL152W,620
YDL063C,620
YPL020C,621
YDR292C,621
YAR007C,621
YNR006W,622
YMR278W,622
YAL047C,622
YGR221C,622
YHR206W,622
YOR137C,622
YPR156C,622
YFL041W,622
YOR147W,622
YDL203C,623
YFL049W,623
YKL212W,623
YJL085W,623
YPR048W,623
YOR171C,624
YGL110C,624
YOR389W,624
YMR119W,624
YER147C,624
YHR219W,624
YHL027W,625
YKR008W,625
YAL011W,625
YBR215W,625
YDR425W,625
YHR166C,626
YDR228C,626
YER080W,627
YHL040C,627
YKL125W,627
YHR124W,627
YHL008C,627
YIL055C,627
YOR348C,627
YKL155C,628
YLR177W,628
YOR239W,628
YEL065W,628
YDR365C,628
YML046W,629
YNR038W,629
YMR106C,629
YOR066W,629
Q0070,630
YKL062W,630
YER005W,630
YIL014W,630
YHR035W,630
YHL038C,630
YHR171W,630
YNL012W,631
YCR061W,631
YOR356W,631
YLL035W,632
YDR049W,632
YDR386W,632
YDR419W,632
YKL204W,632
YDR477W,633
YDR456W,633
YHR114W,633
YIL092W,633
YNL293W,633
YPL161C,633
YBR021W,633
YCL025C,633
YOR181W,633
YJL045W,634
YDR380W,635
YAL016W,635
YEL060C,635
YIR028W,635
YGL023C,635
YNL176C,636
YMR058W,636
YDR390C,636
YHR161C,637
YBR280C,637
YOR070C,637
Q0120,638
YNL020C,638
YDL070W,638
YJR130C,639
YBL042C,639
YLL024C,639
YHR117W,639
YKR056W,639
YDR266C,639
YBR045C,639
YGL099W,640
YKL048C,640
YDL113C,640
YIL046W,640
YPL210C,640
YIL056W,640
YJL127C,640
YKL148C,640
YDR484W,641
YGL060W,641
YDR129C,642
YMR313C,642
YNR019W,642
YGR054W,642
YCR038C,642
YDR311W,642
YNL299W,642
YAL005C,642
YNL095C,642
YER103W,642
YDR398W,643
YKR036C,643
YLR139C,643
YHR091C,643
YNL115C,644
YEL030W,644
YER049W,644
YGL124C,644
YPL269W,644
YHR039C,644
YOL117W,645
YLR289W,645
YJL106W,645
YJL073W,645
YGL107C,646
YOL164W,646
YFL054C,646
YPL093W,647
YNL167C,647
YIL101C,647
YPL253C,647
YDL109C,647
YDR014W,647
YLR098C,648
YLR273C,648
YDL224C,649
YML082W,649
YIL155C,649
YBL075C,649
YBR123C,649
YML007W,650
YLR103C,650
YJR004C,650
YGR009C,651
YLR429W,651
YPL263C,651
YGR083C,651
YDR118W,652
YPR190C,654
YDR389W,654
YKR101W,654
YJL209W,654
YJR045C,654
YML031W,655
YPR179C,655
YOL113W,655
YIL037C,656
YKL079W,656
YJR098C,656
YDR496C,656
YLR234W,656
YNL047C,656
YGL066W,657
YPL109C,657
YLR369W,657
YPL023C,657
YPR161C,657
YPL104W,658
YOR273C,659
YHR015W,659
YER173W,659
YOL025W,660
YLR299W,660
YOR275C,661
YNR008W,661
YMR137C,661
YNL279W,661
YNL197C,661
YAL048C,662
YKL198C,662
YFR048W,662
YDR307W,662
YDR137W,663
YJL149W,663
YDR508C,663
YOR254C,663
YLR002C,663
YOR350C,663
YDR458C,663
YMR008C,664
YML020W,664
YDR194C,664
YLL007C,665
YDR189W,666
YEL007W,666
YBR260C,666
YJL010C,666
YBR121C,667
YJL057C,667
YLR083C,667
YBL111C,667
YLR401C,668
YBL051C,668
YML088W,668
YDR320C,668
YJL128C,668
YGL113W,668
YBR041W,669
YMR032W,669
YLL043W,669
YKL029C,669
YGL236C,669
YER088C,670
YLR427W,670
YML042W,670
YNL045W,671
YLR330W,671
YOR138C,671
YNL103W,672
YBR212W,672
YDR362C,672
YDR107C,672
YNL125C,673
YOR054C,674
YFL042C,674
YDR452W,674
YDR295C,674
YBR216C,674
YOR069W,675
YOR087W,675
YLR413W,675
YNL008C,676
YPL089C,676
YOR243C,676
YBL009W,676
YOL023W,676
YMR232W,677
YMR061W,677
YMR104C,677
YIL067C,678
YJL101C,678
YFR029W,678
YNL027W,678
YKL025C,679
YHL029C,679
YKL179C,679
YIR003W,679
YKL126W,680
YPR007C,680
YPR074C,680
YBR117C,681
YEL023C,682
YJL034W,682
YJL019W,682
YLR403W,683
YKL017C,683
YLR153C,683
YDR350C,684
YBL024W,684
YMR075W,684
YPL043W,685
YDR172W,685
YGL144C,685
YLR143W,685
YOR249C,685
YIL105C,686
YLR399C,686
YLR047C,686
YLR214W,686
YOL011W,686
YLR117C,687
YDL199C,687
YMR108W,687
YLR260W,687
YDR444W,687
YBL060W,687
YAR035W,687
YER022W,687
YHR084W,688
YER077C,688
YPL222W,688
YJR110W,688
YHR020W,688
YBR259W,688
YGR099W,688
YDR332W,689
YBR043C,689
YPR175W,689
YDL141W,690
YMR301C,690
YGL071W,690
YIL144W,691
YJL093C,691
YHR042W,691
YLR396C,691
YBR098W,691
YFL013C,692
YML016C,692
YOR354C,692
YKL146W,692
YMR224C,692
YDR314C,692
YPL106C,693
YDR234W,693
YBR169C,693
YLR072W,693
YPR008W,694
YMR246W,694
YBR255W,694
YOR384W,694
YIL009W,694
YDR338C,695
YOL141W,695
YLR035C,695
YLR188W,695
YIL108W,696
YBL061C,696
YPL116W,697
YHL050C,697
YBR156C,698
YDR108W,698
YLR452C,698
YDL039C,698
YJL156C,699
YLR233C,699
YDL214C,699
YBR019C,699
YDL074C,700
YJR005W,700
YOR317W,700
YGR266W,701
YIL005W,701
YLR266C,701
YGL145W,701
YDR221W,702
YOR033C,702
YDR176W,702
YOR365C,703
YDR052C,704
YMR037C,704
YBR131W,704
YGL249W,704
YEL011W,704
YKR001C,704
YLR258W,705
YMR163C,705
YMR001C,705
YKL222C,705
YBL035C,705
YMR186W,705
YKR090W,706
YMR006C,706
YOL095C,706
YER113C,706
YOL060C,706
YNL021W,706
YPL155C,706
YGR145W,707
YJR134C,707
YGL026C,707
YFR015C,708
YGL245W,708
YDL176W,708
YLR424W,708
YLR440C,709
YHL032C,709
YAR014C,709
YPL240C,709
YDR146C,709
YDR436W,710
YOR206W,710
YKL220C,711
YOR381W,711
YOL057W,711
YLL051C,712
YLR006C,712
YDR211W,712
YCL057W,712
YHL024W,713
YAL054C,713
YNL101W,713
YCR084C,713
YJL061W,713
YGR128C,713
YJL112W,714
YFL047W,714
YOL017W,714
YHR074W,714
YPL164C,715
YDR109C,715
YOR022C,715
YKL213C,715
YKL104C,717
YKR098C,717
YLR362W,717
YGL022W,718
YDL167C,719
YMR172W,719
YNR060W,719
YCR091W,720
YMR192W,720
YLR335W,720
YPR159W,720
YIL091C,721
YJL012C,721
YGR178C,722
YHR031C,723
YDR333C,723
YLR054C,724
YDR205W,724
YKL168C,724
YMR237W,724
YDR164C,724
YNR044W,725
YKR018C,725
YJR106W,725
YGL114W,725
YDL116W,726
YKL135C,726
YOR156C,726
YMR154C,727
YJR119C,728
YLR219W,728
YPR141C,729
YGL203C,729
YLR149C,730
YOR019W,730
YER040W,730
YKL112W,731
YHR072W,731
YJL082W,731
YBR238C,731
YMR277W,732
YOR080W,732
YOR001W,733
YLR381W,733
YJL168C,733
YFR022W,733
YEL053C,733
YIL078W,734
YHR149C,734
YKL078W,735
YHL016C,735
YGR186W,735
YBR007C,736
YML002W,737
YLL019C,737
YPL029W,737
YKL054C,738
YPR185W,738
YBR172C,740
YNL144C,740
YMR078C,741
YMR216C,742
YCR026C,742
YKR024C,742
YKR067W,743
YDL093W,743
YHR178W,743
YER015W,744
YGR003W,744
YJR042W,744
YJR030C,745
YCL039W,745
YOR299W,746
YDL234C,746
YJL099W,746
YDR499W,747
YBL067C,747
YOR076C,747
YPR024W,747
YPR031W,748
YGL205W,748
YLR135W,748
YGL086W,749
YOR081C,749
YOR034C,749
YLL029W,749
YJL132W,750
YKL187C,750
YOR208W,750
YKR029C,751
YGR264C,751
YDR001C,751
YDR138W,752
YFR009W,752
YLL008W,752
YBR094W,753
YOR321W,753
YBR102C,753
YPL074W,754
YER162C,754
YPR003C,754
YNL258C,754
YBL097W,754
YER098W,754
YNL059C,755
YDL164C,755
YNL161W,756
YOR014W,757
YLL001W,757
YPL158C,758
YBL084C,758
YJL206C,758
YMR179W,758
YBR080C,758
YMR164C,758
YKL034W,758
YOR337W,759
YNL272C,759
YBL011W,759
YGR199W,759
YAL023C,759
YER041W,759
YOR267C,759
YCL045C,760
YGL021W,760
YAL031C,760
YER017C,761
YOL036W,761
YLR069C,761
YOR112W,761
YER001W,762
YDL206W,762
YJR143C,762
YOR361C,763
YDL138W,763
YNL311C,763
YHR197W,763
YIR007W,764
YLR114C,764
YDL028C,764
YDR264C,764
YJL090C,764
YKR027W,765
YKL072W,766
YOR140W,766
YDR490C,766
YNL224C,767
YER091C,767
YGL120C,767
YNL247W,767
YGR245C,767
YPR181C,768
YDR119W,768
YOL006C,769
YMR167W,769
YPR091C,770
YJL033W,770
YLR131C,770
YKR010C,771
YGR143W,771
YDR520C,772
YKL134C,772
YPL270W,773
YBR142W,773
YML006C,774
YLR274W,775
YOR165W,776
YDR324C,776
YER171W,778
YLR304C,778
YDR208W,779
YJR040W,779
YGL009C,779
YLR277C,779
YFL009W,779
YLR144C,779
YLR397C,780
YBR001C,780
YGR250C,781
YBR058C,781
YNL212W,782
YLR241W,782
YMR212C,782
YAL053W,783
YPL176C,783
YMR016C,785
YPL075W,785
YGR237C,785
YAL043C,785
YHR182W,785
YOR172W,786
YNR033W,787
YDR239C,787
YFR013W,787
YLR319C,788
YDL060W,788
YGR200C,788
YJL200C,789
YOR035C,789
YDL239C,790
YNL183C,790
YDR034C,790
YBR114W,790
YOR144C,791
YOR353C,791
YBL113C,792
YNL186W,792
YPL221W,793
YOR178C,793
YER184C,794
YDR485C,795
YFL023W,796
YOL076W,796
YER169W,796
YCR077C,796
YHR204W,796
YBR284W,797
YBR198C,798
YPL045W,798
YCL030C,799
YPL180W,799
YJL212C,799
YOR017W,800
YOR233W,800
YMR257C,800
YER157W,801
YGL139W,802
YGL234W,802
YPL190C,802
YLR182W,803
YGR067C,804
YGL083W,804
YIL068C,805
YGL216W,805
YER144C,805
YMR049C,807
YJL141C,807
YBR276C,807
YLR352W,807
YER125W,809
YGR261C,809
YOR256C,809
YOR168W,809
YDL122W,809
YOR162C,810
YML035C,810
YBR049C,810
YIL095W,810
YPL207W,810
YDL148C,810
YDR258C,811
YJR126C,811
YKR099W,811
YLR176C,811
YMR309C,812
YLR095C,812
YLR228C,814
YNL238W,814
YDL132W,815
YDR422C,815
YMR160W,816
YGR130C,816
YGR198W,817
YGR196C,817
YDL095W,817
YLR222C,817
YLR337C,817
YHR028C,818
YJR059W,818
YOR322C,818
YGL229C,818
YJL102W,819
YJL187C,819
YPL153C,821
YOR195W,821
YJL051W,822
YJL029C,822
YHR172W,823
YIL140W,823
YJL041W,823
YNL256W,824
YHR205W,824
YPL032C,825
YLL032C,825
YMR089C,825
YJL176C,825
YIL107C,827
YNL216W,827
YLR263W,827
YBR133C,827
YJL087C,827
YKL176C,828
YFL004W,828
YJL089W,829
YJL062W,830
YNL085W,830
YDR251W,830
YJL157C,830
YBL052C,831
YFL024C,832
YCR106W,832
YPR029C,832
YLR207W,833
YGL027C,833
YGL073W,833
YDL056W,833
Q0050,834
YML034W,834
YMR102C,834
YPL019C,835
YDL126C,835
YIL038C,836
YDR207C,836
YLL034C,837
YOR018W,837
YAL021C,837
YKR079C,838
YML029W,838
YNL041C,839
YFR002W,839
YOR270C,840
YBL008W,840
YJL204C,840
YKL022C,840
YDR505C,841
YCL054W,841
YDR385W,842
YNL298W,842
YOR133W,842
YJL047C,842
YMR031C,843
YLL054C,843
YIL143C,843
YPL084W,844
YBR202W,845
YNL126W,846
YBR237W,849
YPL105C,849
YLR057W,849
YMR302C,850
YMR053C,850
YHR131C,850
YOR373W,851
YER167W,851
YHR103W,852
YDR160W,852
YKL121W,852
YKL188C,853
YFR038W,853
YLR127C,853
Q0055,854
YDR369C,854
YDL040C,854
YAL041W,854
YBR179C,855
YJL165C,855
YHR047C,856
YFL050C,858
YNL201C,858
YML061C,859
YLR115W,859
YOL130W,859
YGL178W,859
YBR294W,859
YDR416W,859
YGR071C,860
YPR105C,861
YPL008W,861
YOR217W,861
YLR347C,861
YMR125W,861
YNL068C,862
YMR165C,862
YLR001C,862
YER069W,863
YKR064W,863
YDR351W,864
YGR150C,864
YPL141C,865
YPL174C,868
YLL005C,868
YBL023C,868
YPL268W,869
YGR157W,869
YDR089W,869
YIL066C,869
YPL147W,870
YCR030C,870
YLR166C,871
YOR329C,872
YNL082W,873
YJL094C,873
YOR038C,875
YNL221C,875
YDR285W,875
YLR240W,875
YNL049C,876
YDR475C,876
YER032W,876
YNR011C,876
YDR186C,877
YPR194C,877
YFL003C,878
YBR281C,878
YNL325C,879
YLL013C,879
YML099C,880
YLR386W,880
YJL056C,880
YAL056W,880
YJL198W,881
YJL078C,881
YOR211C,881
YPL248C,881
YKL073W,881
YOR141C,881
YGR238C,882
YHR056C,883
YLR318W,884
YDR206W,884
YDL194W,884
YDL117W,885
YDR303C,885
YOR058C,885
YLR451W,886
YPR112C,887
YPR089W,888
YER070W,888
YJL070C,888
YGL014W,888
YLR045C,888
YDR027C,889
YLR357W,889
YGL137W,889
YKR050W,889
YMR054W,890
YNL233W,892
YJR036C,892
YOR129C,893
YLR092W,893
YNR047W,893
YBL014C,894
YLR382C,894
YPL249C,894
YNR013C,894
YDR096W,894
YDR074W,896
YPL126W,896
YER047C,897
YOR371C,897
YGL180W,897
YGL163C,898
YDR466W,898
YMR066W,898
YBR055C,899
YLR336C,899
YML093W,899
YKR009C,900
YBR225W,900
YDL154W,901
YLR373C,901
YDR006C,901
YPL150W,901
YIL047C,902
YPR021C,902
YPR160W,902
YDR409W,904
YNL313C,904
YLR014C,904
YBR289W,905
YNL321W,908
YLL026W,908
YGL036W,909
YGL233W,910
YGL141W,910
YKR089C,910
YLR309C,911
YER151C,912
YDR213W,913
YOR113W,914
YML065W,914
YGL049C,914
YMR273C,915
YKR021W,915
YDR103W,917
YGL093W,917
YGL008C,918
YBR017C,918
YLR148W,918
YKL165C,919
YBR033W,919
YML111W,920
YIL017C,921
YKL050C,922
YCR057C,923
YCR037C,923
YER024W,923
YDL220C,924
YBR203W,924
YDR081C,925
YDR069C,926
YIL109C,926
YPR135W,927
YGR056W,928
YER075C,928
YKL171W,928
YHR098C,929
YOR219C,931
YPL195W,932
YPR019W,933
YJR061W,935
YNL287W,935
YGR089W,936
YPR104C,936
YHL007C,939
YLR409C,939
YML109W,942
YLR129W,943
YMR124W,943
YML076C,944
YDR395W,944
YDR356W,944
YJL154C,944
YOR005C,944
YIL075C,945
YIL137C,946
YIL002C,946
YGR204W,946
YLL003W,946
YBR086C,946
YPL036W,947
YBR108W,947
YMR019W,949
YDR421W,950
YGR100W,950
YGL167C,950
YGR162W,952
YKL157W,952
YNL127W,953
YMR266W,953
YCR017C,953
YJR089W,954
YBR229C,954
YEL043W,956
YGR140W,956
YOL063C,957
YBR073W,958
YGL227W,958
YOR335C,958
YKL068W,959
YHR120W,959
YMR205C,959
YGL238W,960
YMR086W,960
YDL190C,961
YDL035C,961
YBR038W,963
YOL090W,964
YBR079C,964
YIL130W,964
YNL023C,965
YLR067C,965
YBR112C,966
YOL155C,967
YNL243W,968
YMR287C,969
YKL064W,969
YNL118C,970
YIR023W,970
YDR166C,971
YMR288W,971
YMR080C,971
YEL032W,971
YOR160W,972
YDR238C,973
YNL236W,974
YAR019C,974
YBR084W,975
YIL073C,975
YBR074W,976
YBL005W,976
YMR275C,976
YLR442C,978
YKL015W,979
YBL085W,980
YMR185W,981
YDR359C,982
YDL073W,984
YOR346W,985
YLR138W,985
YGR240C,987
YDR430C,989
YOL084W,991
YDR080W,992
YIR002C,993
YHR027C,993
YDL031W,995
YIL169C,995
YHR073W,996
YOR363C,996
YNL123W,997
YDL149W,997
YEL061C,1000
YOL021C,1001
YPL040C,1002
YFR040W,1002
YAL035W,1002
YDR270W,1004
YGL241W,1004
YOR048C,1006
YOR127W,1007
YKL173W,1008
YDR379W,1009
YBL106C,1010
YDR495C,1011
YPL183C,1013
YDR028C,1014
YIL125W,1014
YOR349W,1014
YDL240W,1017
YLL031C,1017
YGL201C,1017
YCR092C,1018
YGR188C,1021
YEL055C,1022
YKL210W,1024
YDR060W,1025
YBL037W,1025
YGR047C,1025
YLR187W,1026
YLR389C,1027
YFL025C,1029
YMR231W,1029
YHR082C,1029
YNL329C,1030
YOL089C,1030
YGR258C,1031
YIL128W,1032
YPR204W,1032
YPL125W,1032
YPR032W,1033
YKR028W,1033
YMR189W,1034
YIL031W,1034
YDR325W,1035
YGL207W,1035
YFR030W,1035
YGR125W,1036
YKL057C,1037
YCL024W,1037
YOL098C,1037
YKL033W,1038
YPL009C,1038
YBL104C,1038
YER114C,1040
YNL327W,1041
YKL197C,1043
YLR249W,1044
YNL014W,1044
YLR450W,1045
YDL223C,1046
YJL084C,1046
YAL051W,1047
YJR132W,1048
YDL077C,1049
YCR011C,1049
YDR017C,1050
YML075C,1054
YMR261C,1054
YLR039C,1056
YNL132W,1056
YJL098W,1058
YNL278W,1060
YDR310C,1062
YML010W,1063
YDR122W,1064
YPR055W,1065
YCR067C,1065
YGR274C,1066
YNL267W,1066
YGL013C,1068
YHR154W,1070
YKR086W,1071
YDL185W,1071
YIL156W,1071
YBL076C,1072
YJL050W,1073
YPR097W,1073
YFL034W,1073
YHR211W,1075
YPR042C,1075
YER033C,1076
YOR098C,1076
YOL145C,1077
YDR291W,1077
YHR102W,1080
YHR119W,1080
YGL016W,1081
YOL051W,1081
YOL100W,1081
YLR071C,1082
YKL020C,1082
YIL112W,1083
YGL156W,1083
YPR115W,1083
YGR218W,1084
YLR223C,1085
YJR035W,1085
YMR196W,1088
YMR308C,1089
YHR077C,1089
YPL160W,1090
YDR040C,1091
YDR038C,1091
YJR091C,1091
YDR039C,1091
YDL215C,1092
YOL034W,1093
YER111C,1093
YBR150C,1094
YCL061C,1096
YDL102W,1097
YML100W,1098
YPL022W,1100
YKL205W,1100
YOL045W,1101
YMR218C,1102
YPL216W,1102
YKL092C,1104
YGR094W,1104
YOR109W,1107
YBR059C,1108
YNL163C,1110
YBL063W,1111
YER110C,1113
YMR047C,1113
YIR033W,1113
YLR383W,1114
YHR079C,1115
YGL094C,1115
YOL087C,1116
YNR065C,1116
YBL101C,1117
YNR067C,1117
YIL151C,1118
YJR109C,1118
YBR235W,1120
YOR304W,1120
YJR039W,1121
YPR030W,1121
YER176W,1121
YGR134W,1122
YDL231C,1125
YML104C,1127
YPL115C,1128
YBR245C,1129
YNL192W,1131
YAL019W,1131
YGL151W,1132
YKL105C,1132
YBL022C,1133
YPR022C,1133
YML117W,1134
YOR188W,1137
YGR170W,1138
YMR317W,1140
YER129W,1142
YDR507C,1142
YER013W,1145
YLR410W,1146
YGR097W,1146
YHL023C,1146
YLR096W,1147
YBL066C,1148
YDR128W,1148
YOR207C,1149
YIL026C,1150
YBL105C,1151
YJR090C,1151
YIL048W,1151
YGR070W,1155
YJL020C,1157
YKR082W,1157
YAL001C,1160
YJR151C,1161
YHR158C,1164
YBR023C,1165
YNL054W,1165
YKR102W,1169
YLR032W,1169
YPL006W,1170
YFR031C,1170
YKL038W,1170
YGL006W,1173
YJL092W,1174
YJR041C,1174
YLR272C,1176
YOL078W,1176
YNL087W,1178
YKL201C,1178
YGL062W,1178
YPR049C,1178
YGR233C,1178
YBR218C,1180
YNL106C,1183
YPL217C,1183
YOR086C,1186
YGL251C,1187
YAR042W,1188
YEL025C,1188
YJL076W,1189
YKR096W,1195
YPL226W,1196
YLR189C,1198
YDL145C,1201
YML091C,1202
YPR010C,1203
YLL066C,1205
YLL067C,1205
YPR122W,1208
YPR026W,1211
YEL031W,1215
YBR295W,1216
YKR103W,1218
YMR109W,1219
YGL140C,1219
YIL147C,1220
YLR084C,1220
YJL080C,1222
YPL110C,1223
YOR151C,1224
YDR335W,1224
YFL008W,1225
YCR033W,1226
YPR095C,1226
YHR155W,1228
YPL012W,1228
YNL257C,1229
YJL074C,1230
YMR304W,1230
YFR016C,1233
YJL129C,1235
YGR090W,1237
YNL273W,1238
YNL091W,1240
YDR097C,1242
YBL007C,1244
YDR104C,1245
YOR227W,1246
YDR293C,1250
YML081W,1251
YJL197W,1254
YOR330C,1254
YGL133W,1264
YMR128W,1267
YKL129C,1272
YOR124C,1272
YDL195W,1273
YAL002W,1274
YLR436C,1274
YPL137C,1276
YMR076C,1277
YMR012W,1277
YEL077C,1277
YDL019C,1283
YKL215C,1286
YLR398C,1287
YDR407C,1289
YOR296W,1289
YKL209C,1290
YOL075C,1294
YDR159W,1301
YGR014W,1306
YLR425W,1307
YDR217C,1309
YNL250W,1312
YPL016W,1314
YGL092W,1317
YIL030C,1319
YAL063C,1322
YDR216W,1323
YCR073C,1331
YBR081C,1332
YNR070W,1333
YER008C,1336
YMR129W,1337
YOL138C,1341
YLR278C,1341
YHR080C,1345
YLR384C,1349
YFL036W,1351
YAL026C,1355
YLR371W,1356
YAL017W,1356
YJR033C,1357
YDR301W,1357
YDR227W,1358
YGR061C,1358
YIL126W,1359
YML049C,1361
YOR336W,1365
YIR019C,1367
YML133C,1374
YIL159W,1375
YGR270W,1379
YJR127C,1380
YBL047C,1381
YLR466W,1382
YER105C,1391
YBR115C,1392
YOR011W,1394
YJL042W,1398
YGL131C,1403
YCR042C,1407
YPR164W,1407
YJR031C,1408
YMR176W,1411
YIL013C,1411
YLR086W,1418
YDR443C,1420
YMR259C,1420
YCR081W,1427
YNL088W,1428
YER093C,1430
YPR189W,1432
YMR280C,1433
YAL024C,1435
YDR464W,1435
YLR419W,1435
YDL112W,1436
YDR326C,1438
YJR137C,1442
YMR190C,1447
YJR092W,1447
YGR116W,1451
YBR097W,1454
YLR320W,1454
YEL022W,1459
YIL115C,1460
YOR116C,1460
YLL021W,1466
YER164W,1468
YNL102W,1468
YAL029C,1471
YOR291W,1472
YGR281W,1477
YJL095W,1478
YIR006C,1480
YKL010C,1483
YGL197W,1487
YGL150C,1489
YDR180W,1493
YPL242C,1495
YDR011W,1501
YLR256W,1502
YBL079W,1502
YPL167C,1504
YPL058C,1511
YOR153W,1511
YBL034C,1513
YDR334W,1514
YDR135C,1515
YKL101W,1518
YHR164C,1522
YGL173C,1528
YDR406W,1529
YPR184W,1536
YOL004W,1536
YAR050W,1537
YML072C,1545
YJL222W,1549
YIL173W,1549
YLR247C,1556
YHR186C,1557
YLL015W,1559
YMR247C,1562
YOR328W,1564
YER166W,1571
YOR326W,1574
YNR031C,1579
YBL017C,1579
YJR138W,1584
YDR127W,1588
YLR310C,1589
YNL242W,1592
YHL035C,1592
YNL139C,1597
YCR089W,1609
YDR093W,1612
YOR191W,1619
YGR098C,1630
YNL297C,1636
YCL014W,1636
YJR140C,1648
YOR093C,1648
YGL206C,1653
YML103C,1655
YMR162C,1656
YMR219W,1658
YDR283C,1659
YLL048C,1661
YOR341W,1664
YML059C,1679
YIL149C,1679
YER190W,1681
YKR031C,1683
YJL039C,1683
YDR141C,1698
YOR290C,1703
YMR229C,1729
YDL140C,1733
YNL172W,1748
YER132C,1753
YJL225C,1758
YIL177C,1758
YKL014C,1764
YJL109C,1769
YFL033C,1770
YMR306W,1785
YDL058W,1790
YOR396W,1796
YLR467W,1796
YDR545W,1796
YDR420W,1802
YBR208C,1835
YPL283C,1859
YNL339C,1859
YGR296W,1859
YPL082C,1867
YHL030W,1868
YLR024C,1872
YKR095W,1875
YLR342W,1876
YPL231W,1887
YGR032W,1895
YLR305C,1900
YBR275C,1916
YHR023W,1928
YLR422W,1932
YGR184C,1950
YNL271C,1953
YGR271W,1967
YDR170C,2009
YJL207C,2014
YJL005W,2026
YGR217W,2039
YKL182W,2051
YCR093W,2108
YMR207C,2123
YFL007W,2143
YDL171C,2145
YER172C,2163
YCR032W,2167
YER155C,2167
YPL085W,2195
YJL130C,2214
YNL262W,2222
YLR430W,2231
YNR016C,2233
YFR019W,2278
YBR136W,2368
YIL129C,2376
YHR165C,2413
YJR066W,2470
YKL203C,2474
YPR117W,2489
YBL004W,2493
YLR454W,2628
YGL195W,2672
YDR150W,2748
YBL088C,2787
YLR087C,2958
YOL081W,3079
YBR140C,3092
YLL040C,3144
YDR457W,3268
YHR099W,3744
YKR054C,4092
YLR106C,4910
