Systematic Name,Translational Efficiency_D1
YEL033W,0.00171
YCR024C-B,0.00253
YJR152W,0.00282
YDL037C,0.0033
YNR068C,0.00352
YFL050C,0.00359
YPL056C,0.00404
YER180C,0.00499
YBR008C,0.00529
YDL039C,0.0059
YJL213W,0.006
YGL192W,0.00694
YER039C,0.00723
YNL204C,0.00755
YOL029C,0.00846
YBR298C,0.00919
YOR084W,0.00936
YER186C,0.0099
YBR020W,0.01036
YJR107W,0.01082
YER187W,0.01085
YEL023C,0.01096
YFL051C,0.01116
YLR046C,0.01184
YOR034C-A,0.01186
Q0255,0.01186
YOL104C,0.01222
YLL053C,0.01228
YJL108C,0.01255
YCR095W-A,0.01265
YBR063C,0.01267
YFL041W-A,0.01408
YIR016W,0.01428
YJL106W,0.01483
YGL262W,0.01581
YHR175W-A,0.01695
YHR033W,0.01715
YCR014C,0.01726
YDR438W,0.01835
YFL031W,0.01884
YDL239C,0.01997
YMR085W,0.02045
YPR121W,0.02108
YGR154C,0.02133
YBL044W,0.02372
YJL216C,0.02373
YLR263W,0.02496
YBR196C-A,0.02515
YIL029C,0.0258
YCR100C,0.02598
YIL165C,0.02601
YKR050W,0.02986
YOR180C,0.03419
YMR018W,0.03443
YIR031C,0.03484
YFR026C,0.03845
YOL015W,0.03857
YBL075C,0.03893
YPR054W,0.03993
YKL163W,0.04252
YGL138C,0.04292
YMR303C,0.04377
YLR174W,0.04454
YOR032W-A,0.04744
YNR076W,0.04792
YOR192C,0.04869
YDL231C,0.04896
YNR058W,0.04992
YDR402C,0.05116
YNR069C,0.0512
YJL089W,0.05161
YBR018C,0.05268
YIR021W-A,0.05326
YPL258C,0.05361
YPR117W,0.05476
YKL187C,0.05496
YML002W,0.05503
YLR394W,0.05554
YKL050C,0.05784
YKL161C,0.05794
YNL331C,0.05888
YLL056C,0.05936
YGR289C,0.06026
YGL193C,0.0621
YJR149W,0.06256
YKR104W,0.06438
YNL196C,0.06572
YGR066C,0.06733
YNL097C-B,0.06943
YLL055W,0.07045
YOR298W,0.07164
YPL167C,0.07282
YNR056C,0.0748
YPR007C,0.0761
YKR102W,0.07658
YDR242W,0.07661
YOL014W,0.07939
YMR232W,0.07941
YOR351C,0.08223
YMR306W,0.08272
YDR082W,0.08343
YIL164C,0.08404
YBR270C,0.08444
YDL079C,0.08477
YEL009C,0.08511
YJR153W,0.08724
YNL270C,0.08949
YIR041W,0.08953
YKR103W,0.08968
YKL071W,0.09146
YLR031W,0.09255
YDR263C,0.09305
YNL187W,0.09329
YHL032C,0.09472
YLR164W,0.09487
YML066C,0.09519
YLR343W,0.09699
YNR072W,0.0972
YKL188C,0.09759
YER044C-A,0.09907
YOR161C-C,0.09941
YHL043W,0.09964
YDL218W,0.09974
YLR318W,0.09996
YOR186W,0.10122
YDR256C,0.10142
YOR328W,0.1055
YOR388C,0.10631
YJR154W,0.10756
YMR065W,0.10833
YJR004C,0.11059
YNL014W,0.11093
YKL132C,0.11209
YCL021W-A,0.11444
YKL222C,0.1149
YOR032C,0.11491
YBR293W,0.11504
YGL015C,0.11772
YLR037C,0.11789
YKR015C,0.11858
YML054C,0.11997
YGL158W,0.12009
YOR178C,0.12103
YOL113W,0.12218
YDL109C,0.12319
YOR348C,0.12453
YPL174C,0.12506
YDL214C,0.12525
YDL154W,0.12555
YAL034C,0.12561
YPL200W,0.126
YCR098C,0.12627
YPR194C,0.12935
YLR320W,0.1312
YKL070W,0.13262
YPL034W,0.13362
YOL084W,0.1338
YHR210C,0.13417
YMR084W,0.1354
YDR504C,0.1366
YML042W,0.13703
YIL099W,0.13755
YER065C,0.13765
YCL001W-A,0.13772
YML023C,0.13883
YLR266C,0.14278
YCR020C,0.14506
YHR139C,0.14556
YER041W,0.14614
YOL163W,0.14835
YNL294C,0.15094
YPL269W,0.15212
YLR233C,0.15294
YGR146C-A,0.15353
YFL003C,0.1554
YKR069W,0.15649
YEL067C,0.15714
YOR137C,0.15727
YOL164W,0.15767
YMR056C,0.15773
YPL121C,0.15824
YKR061W,0.15859
YIR029W,0.15977
YDR459C,0.16083
YHR080C,0.16313
YNL146C-A,0.16445
YER184C,0.16485
YLL057C,0.16554
YLR329W,0.16594
YEL072W,0.16667
YMR271C,0.16704
YAR029W,0.17043
YNL318C,0.17236
YLR227C,0.17385
YLL005C,0.17388
YBR040W,0.17445
YGL249W,0.17466
YPR196W,0.17593
YDR124W,0.17633
YFL020C,0.17698
YHL035C,0.17737
YBR163W,0.17743
YPR085C,0.17777
YLR285C-A,0.17854
YPR001W,0.17875
YGL096W,0.17949
YHR048W,0.18015
YBR043C,0.18059
YER115C,0.18092
YOR100C,0.18256
YIR042C,0.18293
YFL030W,0.18413
YBL088C,0.18451
YFL055W,0.18468
YOR306C,0.18485
YDR160W,0.18607
YJL093C,0.18641
YNR070W,0.18836
YMR096W,0.18842
YOR387C,0.189
YOR313C,0.1902
YOL024W,0.19025
YBR276C,0.19088
YDR387C,0.19218
YGL136C,0.19219
YGL251C,0.19259
YML051W,0.19482
YLL003W,0.19573
YBR117C,0.19588
YBR182C,0.19594
YOL091W,0.19624
YAL018C,0.19627
YPL148C,0.19638
YOR381W,0.19713
YPL130W,0.19742
YPL280W,0.19845
YKL026C,0.19954
Q0130,0.19986
YKR005C,0.20056
YIL160C,0.20089
YIR032C,0.20126
YDL048C,0.20259
YDR332W,0.20293
YGL176C,0.20367
YJL209W,0.20412
YCR089W,0.20492
YOR107W,0.20498
YPL171C,0.20505
YGL183C,0.2072
YLL060C,0.20773
YOR237W,0.20835
YDL204W,0.2094
YIR019C,0.20982
YDR004W,0.21014
YEL030W,0.21017
YOR120W,0.21035
YAL062W,0.21035
YOL105C,0.21068
YKR054C,0.21073
YIL120W,0.21101
YJR036C,0.21235
YMR207C,0.21294
YGL090W,0.2154
YCR021C,0.21589
YKL220C,0.21709
YGL256W,0.21729
YNL117W,0.21789
YGR168C,0.21826
YGL063W,0.21949
YLR087C,0.21971
YOR080W,0.2198
YBR076W,0.21982
YAL037W,0.22102
YLR368W,0.22118
YGR059W,0.22175
YMR175W-A,0.22177
YKR058W,0.22179
YJL105W,0.22243
YOL043C,0.22281
YKL086W,0.22345
YPL201C,0.2246
YER185W,0.22542
YPL075W,0.2257
YLR125W,0.22589
YFL040W,0.22848
YOL112W,0.22876
YBR203W,0.22876
YNL094W,0.2298
YOR242C,0.23134
YBR033W,0.23212
YDL222C,0.2322
YBL052C,0.23307
YJR150C,0.23307
YAL054C,0.23334
YCR106W,0.23339
YOR059C,0.23423
YKL133C,0.23487
YNR059W,0.23555
YJL043W,0.23568
YDL247W,0.23578
YBR250W,0.23615
YPL272C,0.23791
YOR205C,0.23818
YIL037C,0.23852
YER085C,0.23856
YML047C,0.23898
YDL176W,0.23921
YAL067C,0.23988
YPL088W,0.24029
YEL025C,0.24033
YGL134W,0.24238
YJL025W,0.24299
YBR301W,0.243
YCR104W,0.243
YPL186C,0.24421
YDR265W,0.24466
YGR087C,0.24485
YOL068C,0.24561
YDR249C,0.24579
YPL268W,0.24649
YML104C,0.24653
YBL014C,0.24754
YGR070W,0.24792
YML068W,0.2483
YKR053C,0.24906
YJL153C,0.25016
YKR097W,0.25024
YKR098C,0.25038
YLR224W,0.2504
YGR236C,0.25042
YBR180W,0.25196
YDR314C,0.2538
YPR005C,0.25417
YMR257C,0.25563
YEL016C,0.25575
YPR030W,0.25633
YGR248W,0.25669
YPL149W,0.25891
YOL154W,0.25936
YLR341W,0.2596
YOR193W,0.25991
YCR073C,0.26077
YLR012C,0.26137
YOR214C,0.26169
YLR267W,0.26181
YLR014C,0.26294
YFR022W,0.26342
YGR062C,0.26418
YLR377C,0.26592
YPR160W,0.26667
YPR193C,0.26772
YCL026C-A,0.26946
YLR130C,0.26984
YFR012W,0.27048
YER106W,0.27149
YER024W,0.27231
YJR095W,0.27277
YOR172W,0.27447
YHR204W,0.27451
YER054C,0.27502
YKL176C,0.2795
YPL147W,0.27955
YLR213C,0.28034
YGL113W,0.28126
YJL027C,0.28465
YLR177W,0.2848
YGL257C,0.28524
YLR152C,0.2854
YBR168W,0.28546
YBR128C,0.28586
YAR023C,0.28607
YGR213C,0.28626
YMR090W,0.28765
YNL142W,0.28888
YGL263W,0.28907
YBR019C,0.28961
YOR190W,0.29069
YLR246W,0.29077
YMR126C,0.29186
YER051W,0.29215
YER153C,0.29216
YEL057C,0.29256
YHR014W,0.29312
YDR223W,0.29364
YMR176W,0.29365
YPL164C,0.2939
YDR350C,0.29501
YPR200C,0.29576
YIL072W,0.2959
YHR194W,0.29692
YFL054C,0.29745
YJR005C-A,0.29775
YER173W,0.29801
YPL187W,0.29829
YOR339C,0.2989
YLR242C,0.2994
YMR118C,0.30243
YOR365C,0.30291
YBR284W,0.3032
YDL197C,0.3034
YGL243W,0.30374
YGL131C,0.30383
YKR051W,0.3057
YDL073W,0.30636
YDR275W,0.30755
YNL230C,0.30777
YDR370C,0.30862
YML099C,0.30922
YPL282C,0.30927
YBR259W,0.3094
YPL189W,0.30947
YLR067C,0.30964
YNL063W,0.31045
YHR150W,0.31109
YDR132C,0.3112
YGR131W,0.31142
YLR454W,0.31151
YDL024C,0.31151
YOR305W,0.31171
YMR180C,0.3118
YHL044W,0.31181
YOR338W,0.31204
YGL170C,0.31214
YBR295W,0.31241
YGL146C,0.31249
YDR541C,0.31269
YDR403W,0.31281
YDL080C,0.31333
YMR064W,0.31442
YNL279W,0.31454
YJR147W,0.31736
YHL026C,0.3177
YLR313C,0.31804
YFL053W,0.31838
YMR251W,0.31971
YBL095W,0.32072
YMR095C,0.32131
YMR023C,0.32135
YOL081W,0.32192
YDR542W,0.324
YPR115W,0.3242
YFR023W,0.3244
YOR208W,0.32515
YHR035W,0.32573
YJR141W,0.32606
YPL216W,0.32618
YDL138W,0.32675
YHR091C,0.32684
YDL194W,0.32858
YKL217W,0.32919
YKL015W,0.32959
YHL016C,0.33025
YDR197W,0.33067
YGR201C,0.33099
YAL056W,0.33331
YHR157W,0.33406
YIL151C,0.33448
YOR380W,0.33469
YNL128W,0.33486
YOL052C-A,0.33526
YCR032W,0.33613
YHR078W,0.33704
YOR030W,0.33792
YML116W,0.33793
YLR013W,0.33846
YLR443W,0.33876
YHR134W,0.33884
YJL129C,0.33919
YGR088W,0.33954
YDL146W,0.33975
YLL054C,0.34013
YDL170W,0.34133
YCR045C,0.34156
YCL004W,0.34189
YBL049W,0.34216
YLR376C,0.34222
YJL044C,0.34259
YPR013C,0.34422
YIL092W,0.34423
YLL049W,0.34486
YIL085C,0.347
YOR152C,0.34708
YDR522C,0.3474
YNL029C,0.34806
YHR022C,0.34826
YAR035W,0.34831
YMR270C,0.34843
YJR061W,0.34922
YDR444W,0.34996
YFR032C-B,0.35136
YBR223C,0.35155
YLR273C,0.35307
YPR068C,0.35363
YOR231W,0.35396
YLR353W,0.35402
YNL194C,0.35405
YBR228W,0.35473
YFR032C,0.35495
YMR053C,0.35504
YOR154W,0.35577
YKL098W,0.35679
YPR157W,0.35832
YNL024C,0.35955
YOR003W,0.36068
YEL006W,0.36069
YGL085W,0.36088
YCL036W,0.36141
YCL056C,0.36161
YPL230W,0.36199
YLR312C,0.36331
YJL057C,0.36356
YDR009W,0.36433
YMR190C,0.36433
YER076C,0.36531
YJR008W,0.36603
YPL165C,0.36604
YPL042C,0.36615
YOR019W,0.36723
YPL022W,0.36801
YMR020W,0.36805
YPL214C,0.36923
YJR120W,0.36925
YOL140W,0.37013
YHR071W,0.37065
YBR136W,0.37069
YDR065W,0.37189
YPL008W,0.37269
YOL001W,0.37295
YDR420W,0.37327
YDL223C,0.37415
YIL146C,0.37803
YLR035C,0.37805
YDR034W-B,0.37858
YJR039W,0.37886
YPL052W,0.37951
YER132C,0.37992
YJR130C,0.38016
YOR026W,0.38049
YOL128C,0.38066
YNR045W,0.38105
YML043C,0.38131
YPL151C,0.38131
YCR037C,0.38213
YOR303W,0.38257
YJR112W-A,0.3834
YLR098C,0.38378
YKL171W,0.38422
YPL095C,0.38425
YJL037W,0.38433
YER038C,0.38466
YCR023C,0.3851
YDR179W-A,0.38518
YDR499W,0.38604
YLR251W,0.38658
YLL051C,0.3885
YNL249C,0.38881
YHR004C,0.38884
YOR269W,0.38898
YJL023C,0.39006
YMR187C,0.39041
YFL027C,0.39051
YNL080C,0.39092
YLR127C,0.39116
YKR034W,0.39151
YNR057C,0.39295
YHR151C,0.39438
YNL335W,0.39463
YBR237W,0.39544
YMR299C,0.39597
YMR265C,0.39626
YPR009W,0.39655
YBR274W,0.39739
YNR071C,0.39772
YCL002C,0.39807
YGR057C,0.39865
YOR043W,0.39867
YOL103W,0.39888
YHR120W,0.39907
YPR109W,0.39908
YMR034C,0.39957
YPR031W,0.39977
YHR177W,0.39998
YKR036C,0.40034
YJR115W,0.40053
YKR064W,0.40138
YOL047C,0.40252
YDR042C,0.40305
YJR127C,0.40311
YMR169C,0.40383
YIL017C,0.40409
YOR005C,0.40463
YNL025C,0.40502
YGR257C,0.40746
YDR181C,0.40796
YHR176W,0.40897
YIL024C,0.40917
YKL065W-A,0.41003
YPR078C,0.41072
YDR419W,0.41076
YER005W,0.41104
YIL139C,0.41177
YBR030W,0.41196
YKL090W,0.41199
YML100W,0.41264
YBL066C,0.41315
YPL027W,0.41364
YJL090C,0.41368
YJR122W,0.41381
YPR057W,0.41385
YJL103C,0.4145
YOR060C,0.41466
YGR144W,0.41487
YMR171C,0.41554
YHR106W,0.41625
YDR421W,0.41674
YDR235W,0.41699
YNR062C,0.41761
YGR170W,0.41771
YIR021W,0.41796
YKR044W,0.41859
YJR021C,0.4192
YDR536W,0.41985
YMR026C,0.42006
YOL132W,0.42034
YGL144C,0.42137
YGR150C,0.42162
YML107C,0.42178
YOR062C,0.42207
YPL066W,0.42215
YLR097C,0.42231
YIL166C,0.42267
YOR064C,0.42283
YMR282C,0.42309
YLR457C,0.42319
YIR028W,0.4233
YLR165C,0.42396
YDL186W,0.42525
YHL046C,0.42525
YKR004C,0.42539
YLR422W,0.4256
YBR107C,0.42609
YHR129C,0.42847
YNL329C,0.42901
YLR253W,0.4295
YLR381W,0.43094
YJR054W,0.4312
YIL071C,0.43126
YDR318W,0.43246
YIL013C,0.43295
YIL047C,0.43313
YNL073W,0.43349
YPR192W,0.43376
YPL175W,0.43383
YBR158W,0.43408
YGR015C,0.43538
YKL107W,0.43548
YNL018C,0.43616
YOR009W,0.43665
YHR165C,0.43726
YGR221C,0.43747
YGR256W,0.43756
YGR043C,0.43786
YKL203C,0.43816
YOL009C,0.43825
YBR220C,0.43914
YJR066W,0.43916
YDR109C,0.4392
YGR216C,0.43969
YIL002C,0.44007
YEL005C,0.44013
YNL257C,0.44021
YDL244W,0.44044
YFR005C,0.44058
YPL082C,0.44067
YML081W,0.4417
YOR073W,0.44199
YOL097W-A,0.44237
YGR171C,0.44276
YKL201C,0.44319
YHR155W,0.44359
YCR101C,0.44391
YDR336W,0.44556
YIR027C,0.4464
YHR185C,0.44684
YDR364C,0.44685
YDR128W,0.44705
YPR083W,0.44741
YDL085W,0.44774
YDR206W,0.44777
YOR033C,0.44835
YHR131C,0.44864
YMR258C,0.4493
YGR238C,0.44953
YOR324C,0.4502
YMR175W,0.45053
YAL028W,0.45091
YLR431C,0.45105
YHL012W,0.45117
YKL038W,0.45168
YLR247C,0.45171
YDR540C,0.45184
YOR249C,0.45184
YIL046W,0.45194
YKL033W,0.45209
YIL113W,0.45214
YGL094C,0.45253
YGL154C,0.45269
YER098W,0.45297
YHR015W,0.45368
YIL014C-A,0.45423
YOL063C,0.45458
YJL046W,0.45587
YNL172W,0.45629
YMR162C,0.45703
YHR199C,0.45711
YKL011C,0.45722
YLR054C,0.45796
YMR127C,0.45815
YMR019W,0.45902
YDR259C,0.46004
YDR125C,0.4606
YIL031W,0.46107
YGL124C,0.4612
YLR188W,0.46138
YGL229C,0.46181
YOL157C,0.46223
YPL015C,0.46295
YLR283W,0.46326
YGR098C,0.46372
YJL016W,0.46405
YGL155W,0.46473
YLR099C,0.4648
YMR244W,0.46543
YDR523C,0.46546
YBL060W,0.4656
YPL003W,0.46568
YOR011W,0.46688
YLR077W,0.46727
YPR011C,0.46762
YCR010C,0.4682
YOR384W,0.46924
YKL221W,0.47036
YLR375W,0.47046
YHR124W,0.47058
YOR162C,0.47069
YOR222W,0.4711
YNL295W,0.47175
YOR363C,0.47189
YER081W,0.47236
YBR055C,0.47286
YPR026W,0.47378
YNL012W,0.47465
YML131W,0.47469
YIL014W,0.47479
YML038C,0.47512
YJL112W,0.47519
YDR104C,0.47537
YGR270W,0.4754
YPL011C,0.47548
YDR386W,0.47555
YDL206W,0.47591
YDR119W-A,0.47592
YLL052C,0.47605
YNL011C,0.47676
YPL248C,0.47725
YML083C,0.47781
YCR007C,0.47792
YGR188C,0.47808
YLR412W,0.47865
YMR182C,0.4795
YIL129C,0.48048
YOR296W,0.48052
YMR017W,0.48216
YPL104W,0.48277
YOL062C,0.48294
YLR426W,0.4831
YOL055C,0.48394
YCR079W,0.48437
YLR053C,0.48447
YOR129C,0.48463
YNL165W,0.4847
YOR330C,0.48518
YPL040C,0.48525
YLR030W,0.48576
YPL024W,0.48592
YJL210W,0.48641
YJL071W,0.48651
YER129W,0.4867
YOR166C,0.48674
YMR319C,0.48725
YDR137W,0.48733
YLR460C,0.48823
YPL007C,0.48883
YDR273W,0.48888
YDR359C,0.48903
YNL092W,0.48927
YNL083W,0.48966
YJL127C-B,0.48974
YOL083W,0.49021
YKR091W,0.49076
YDR198C,0.49102
YIL134W,0.49112
YGL255W,0.49112
YPL270W,0.49189
YBR045C,0.49315
YAL020C,0.49398
YMR066W,0.49482
YML096W,0.4949
YFL012W,0.49532
YNR060W,0.49596
YDR026C,0.49625
YJR006W,0.4963
YLL042C,0.49707
YFR031C,0.49718
YGR053C,0.49779
YBR294W,0.49812
YIL152W,0.49828
YLR288C,0.49846
YMR293C,0.49846
YJL005W,0.49851
YMR185W,0.49857
YGL114W,0.49903
YJL147C,0.49959
YIL147C,0.4997
YGR224W,0.49972
YOR255W,0.50042
YJL187C,0.5005
YDR334W,0.50059
YMR172W,0.50162
YOR183W,0.50204
YGL211W,0.5027
YGR067C,0.50277
YOL033W,0.50285
YOL011W,0.50288
YBR208C,0.50291
YPL244C,0.50318
YHR199C-A,0.50334
YGR096W,0.50377
YLR004C,0.50597
YKL093W,0.5061
YOR093C,0.50635
YOL048C,0.50706
YMR316W,0.50757
YDL211C,0.50863
YPL072W,0.50873
YDL210W,0.50968
YPR184W,0.50978
YIL159W,0.51023
YOR227W,0.51059
YJL100W,0.51077
YAR003W,0.511
YOR017W,0.5115
YPR164W,0.51216
YKR086W,0.5135
YDR030C,0.51359
YDR315C,0.51365
YNL042W,0.51448
YMR154C,0.51496
YBL029W,0.51555
YNL188W,0.51574
YBL005W,0.51586
YOR266W,0.5161
YPL033C,0.51642
YOR389W,0.5165
YFR046C,0.51733
YDR078C,0.51801
YOL110W,0.51931
YKR009C,0.51971
YPL029W,0.51981
YGR121C,0.5204
YDR363W,0.52103
YDR291W,0.5211
YBR246W,0.52121
YJL185C,0.52178
YER096W,0.52236
YCR019W,0.52258
YIL067C,0.52349
YIL055C,0.5237
YIR002C,0.52409
YER113C,0.52426
YDL133W,0.5243
YOR177C,0.52482
YML046W,0.52523
YLR189C,0.52539
YPR138C,0.52551
YHL047C,0.52568
YKR101W,0.52592
YKL048C,0.52713
YBR050C,0.52759
YJL056C,0.52778
YMR262W,0.52929
YPR021C,0.52969
YPR070W,0.52987
YDR085C,0.53001
YBL019W,0.53049
YNL019C,0.53157
YJL160C,0.53164
YDR126W,0.53185
YOL125W,0.53228
YOR149C,0.5325
YNL333W,0.53264
YOR275C,0.5328
YLR360W,0.5331
YJR089W,0.53312
YDR288W,0.53365
YHL028W,0.53419
YHR079C,0.53483
YER152C,0.53531
YBR133C,0.53641
YLR010C,0.53657
YMR279C,0.53746
YDL183C,0.53749
YOR191W,0.53916
YNR064C,0.53986
YDL238C,0.53998
YDR018C,0.54074
YNL275W,0.54083
YDR142C,0.54109
YAL029C,0.5415
YOR350C,0.54179
YNL009W,0.54318
YJR062C,0.54344
YER028C,0.54356
YDR073W,0.54399
YLR108C,0.54424
YGL045W,0.54469
YBR255W,0.54472
YGR222W,0.5449
YML118W,0.54495
YKR099W,0.54502
YLR436C,0.54533
YPL236C,0.54539
YLR020C,0.54601
YMR097C,0.54627
YJL095W,0.54766
YHR168W,0.54852
YDR319C,0.54853
YPL137C,0.54868
YGL197W,0.54949
YLL035W,0.54999
YIL073C,0.5501
YPR093C,0.5518
YLR137W,0.55218
YKR027W,0.55283
YKL149C,0.55325
YER046W,0.55353
YHL008C,0.5537
YBR044C,0.55436
YPR127W,0.5546
YPL083C,0.55465
YIL090W,0.55539
YLR297W,0.55542
YGR258C,0.55544
YLR383W,0.5559
YGR108W,0.55699
YPL064C,0.55791
YPR108W-A,0.55857
YLR417W,0.55861
YOL075C,0.55881
YJL101C,0.5594
YMR198W,0.56028
YPL005W,0.56072
YIL132C,0.56087
YPR201W,0.56094
YJR110W,0.5612
YGR042W,0.56159
YML091C,0.56172
YHR119W,0.5622
YLR382C,0.56232
YGL121C,0.56236
YPR071W,0.56311
YML032C,0.56316
YGR077C,0.56345
YCR075C,0.56419
YMR013C,0.56443
YNR066C,0.56476
YER015W,0.56527
YPR084W,0.56624
YPL133C,0.56642
YNL023C,0.56647
YOR292C,0.56696
YLR308W,0.567
YML100W-A,0.567
YJR138W,0.56752
YLR105C,0.56831
YKL168C,0.56864
YAL024C,0.56872
YDL069C,0.56895
YHR209W,0.56912
YJL028W,0.56931
YJL206C,0.56955
YDR323C,0.57036
YGL003C,0.57119
YLR305C,0.57155
YDL027C,0.57163
YLR430W,0.572
YCR008W,0.57288
YPL103C,0.57293
YJL092W,0.57324
YDR362C,0.57358
YPR105C,0.57373
YHR164C,0.57409
YGL248W,0.57501
YML087C,0.57545
YLR371W,0.5756
YAL015C,0.57581
YLR425W,0.5767
YMR036C,0.57676
YLR016C,0.57707
YHR077C,0.57733
YAL002W,0.57753
YKL198C,0.5776
YHL040C,0.57763
YML088W,0.57784
YER144C,0.57877
YPL122C,0.57993
YOR228C,0.58005
YMR252C,0.58013
YER033C,0.58025
YDL013W,0.5811
YHR075C,0.5818
YPL017C,0.58273
YLR445W,0.58287
YOR173W,0.58292
YNL046W,0.58343
YDR479C,0.58352
YPR095C,0.58409
YER060W,0.58484
YBR147W,0.58512
YPL242C,0.58558
YDR443C,0.58651
YGL126W,0.58662
YAL017W,0.58683
YNL234W,0.58811
YMR280C,0.58875
YLR258W,0.58927
YEL020C,0.58984
YDR131C,0.5901
YER007W,0.59028
YBR114W,0.59043
YHR099W,0.59048
YBR110W,0.59051
YOL034W,0.59107
YLR091W,0.59108
YAR018C,0.59117
YMR283C,0.5914
YER140W,0.59157
YDR439W,0.59161
YHL019C,0.59162
YDR349C,0.59363
YLR142W,0.59386
YNR031C,0.59411
YKR017C,0.59414
YMR068W,0.59442
YGL117W,0.59541
YEL064C,0.59547
YDR285W,0.59552
YJL051W,0.596
YCL052C,0.59621
YER130C,0.59633
YMR284W,0.59752
YDL036C,0.5978
YER147C,0.59787
YDR423C,0.59803
YJL207C,0.5981
YDR159W,0.59925
YNL299W,0.59928
YGR252W,0.59995
YBR291C,0.60067
YGR099W,0.60148
YMR040W,0.6016
YNL126W,0.60182
YGR288W,0.60225
YKR063C,0.60236
YIL153W,0.60302
YHR067W,0.60327
YPR140W,0.60327
YBR060C,0.60442
YJR100C,0.60503
YHR142W,0.60536
YOL138C,0.60559
YBR183W,0.60566
YDR407C,0.60591
YGR134W,0.60599
YDR475C,0.6062
YDL033C,0.60672
YJR005W,0.60889
YNL332W,0.60932
YLR226W,0.61016
YIL023C,0.61038
YDR147W,0.61053
YMR119W,0.61057
YLR451W,0.61057
YLL002W,0.61088
YOR147W,0.61157
YFR019W,0.61157
YBR153W,0.61161
YPL045W,0.61167
YNL314W,0.61168
YMR209C,0.61179
YBR140C,0.61199
YOR346W,0.61231
YLR006C,0.61279
YOR290C,0.6128
YKR078W,0.6129
YDR306C,0.61401
YER093C,0.61405
YNL038W,0.61428
YBR175W,0.61439
YMR177W,0.61652
YLR107W,0.61656
YKR088C,0.61665
YMR029C,0.61715
YGR217W,0.61717
YEL052W,0.61749
YNL119W,0.6175
YKR038C,0.61769
YHL014C,0.61781
YDR446W,0.61849
YAL058W,0.61868
YPL194W,0.61877
YFR053C,0.6188
YHR002W,0.61953
YNL003C,0.61954
YOR299W,0.61959
YHL036W,0.61994
YBR184W,0.62011
YPR178W,0.62087
YDR457W,0.62098
YNL223W,0.62194
YFL024C,0.62263
YJL133W,0.62292
YNL101W,0.62325
YGL059W,0.62414
YDL117W,0.6243
YPL221W,0.62526
YDL207W,0.62539
YAL011W,0.62592
YHL025W,0.626
YJR035W,0.62601
YPL069C,0.62605
YPR134W,0.62637
YLR117C,0.62647
YIL009W,0.62661
YML114C,0.62718
YDR371W,0.6274
YOL073C,0.6275
YHL023C,0.62761
YBR131W,0.62781
YER077C,0.62793
YMR234W,0.62822
YGR169C,0.62979
YPR167C,0.62986
YGL006W,0.62993
YGR127W,0.63048
YHL006C,0.63052
YCL048W,0.6307
YDR283C,0.63071
YOR378W,0.63088
YDR014W,0.63173
YNR055C,0.63194
YNL127W,0.63255
YJR046W,0.63402
YGR028W,0.63411
YKR089C,0.63461
YJL118W,0.63551
YBL054W,0.63572
YLR168C,0.63589
YNL221C,0.63726
YDR376W,0.63737
YKR010C,0.63843
YKL121W,0.63925
YNR004W,0.64041
YJL058C,0.64067
YOR174W,0.64122
YFR039C,0.64157
YHR045W,0.64286
YHR017W,0.64298
YHR178W,0.64332
YGR003W,0.64379
YIR023W,0.64386
YJR090C,0.64418
YFR017C,0.64471
YJR136C,0.64484
YJR003C,0.64486
YNL271C,0.6452
YOL095C,0.64585
YPL150W,0.64588
YHR103W,0.64642
YNR075W,0.64674
YLR103C,0.64676
YBR240C,0.64705
YGL175C,0.6475
YDR317W,0.6478
YDR034C,0.64783
YJL139C,0.64797
YOL069W,0.64818
YEL053C,0.6485
YNL144C,0.64947
YBL031W,0.64954
YLR405W,0.64957
YNR032W,0.64974
YOR342C,0.64985
YKL162C,0.65062
YIL122W,0.6514
YDR216W,0.65146
YLR057W,0.6519
YIL006W,0.65201
YLR092W,0.65211
YAL009W,0.65226
YMR100W,0.65237
YNL254C,0.65286
YMR088C,0.6532
YKR052C,0.65326
YGR166W,0.65341
YGL140C,0.65351
YNR027W,0.65458
YMR313C,0.65483
YHR182W,0.65556
YDL105W,0.65564
YFR015C,0.65573
YNL033W,0.65581
YDL180W,0.65584
YNL047C,0.65595
YMR163C,0.657
YPL109C,0.65751
YDR108W,0.6579
YHR073W,0.65803
YOR334W,0.65838
YGR068C,0.65854
YOR161C,0.65875
YCR081W,0.65903
YDR393W,0.65905
YMR268C,0.65968
YPL168W,0.66048
YGR071C,0.66095
YOR291W,0.66104
YBR217W,0.66112
YJL132W,0.66137
YKL178C,0.66153
YOR071C,0.66224
YKL019W,0.66244
YGL163C,0.66247
YDR498C,0.66266
YDL030W,0.66279
YLR310C,0.66287
YLR115W,0.66301
YML059C,0.66375
YNR002C,0.66387
YHR109W,0.6645
YDL076C,0.66461
YBR239C,0.6652
YMR287C,0.66553
YLR271W,0.66566
YGL224C,0.66611
YMR168C,0.66626
YBL106C,0.66637
YOL072W,0.66666
YOL023W,0.66682
YOR233W,0.66687
YNL213C,0.66719
YLR316C,0.66725
YLR116W,0.66777
YDL134C,0.66812
YOR360C,0.66841
YMR196W,0.66863
YDR488C,0.66907
YJL161W,0.66909
YGR041W,0.66923
YKR022C,0.66939
YPL223C,0.66977
YDR118W,0.66995
YJL141C,0.67023
YOR307C,0.67034
YCL005W,0.67103
YBR297W,0.67133
YBR047W,0.67199
YNR074C,0.67213
YOR037W,0.67229
YGL159W,0.67255
YDL220C,0.67267
YHL010C,0.67272
YNL261W,0.67282
YBL067C,0.67337
YLR007W,0.67359
YBR275C,0.67389
YDL142C,0.67446
YPL202C,0.67456
YDR067C,0.67467
YBR235W,0.67472
YLR278C,0.67523
YPR015C,0.67524
YKL208W,0.67554
YDR058C,0.67574
YGR040W,0.67582
YPL255W,0.67602
YJL013C,0.67673
YLR240W,0.67776
YLR272C,0.67784
YAL040C,0.6779
YJL070C,0.67837
YLR456W,0.67855
YLR411W,0.67912
YJL029C,0.67944
YMR218C,0.67962
YCL069W,0.6804
YMR155W,0.6813
YMR114C,0.68183
YHR072W,0.68187
YPL179W,0.68241
YJR124C,0.68259
YJR140C,0.6831
YOR278W,0.68427
YPL097W,0.68436
YGL079W,0.6845
YNL240C,0.68454
YML121W,0.68456
YCR033W,0.68482
YLR289W,0.68483
YNL169C,0.68499
YER017C,0.68618
YGL143C,0.68653
YIL158W,0.68659
YPL058C,0.68676
YJL045W,0.68703
YPR047W,0.68717
YPR169W,0.688
YPL222W,0.68824
YFL011W,0.68851
YDR383C,0.68858
YHR031C,0.68874
YGL036W,0.68875
YPL087W,0.68888
YHR196W,0.68891
YLR281C,0.68892
YEL043W,0.68921
YLR138W,0.68929
YOR201C,0.68946
YLR424W,0.69086
YMR166C,0.69101
YOR028C,0.69101
YOR368W,0.69136
YOR155C,0.69211
YDL114W,0.69265
YPL140C,0.69326
YPL224C,0.69341
YCR091W,0.69351
YBR028C,0.69364
YBL082C,0.69384
YPL208W,0.69412
YLL046C,0.6943
YLR073C,0.69479
YOR213C,0.69526
YJR084W,0.69527
YLR453C,0.69572
YOL013C,0.69611
YNL152W,0.69637
YDR414C,0.69657
YDR111C,0.69662
YGR120C,0.69678
YDR254W,0.69688
YOL087C,0.6973
YLR239C,0.69747
YKL012W,0.69824
YBR005W,0.69836
YPR151C,0.6987
YPR199C,0.69902
YDR268W,0.69937
YAL001C,0.69965
YDR524C,0.70003
YER175C,0.70006
YEL041W,0.70058
YHR030C,0.70153
YFL033C,0.70223
YOR337W,0.70228
YOL028C,0.70375
YKL072W,0.70463
YJR033C,0.70478
YGL215W,0.70534
YOR370C,0.70577
YNL262W,0.70726
YLR141W,0.7086
YDL246C,0.70875
YNL053W,0.70878
YLL033W,0.70883
YGL150C,0.7094
YJR011C,0.70941
YOL151W,0.70952
YKR096W,0.70964
YKL194C,0.70996
YDL059C,0.71034
YKR031C,0.71047
YLR085C,0.71118
YPR023C,0.71127
YIL089W,0.7113
YDR435C,0.71133
YHR083W,0.71185
YOR044W,0.7127
YBR255C-A,0.71281
YNL272C,0.71351
YDR325W,0.71365
YPR111W,0.71401
YBR097W,0.71465
YMR243C,0.71468
YGR223C,0.71471
YBR098W,0.71478
YJL162C,0.71525
YMR094W,0.71562
YML102W,0.71563
YLR277C,0.71648
YKL155C,0.71706
YCL040W,0.71735
YMR025W,0.71793
YLR070C,0.71797
YOR246C,0.71802
YPL134C,0.71817
YOR244W,0.71882
YJL083W,0.71907
YGL233W,0.71913
YMR137C,0.71926
YKL005C,0.71964
YNL159C,0.72046
YMR189W,0.72137
YPR002W,0.72174
YBL039W-B,0.72181
YMR098C,0.72239
YDL049C,0.72275
YER045C,0.72296
YKL197C,0.72303
YIL001W,0.72323
YMR240C,0.72383
YNL125C,0.72437
YHR195W,0.72448
YNL283C,0.72449
YGL002W,0.72494
YOR002W,0.7252
YOR034C,0.72534
YDR313C,0.72547
YDR255C,0.72555
YPR066W,0.72629
YDR027C,0.72664
YCR036W,0.72711
YCR066W,0.72749
YBR001C,0.72758
YDL077C,0.72806
YDR533C,0.72856
YFR025C,0.72887
YFL047W,0.72944
YLR284C,0.72982
YKL101W,0.7303
YNL206C,0.73036
YDR218C,0.73057
YLR427W,0.73073
YBL063W,0.7308
YPL105C,0.73092
YOL148C,0.73175
YOL082W,0.73191
YDL129W,0.73194
YPR122W,0.73287
YGL169W,0.73325
YJR135C,0.7338
YAL031C,0.73425
YDR532C,0.7346
YML019W,0.73583
YGL179C,0.73587
YJR030C,0.73594
YNL293W,0.736
YBL011W,0.73626
YOR319W,0.73654
YER167W,0.73783
YMR301C,0.73951
YLR404W,0.73973
YLR256W,0.74032
YDR240C,0.7404
YGL013C,0.7404
YNL317W,0.74055
YGR194C,0.74094
YER155C,0.74135
YDR110W,0.74139
YIL068C,0.74227
YGR179C,0.74287
YML128C,0.74331
YNR048W,0.74334
YFL009W,0.74386
YOR022C,0.74398
YIL079C,0.74412
YHR126C,0.74419
YOR353C,0.74492
YMR078C,0.74531
YBR103W,0.74616
YDR480W,0.747
YBL080C,0.74868
YPL132W,0.74885
YGR065C,0.75039
YKR079C,0.75049
YHL022C,0.75051
YNL217W,0.75099
YJL047C,0.75174
YHR090C,0.75216
YOR256C,0.75245
YCR059C,0.75252
YGR198W,0.75261
YML082W,0.75267
YGR024C,0.75306
YGR255C,0.75307
YCR026C,0.75467
YLR392C,0.75488
YNL273W,0.75505
YJL193W,0.75513
YPR061C,0.75518
YOL158C,0.75551
YLR173W,0.75565
YOR320C,0.75579
YMR010W,0.7559
YPR091C,0.75614
YFR038W,0.75666
YIL088C,0.75672
YHR186C,0.75676
YOL100W,0.75679
YOR316C,0.7569
YKL116C,0.75861
YNL156C,0.75896
YHR166C,0.75913
YNL078W,0.75964
YDR310C,0.76017
YML050W,0.76062
YDL045C,0.76157
YNL297C,0.76168
YER171W,0.76179
YKL075C,0.76203
YDR495C,0.76228
YDL122W,0.76238
YMR030W,0.76248
YOR304W,0.76297
YBR042C,0.7633
YOL117W,0.76333
YOR349W,0.76337
YGL227W,0.7635
YPL138C,0.76383
YMR302C,0.76386
YER166W,0.76401
YOR358W,0.76456
YPR049C,0.76498
YJR024C,0.76586
YER179W,0.76596
YPR003C,0.76617
YPL076W,0.76645
YPR048W,0.76684
YMR250W,0.76689
YGR184C,0.76706
YNL164C,0.76725
YGR110W,0.76725
YNR012W,0.7678
YBR087W,0.76801
YPL077C,0.76871
YHR110W,0.76899
YKR028W,0.76914
YJR052W,0.7693
YGR093W,0.76939
YDR391C,0.76947
YER169W,0.76947
YMR042W,0.76954
YNL008C,0.76954
YDR093W,0.76973
YIL121W,0.76975
YER157W,0.77049
YDR466W,0.77076
YIR008C,0.77158
YOR301W,0.77203
YKL064W,0.77245
YKL092C,0.77261
YPR114W,0.77286
YLR024C,0.77306
YDL025C,0.77324
YPR128C,0.7738
YJL127C,0.77404
YOL036W,0.77423
YPR067W,0.77429
YBR271W,0.77449
YOL044W,0.77514
YNL051W,0.77521
YKL183W,0.77556
YFL007W,0.77645
YOL130W,0.77679
YGL051W,0.77722
YBL079W,0.77751
YDR052C,0.77777
YPL192C,0.77805
YBR081C,0.77833
YNL267W,0.77872
YDL113C,0.77905
YCR095C,0.77931
YEL029C,0.78054
YIL114C,0.78062
YJL059W,0.78071
YDR180W,0.78103
YIL045W,0.78174
YDR253C,0.78225
YBR199W,0.78276
YOR130C,0.78311
YPL264C,0.78409
YJR134C,0.7845
YMR035W,0.78478
YGR138C,0.78525
YOR354C,0.78545
YMR224C,0.78558
YJL102W,0.78615
YFR033C,0.78674
YDR338C,0.78674
YPL259C,0.78676
YNL242W,0.78677
YPR022C,0.78703
YKL109W,0.7878
YNL211C,0.78809
YOR078W,0.78817
YGL141W,0.7887
YHR198C,0.78926
YIL066C,0.78926
YFL029C,0.78993
YLL040C,0.79003
YBR165W,0.79015
YJL110C,0.79128
YKL218C,0.79144
YGR089W,0.79153
YCR018C,0.79188
YNL106C,0.7919
YDR440W,0.79262
YJR119C,0.793
YAR019C,0.79311
YOR079C,0.7937
YFR030W,0.79378
YNL311C,0.79385
YML018C,0.79457
YMR111C,0.79465
YPR025C,0.79502
YLR228C,0.79545
YML020W,0.79587
YCL016C,0.79656
YDR367W,0.79685
YER172C,0.79717
YKL139W,0.79783
YNL091W,0.7979
YLR234W,0.79793
YDR204W,0.79813
YHL038C,0.79907
YDR352W,0.79986
YDR122W,0.80082
YPR155C,0.80089
YHR050W,0.80114
YJR031C,0.80117
YLR047C,0.80148
YIL102C-A,0.80166
YML005W,0.80186
YGL246C,0.80213
YGL004C,0.8025
YFR048W,0.80261
YNL225C,0.80284
YDL035C,0.80293
YNL022C,0.80294
YNL182C,0.80296
YDL203C,0.80319
YGL095C,0.80409
YAL026C,0.80417
YPL074W,0.80417
YHL029C,0.80516
YFL042C,0.80577
YOR377W,0.80613
YOR110W,0.80633
YGR100W,0.80677
YMR063W,0.80711
YDR416W,0.80738
YGL216W,0.80821
YLR361C,0.80856
YNL039W,0.80859
YML076C,0.80886
YDR047W,0.80925
YGR046W,0.80962
YLR135W,0.81014
YER078C,0.81028
YPR081C,0.81077
YPL112C,0.81089
YNL195C,0.81107
YBL089W,0.81174
YBR105C,0.81182
YOR118W,0.81191
YDR520C,0.81192
YDR503C,0.81244
YOR127W,0.81295
YPL162C,0.81332
YMR194C-B,0.81393
YCR048W,0.8149
YDR282C,0.81498
YIL111W,0.81542
YNL218W,0.81556
YHR118C,0.81618
YPR176C,0.81629
YMR277W,0.81715
YHR009C,0.81757
YHL020C,0.81759
YHR172W,0.8182
YGR117C,0.81834
YBR204C,0.8188
YPR185W,0.81887
YKL023C-A,0.81906
YBL055C,0.81942
YDR369C,0.82028
YOR279C,0.82056
YDR076W,0.82092
YOL017W,0.82168
YMR089C,0.82173
YMR211W,0.82243
YDL001W,0.82353
YMR228W,0.82473
YJL081C,0.82499
YPR075C,0.82543
YPL247C,0.82709
YKL043W,0.82716
YMR021C,0.8272
YNL325C,0.82743
YDL177C,0.82828
YIL112W,0.82837
YDL237W,0.8284
YGL252C,0.82851
YJL038C,0.82872
YNL026W,0.8297
YMR061W,0.83015
YPL176C,0.83036
YPL039W,0.83072
YJR126C,0.83089
YIL077C,0.83112
YDR374C,0.83126
YKR041W,0.83138
YDR375C,0.83151
YJL077C,0.8319
YHR171W,0.83193
YMR170C,0.83263
YPL254W,0.83273
YDR061W,0.8332
YIR010W,0.83356
YAL027W,0.83357
YDR301W,0.83367
YJL094C,0.83368
YOL003C,0.8342
YIR013C,0.83503
YGL110C,0.83548
YBL043W,0.83552
YDR186C,0.83591
YHL039W,0.83631
YOR025W,0.83649
YLR254C,0.83681
YDR527W,0.8369
YER105C,0.83701
YJL085W,0.83737
YJR059W,0.83862
YDR458C,0.83863
YOR148C,0.83944
YLL048C,0.83982
YOR010C,0.8407
YJL054W,0.841
YLR238W,0.8412
YPL196W,0.84151
YEL062W,0.84173
YNL006W,0.84204
YOR058C,0.84209
YLL010C,0.84229
YDR257C,0.84229
YPL257W,0.84243
YCL010C,0.84252
YMR104C,0.84296
YLR023C,0.84345
YKL125W,0.84357
YGR247W,0.84377
YKL181W,0.844
YNL032W,0.84429
YHR189W,0.84471
YBL042C,0.84507
YDR494W,0.84517
YJL006C,0.84566
YNL291C,0.84585
YER137C,0.84628
YDL174C,0.84716
YMR253C,0.84725
YKL106W,0.84741
YJR096W,0.84908
YGL119W,0.84985
YBR221W-A,0.85051
YKL191W,0.85051
YMR242W-A,0.85051
YIL104C,0.85104
YEL061C,0.85131
YOR304C-A,0.85148
YCL032W,0.85168
YHR050W-A,0.85174
YLR149C,0.852
YLR307W,0.85249
YLR132C,0.85257
YKR037C,0.8529
YJR106W,0.85291
YDL063C,0.85295
YHR111W,0.85312
YBL104C,0.85313
YDR456W,0.85318
YJL126W,0.85358
YDR123C,0.85377
YBL101C,0.8538
YOR144C,0.85391
YOL115W,0.85429
YDR141C,0.85485
YMR150C,0.85504
YDR251W,0.85534
YHR003C,0.85539
YPR152C,0.85589
YOL136C,0.85611
YBL061C,0.8569
YLR260W,0.857
YGR274C,0.85732
YKR021W,0.85779
YIL107C,0.85826
YEL004W,0.85841
YIR018W,0.85861
YMR032W,0.85893
YLR106C,0.85921
YDR329C,0.85946
YDR538W,0.85958
YMR113W,0.85958
YGL107C,0.85979
YPR027C,0.85986
YJR049C,0.85989
YNL058C,0.86034
YNR029C,0.86053
YKL010C,0.86074
YHR041C,0.86155
YLR345W,0.86167
YPL157W,0.86188
YDR316W,0.86273
YOL016C,0.86276
YMR191W,0.86374
YCL024W,0.86411
YDR530C,0.8646
YOR273C,0.86523
YDL108W,0.86545
YNL077W,0.86554
YKR030W,0.86574
YDL240W,0.86621
YMR206W,0.86751
YNL326C,0.86766
YIL011W,0.86837
YDR005C,0.86906
YOL010W,0.8692
YER053C,0.86955
YKL219W,0.8699
YDR333C,0.87014
YGL017W,0.87015
YDR236C,0.87038
YMR212C,0.87069
YIL002W-A,0.87094
YBR272C,0.87094
YPL181W,0.871
YGR177C,0.87131
YOR211C,0.8715
YBL008W,0.87172
YAL014C,0.87176
YGR007W,0.87198
YMR285C,0.87207
YKR072C,0.87208
YPL116W,0.8723
YGR197C,0.8724
YNL139C,0.8733
YML062C,0.87353
YMR041C,0.87383
YGL162W,0.87411
YMR220W,0.87418
YGR283C,0.87432
YPR106W,0.87446
YGR113W,0.87482
YOL054W,0.875
YPR006C,0.87519
YDR105C,0.87571
YGL236C,0.8762
YDL199C,0.87653
YDL042C,0.87741
YDR379W,0.87817
YGL133W,0.87854
YNL238W,0.87889
YMR310C,0.87891
YPL071C,0.87913
YIR015W,0.8793
YOR373W,0.87954
Q0275,0.87991
YGR033C,0.88017
YLL043W,0.88051
YLR241W,0.88065
YIL156W,0.8812
YLR423C,0.88135
YMR133W,0.88293
YDL006W,0.88313
YLR119W,0.88356
YHR011W,0.88363
YHR084W,0.8842
YOL053W,0.88519
YDL215C,0.88606
YNL256W,0.88614
YJL048C,0.88652
YFL034W,0.8866
YMR216C,0.88678
YJL181W,0.88682
YML064C,0.8887
YJR040W,0.88964
YGR091W,0.8897
YBR125C,0.88983
YNL258C,0.89047
YGL128C,0.89079
YPL156C,0.8908
YPL245W,0.89084
YPL141C,0.89104
YBR003W,0.89141
YKR100C,0.89145
YKL079W,0.89153
YGL073W,0.89192
YLR291C,0.89244
YLR071C,0.89245
YDL189W,0.89256
YPL002C,0.89296
YDR464W,0.89381
YPL068C,0.89405
YGR122W,0.89407
YBR201W,0.8941
YML061C,0.89431
YOL045W,0.89463
YCR105W,0.89464
YPL081W,0.89506
YDR176W,0.89523
YEL022W,0.8955
YDL155W,0.89604
YOR001W,0.89616
YGL164C,0.8966
YLR191W,0.89683
YIR025W,0.8979
YCR068W,0.89795
YGR149W,0.89797
YGL112C,0.89801
YOR196C,0.89851
YPL209C,0.89879
YDR130C,0.89902
YMR005W,0.89933
YIL097W,0.89961
YLL015W,0.90008
YLL004W,0.90022
YBR195C,0.90037
YBR148W,0.90074
YJL201W,0.90202
YDR517W,0.90286
YNL065W,0.90348
YPR179C,0.90375
YPL172C,0.90466
YOR081C,0.90518
YFR018C,0.90521
YDR490C,0.90536
YJL131C,0.90546
YNL040W,0.90547
YPR162C,0.90611
YLR151C,0.90617
YOR311C,0.90672
YCL038C,0.90693
YNR041C,0.90703
YGL075C,0.9075
YGL023C,0.90782
YGL142C,0.90783
YDR135C,0.90792
YMR165C,0.908
YPL120W,0.90821
YBR200W,0.90899
YJR129C,0.90918
YNL180C,0.90935
YNL048W,0.90998
YGR165W,0.91002
YIL049W,0.91035
YPL161C,0.9104
YEL011W,0.91045
YLR265C,0.91046
YBR172C,0.91047
YER116C,0.91058
YER141W,0.91073
YFL052W,0.91116
YHR202W,0.91142
YLR237W,0.91244
YGL093W,0.91281
YDL233W,0.9133
YDR422C,0.91365
YHR156C,0.91379
YPL115C,0.91385
YDL028C,0.9142
YGR004W,0.91431
YKR076W,0.91464
YPL092W,0.91524
YER119C,0.91596
YOL101C,0.91608
YCL011C,0.91641
YDR140W,0.91681
YPL006W,0.91688
YKL089W,0.91689
YER069W,0.91713
YER008C,0.91726
YGL067W,0.91747
YJR042W,0.91815
YER061C,0.91832
YOR322C,0.91869
YCR028C,0.91909
YPR144C,0.91938
YER162C,0.91947
YKL206C,0.91976
YOR274W,0.91999
YPR186C,0.92013
YMR087W,0.92022
YOR143C,0.92042
YHR085W,0.92099
YER142C,0.92115
YMR289W,0.92188
YGR012W,0.92224
YCL051W,0.92331
YDR017C,0.92332
YMR093W,0.92378
YNL124W,0.92449
YDL019C,0.92459
YHR028C,0.92465
YHR184W,0.92491
YIR011C,0.92511
YLR178C,0.92532
YBR236C,0.92533
YDR003W,0.92591
YMR201C,0.92642
YER018C,0.92713
YHR056C,0.92716
YNR014W,0.92724
YOR115C,0.92741
YOR057W,0.9278
YNR073C,0.92782
YJL049W,0.92837
YOL152W,0.92862
YHR188C,0.92887
YCR024C,0.92899
YOL049W,0.92934
YLR166C,0.92967
YDR514C,0.92969
YDR069C,0.92976
YOL042W,0.92984
YDR335W,0.92986
YML071C,0.92988
YGR153W,0.92988
YBL074C,0.92993
YDR277C,0.93018
YOR315W,0.93107
YOL122C,0.93132
YDL074C,0.93231
YKL059C,0.93253
YPL191C,0.9333
YOR108W,0.93332
YML117W,0.93353
YJL069C,0.93376
YMR156C,0.9342
YLL039C,0.93507
YDR531W,0.93508
YIL042C,0.93548
YDR539W,0.93633
YEL050C,0.93681
YPL227C,0.93708
YBR129C,0.93735
YDL119C,0.93739
YBR288C,0.93801
YPL193W,0.93825
YNL201C,0.93839
YDR070C,0.93906
YML006C,0.93911
YDL216C,0.93962
YBR193C,0.93991
YDR011W,0.94017
YJR012C,0.94024
YOR090C,0.94039
YOR268C,0.94053
YDR293C,0.94065
YLR287C,0.9412
YDR081C,0.9413
YMR105C,0.94181
YNL250W,0.94195
YKL110C,0.942
YIL149C,0.9429
YHR101C,0.94305
YNL227C,0.9431
YOL137W,0.94392
YMR101C,0.94455
YLR396C,0.94468
YFR013W,0.94512
YMR167W,0.94514
YOR153W,0.94566
YPR056W,0.94571
YBR225W,0.94586
YOR134W,0.9461
YDR449C,0.94616
YDR528W,0.94643
YOL002C,0.94646
YMR223W,0.94685
YML111W,0.94696
YHR096C,0.94704
YGR225W,0.9472
YDL104C,0.9474
YGR032W,0.9476
YKL134C,0.9477
YML049C,0.94813
YDR185C,0.94821
YGR249W,0.94827
YNL277W,0.94899
YDR436W,0.94911
YKL108W,0.94992
YGL071W,0.95008
YLR079W,0.95022
YBR023C,0.95045
YGR143W,0.95087
YKL008C,0.95126
YDL150W,0.95202
YIL009C-A,0.95232
YNL103W,0.95245
YOL065C,0.95349
YLR114C,0.95356
YCR092C,0.95364
YGL104C,0.95449
YPL195W,0.95467
YNL236W,0.95502
YDR452W,0.95528
YML097C,0.95569
YHR207C,0.95598
YAL047C,0.95608
YKL124W,0.95613
YBR151W,0.95614
YOR356W,0.95629
YER163C,0.9564
YFR040W,0.9566
YGL081W,0.95727
YCL049C,0.95745
YOR258W,0.95749
YGL160W,0.95778
YNL059C,0.95836
YPL020C,0.95886
YCL026C-B,0.95908
YLR352W,0.95911
YLR399C,0.9592
YKL174C,0.95952
YGL151W,0.96114
YDR279W,0.96142
YJL109C,0.96156
YGR104C,0.96176
YCR027C,0.96177
YGR281W,0.96183
YPR079W,0.96219
YKL074C,0.96236
YNL192W,0.96293
YLR019W,0.96344
YDR021W,0.96351
YDL230W,0.96405
YBR013C,0.96467
YDR138W,0.9663
YNL136W,0.96634
YGL091C,0.96707
YGL185C,0.9671
YBR095C,0.96769
YNL076W,0.96853
YDR090C,0.96918
YLR033W,0.96945
YOL119C,0.96947
YFL062W,0.96953
YFR007W,0.96975
YDL091C,0.96991
YFL002C,0.97062
YBR057C,0.97087
YNR034W-A,0.97121
YKL028W,0.97144
YDL044C,0.97162
YMR294W,0.97169
YIL136W,0.97202
YDR245W,0.97245
YJL082W,0.97251
YPL233W,0.97298
YHR018C,0.97341
YJL155C,0.9741
YOR219C,0.97411
YPL018W,0.97447
YJR091C,0.97492
YLR211C,0.97525
YBR280C,0.97596
YDR200C,0.97598
YOR035C,0.97608
YLL019C,0.97613
YDR473C,0.97648
YMR033W,0.97654
YPL158C,0.97672
YDR072C,0.97684
YGR233C,0.97688
YBL105C,0.97775
YLR218C,0.97786
YJR111C,0.978
YBR004C,0.97821
YBR157C,0.97896
YKL151C,0.97917
YPL183C,0.97926
YNL330C,0.97943
YDL169C,0.97947
YDR049W,0.9799
YOL025W,0.98057
YIL155C,0.98077
YOR097C,0.98078
YFL001W,0.9808
YKR019C,0.98081
YML034W,0.98106
YDR202C,0.98142
YOL066C,0.98195
YDR006C,0.98219
YDR227W,0.98262
YOR289W,0.98277
YDR398W,0.98278
YKL105C,0.98286
YPL180W,0.9835
YJR137C,0.9839
YPR173C,0.98408
YGR002C,0.9849
YNL186W,0.98506
YPL060W,0.98533
YOR104W,0.98563
YBR002C,0.98566
YNL004W,0.98594
YGL223C,0.98606
YLR401C,0.98608
YBR119W,0.98645
YMR106C,0.98651
YOR092W,0.98736
YLR090W,0.98748
YPL021W,0.98759
YBR179C,0.98783
YHR117W,0.98832
YNL176C,0.98904
YJL039C,0.98968
YDR165W,0.98987
YOR188W,0.99001
YPL030W,0.99048
YBL020W,0.99066
YPL026C,0.9909
YLR032W,0.99112
YMR140W,0.99145
YNL298W,0.99157
YLL061W,0.99168
YOL159C,0.99176
YDR326C,0.99209
YKL129C,0.99221
YCL063W,0.99293
YDL115C,0.99313
YDL127W,0.99331
YML072C,0.99355
YAL034W-A,0.9938
YOL116W,0.9939
YCR082W,0.99405
YPL153C,0.99445
YFL049W,0.99487
YJR013W,0.99505
YBR041W,0.99509
YDR195W,0.99523
YMR204C,0.9956
YBR069C,0.9961
YNL035C,0.99635
YMR213W,0.9964
YNL202W,0.99663
YMR115W,0.99677
YOL089C,0.99697
YGR016W,0.99698
YER107C,0.99706
YMR247C,0.99775
YNL005C,0.99796
YDR267C,0.99821
YLR419W,0.99936
YNR011C,0.99936
YMR239C,0.99968
YMR259C,0.99987
YNL304W,1.00027
YHR112C,1.00032
YDR229W,1.00076
YLR440C,1.00077
YHR167W,1.00079
YKR023W,1.00144
YBL046W,1.00264
YGR047C,1.00298
YHR187W,1.00338
YDR478W,1.00341
YCR015C,1.00355
YHR140W,1.00415
YKL159C,1.00462
YGR163W,1.00483
YPL101W,1.00544
YHR023W,1.00547
YLR348C,1.00584
YHR024C,1.00593
YDR260C,1.00608
YER154W,1.00633
YNR053C,1.00702
YHR149C,1.00706
YOR264W,1.00732
YJR113C,1.00782
YJL125C,1.00807
YFL025C,1.00823
YFL021W,1.00828
YLL058W,1.00857
YPR198W,1.00884
YMR109W,1.00904
YCR017C,1.00922
YLR039C,1.00952
YHR197W,1.01002
YML075C,1.01036
YDL056W,1.01046
YLR113W,1.01054
YLR064W,1.01056
YAR014C,1.01069
YOL078W,1.01078
YGL161C,1.01154
YOR238W,1.01155
YOR049C,1.01256
YDL089W,1.01367
YAL051W,1.01407
YOL020W,1.01488
YCR011C,1.015
YER020W,1.01691
YEL065W,1.01697
YJL137C,1.0171
YLR201C,1.01713
YLR219W,1.01721
YHR040W,1.01737
YAR042W,1.01761
YML029W,1.01824
YIR033W,1.01842
YDR405W,1.01917
YNL290W,1.01939
YPR097W,1.01946
YCL008C,1.01951
YNL093W,1.01998
YKL106C-A,1.02061
YLR215C,1.02084
YJR116W,1.02133
YNL214W,1.02134
YPL096C-A,1.0217
YLR207W,1.02172
YGR261C,1.02182
YPR156C,1.02207
YMR055C,1.0221
YGR125W,1.02217
YBR065C,1.02228
YHR123W,1.02235
YBR216C,1.02347
YMR267W,1.02381
YGL145W,1.02463
YNR015W,1.02475
YDL159W,1.02485
YNL056W,1.02604
YBL084C,1.02649
YGL247W,1.02719
YKR087C,1.02722
YOR076C,1.02734
YEL032W,1.02764
YER174C,1.02774
YKL017C,1.02802
YBR059C,1.0283
YDL111C,1.02837
YPL204W,1.0284
YBR070C,1.02886
YDR103W,1.02902
YDL149W,1.02959
YIL050W,1.03031
YPL031C,1.03068
YDR221W,1.03077
YLR072W,1.03097
YDL090C,1.03194
YLR223C,1.03278
YDL234C,1.0335
YER111C,1.03373
YGR210C,1.03391
YKL027W,1.03402
YHR169W,1.0342
YDR013W,1.03455
YMR308C,1.03461
YHL024W,1.03508
YAL041W,1.03558
YBR021W,1.03602
YGR013W,1.03657
YCR097W,1.03657
YIL091C,1.03657
YIL003W,1.03738
YDR295C,1.03743
YHR159W,1.03752
YBR211C,1.03772
YNL062C,1.03792
YPL001W,1.03853
YDR007W,1.03908
YNL102W,1.03915
YIL048W,1.03974
YCL025C,1.04001
YLR001C,1.04086
YGL039W,1.04094
YLR096W,1.04119
YHR163W,1.0413
YJL154C,1.0421
YDL107W,1.04266
YNL193W,1.04286
YKL061W,1.04319
YMR179W,1.04329
YIL101C,1.04345
YML015C,1.04346
YGR112W,1.04355
YDR066C,1.04365
YNL286W,1.04395
YPR104C,1.04435
YNL191W,1.04439
YML025C,1.04465
YDR239C,1.04493
YOR054C,1.04546
YPR137W,1.04769
YDR208W,1.04789
YOR119C,1.04858
YDL008W,1.04868
YLR210W,1.04946
YLR005W,1.04966
YIL154C,1.04973
YGR023W,1.05051
YML041C,1.05052
YDR485C,1.05072
YGR031W,1.05078
YHR066W,1.05081
YDR089W,1.05119
YMR107W,1.05162
YMR160W,1.05351
YKL091C,1.05352
YDR173C,1.05359
YOR386W,1.05363
YIL126W,1.05418
YDL020C,1.05425
YDL139C,1.05507
YDR460W,1.05514
YGR072W,1.05548
YOR086C,1.05584
YKL018W,1.05585
YBR132C,1.05617
YDR347W,1.05623
YIR030C,1.0568
YLR094C,1.05686
YOR138C,1.05787
YHR137W,1.05797
YIL110W,1.0591
YMR004W,1.05976
YLR080W,1.06032
YDR057W,1.06094
YGR262C,1.06096
YLR011W,1.06102
YNL316C,1.06105
YLR086W,1.06143
YJR098C,1.06149
YNL237W,1.06176
YKL100C,1.06238
YJR017C,1.06258
YKL020C,1.06258
YPR175W,1.06303
YPR045C,1.06371
YPL113C,1.0642
YDR357C,1.06427
YJR001W,1.0646
YGR006W,1.0653
YPL155C,1.06532
YLR099W-A,1.06551
YBR192W,1.06553
YDR001C,1.06579
YFR029W,1.06581
YDR194C,1.06584
YFR014C,1.06601
YKR067W,1.06603
YDR483W,1.06698
YCR042C,1.06751
YDL179W,1.06751
YLL063C,1.06776
YOR109W,1.06816
YGR010W,1.0684
YJL180C,1.06849
YKR055W,1.06891
YMR102C,1.06895
YIL026C,1.06901
YLR442C,1.06937
YLR015W,1.06953
YGR271W,1.07022
YLR455W,1.07069
YDR164C,1.07097
YDL093W,1.07119
YML007W,1.07165
YLR203C,1.07211
YBR161W,1.07247
YOL004W,1.07262
YPR148C,1.07272
YOL114C,1.07278
YNL072W,1.07289
YDR472W,1.0732
YOR336W,1.07367
YLR128W,1.07378
YCR044C,1.07419
YDR430C,1.07423
YBR253W,1.07427
YDR213W,1.07434
YBR068C,1.07517
YPR055W,1.07548
YFR045W,1.07615
YOR245C,1.07684
YDL070W,1.07685
YFR042W,1.0775
YML103C,1.07751
YPR120C,1.07855
YNR033W,1.07862
YAL043C,1.07902
YDR392W,1.08027
YGR102C,1.08034
YMR139W,1.0805
YBR187W,1.0806
YLR410W,1.0808
YKL130C,1.08103
YDR264C,1.08214
YPL023C,1.08276
YBR074W,1.08278
YMR129W,1.0829
YIL161W,1.08293
YIL061C,1.08338
YAR008W,1.08344
YOR106W,1.08448
YBL056W,1.08488
YMR231W,1.08493
YPL207W,1.08528
YCR094W,1.08541
YGL115W,1.08572
YBR066C,1.08606
YLR212C,1.08637
YCR035C,1.08672
YPL053C,1.08684
YER093C-A,1.08702
YGL021W,1.08727
YMR275C,1.08762
YOR140W,1.08877
YMR086W,1.08883
YEL048C,1.08892
YBR085W,1.08915
YMR028W,1.08919
YBR141C,1.08951
YNR051C,1.08955
YNR063W,1.09035
YJL099W,1.0911
YGR237C,1.09218
YJR078W,1.09308
YBR130C,1.09388
YDR014W-A,1.09404
YKL205W,1.09419
YPL096W,1.09442
YOR385W,1.09449
YLR446W,1.09456
YDR225W,1.09507
YBR073W,1.09524
YLR102C,1.09536
YER075C,1.09543
YDR292C,1.09558
YOR250C,1.09615
YGR277C,1.09696
YIL145C,1.09705
YDR303C,1.09716
YIL056W,1.09753
YDL021W,1.09781
YKL094W,1.09857
YHR160C,1.09866
YGR278W,1.0987
YHL003C,1.09871
YBL017C,1.09937
YOL142W,1.10109
YER118C,1.10114
YOR083W,1.1014
YLR324W,1.10143
YOR355W,1.10166
YDR019C,1.10195
YIL143C,1.10199
YBR185C,1.10211
YER164W,1.10309
YJL098W,1.10325
YHR005C,1.10464
YGL100W,1.10624
YBL085W,1.10655
YNL138W-A,1.10662
YPR118W,1.10677
YDR228C,1.107
YLR336C,1.10753
YDR448W,1.10767
YBR285W,1.10791
YOR018W,1.10794
YKL051W,1.10801
YDR080W,1.10823
YJL165C,1.10842
YER176W,1.10844
YML037C,1.10881
YDR028C,1.10935
YGR044C,1.10997
YGR246C,1.11012
YNL031C,1.11016
YLL032C,1.11033
YAL048C,1.11054
YDR484W,1.11076
YER047C,1.11147
YGL135W,1.11148
YHL009C,1.1116
YER104W,1.11305
YDR022C,1.11329
YMR059W,1.11349
YOR036W,1.11423
YLR018C,1.11467
YMR024W,1.11534
YJL036W,1.11572
YBL068W,1.11629
YLR319C,1.11634
YIL039W,1.11642
YNL278W,1.1166
YFL026W,1.11667
YPR147C,1.11668
YJL031C,1.11669
YOR212W,1.11703
YGL238W,1.11766
YML003W,1.11796
YKR018C,1.11808
YGR097W,1.11876
YOR295W,1.11992
YGL016W,1.12036
YGR263C,1.12044
YPL079W,1.12058
YML031W,1.12065
YEL056W,1.12137
YBR094W,1.12155
YGL092W,1.12199
YDL167C,1.12236
YDR497C,1.12247
YOL086W-A,1.12256
YMR148W,1.12282
YNR039C,1.12283
YDL205C,1.12319
YNL253W,1.12354
YDR096W,1.12355
YCR052W,1.12383
YBR290W,1.12409
YDL132W,1.12436
YNL199C,1.12462
YJL183W,1.12493
YKR049C,1.12543
YOR070C,1.12571
YHR102W,1.12581
YDR287W,1.12613
YKR039W,1.12613
YMR081C,1.12618
YAL032C,1.12638
YDR219C,1.12679
YLL036C,1.12692
YML065W,1.12699
YKL057C,1.1272
YJL164C,1.12732
YMR210W,1.12797
YKL022C,1.12812
YGL219C,1.12812
YER013W,1.12925
YPR190C,1.12929
YLR450W,1.12934
YOL018C,1.12953
YKL135C,1.12957
YDL043C,1.13005
YHR161C,1.13006
YJL204C,1.13036
YGR199W,1.13075
YLR362W,1.13194
YLL029W,1.132
YBL004W,1.13217
YJL198W,1.13224
YLR126C,1.13264
YMR264W,1.13334
YBR111W-A,1.13346
YHR213W-A,1.13401
YDL159W-A,1.13401
YJR050W,1.13468
YNR028W,1.13618
YMR221C,1.13634
YNL320W,1.13684
YLR225C,1.13694
YLR146C,1.13718
YMR054W,1.13727
YPR019W,1.13748
YPL047W,1.13801
YBR169C,1.13827
YER014W,1.13908
YMR052W,1.13922
YNL252C,1.1402
YDR487C,1.14027
YDR312W,1.14079
YKL078W,1.14092
YNL280C,1.14097
YBR278W,1.14106
YGL174W,1.14186
YHR069C,1.14198
YER089C,1.14241
YJR101W,1.14289
YIR024C,1.14327
YOR087W,1.14346
YHR032W,1.14359
YGR075C,1.14373
YLL027W,1.14391
YPL166W,1.14452
YHR087W,1.14472
YLR163C,1.14481
YMR080C,1.14484
YML067C,1.14504
YNR040W,1.14558
YOR229W,1.14681
YKL014C,1.14726
YBR234C,1.14873
YPL041C,1.14922
YIL130W,1.14938
YCL029C,1.14953
YLR363C,1.14975
YPR171W,1.14996
YOR284W,1.15009
YHR047C,1.15027
YGR220C,1.15037
YMR145C,1.15067
YLR021W,1.15103
YJR132W,1.15153
YCR072C,1.15173
YGR271C-A,1.15236
YER019W,1.15294
YNL264C,1.15333
YBL091C,1.15339
YDR428C,1.15392
YGR280C,1.15486
YLL007C,1.15509
YLR407W,1.15565
YOL060C,1.1559
YGR241C,1.15615
YBR077C,1.15622
YDR248C,1.15652
YMR132C,1.15701
YGL005C,1.15726
YNL200C,1.15766
YKL215C,1.1577
YPR037C,1.15776
YER150W,1.15804
YDR231C,1.15927
YJL002C,1.15941
YBL006C,1.15946
YOR012W,1.15986
YBR262C,1.15997
YJR051W,1.16005
YLR403W,1.16006
YNR007C,1.16029
YDR106W,1.16034
YIL128W,1.16036
YLR386W,1.16105
YIL035C,1.16105
YPL210C,1.16125
YGR147C,1.16126
YNL284C,1.16205
YBL103C,1.16206
YGL198W,1.16229
YMR060C,1.16236
YMR135C,1.163
YOR359W,1.16367
YMR281W,1.16383
YFR043C,1.16413
YIL106W,1.16414
YPL125W,1.16423
YMR273C,1.16482
YNL041C,1.16525
YJR010W,1.16573
YBR152W,1.16602
YMR261C,1.16638
YGR111W,1.16754
YBL086C,1.16779
YDL209C,1.16796
YGR021W,1.16813
YKL189W,1.16883
YBR142W,1.16904
YBR123C,1.16934
YDR354W,1.16943
YLR055C,1.16965
YOR132W,1.16993
YJR082C,1.17008
YGR140W,1.17056
YJR103W,1.17131
YJL196C,1.17175
YBR056W,1.17184
YOL096C,1.17229
YER087W,1.17259
YHR034C,1.17337
YGR212W,1.17379
YPL049C,1.17581
YDR400W,1.1761
YHR205W,1.1768
YGR133W,1.17707
YPR034W,1.17721
YGR146C,1.17739
YKL024C,1.17754
YHR039C,1.17797
YJL134W,1.17814
YDR151C,1.17853
YDR205W,1.17882
YNL157W,1.17889
YGR121W-A,1.1793
YER058W,1.18036
YJR143C,1.18068
YMR199W,1.18102
YDL087C,1.18121
YDR380W,1.18122
YJL042W,1.18179
YCL031C,1.18214
YKL018C-A,1.18238
YBR102C,1.18299
YLR330W,1.18321
YPL110C,1.18328
YER099C,1.1834
YMR238W,1.18361
YBR150C,1.18405
YFL028C,1.18433
YKR016W,1.18466
YFR028C,1.18508
YLR414C,1.18523
YDR196C,1.18545
YBR037C,1.18591
YOR040W,1.18594
YML112W,1.18596
YDR036C,1.18613
YBR197C,1.1863
YAL022C,1.18679
YLR328W,1.18735
YML063W,1.1874
YJL205C,1.18749
YPR113W,1.18751
YJR019C,1.18811
YJL163C,1.18943
YMR058W,1.18992
YKL207W,1.19133
YGR250C,1.19152
YBL033C,1.19168
YBR243C,1.19205
YGR090W,1.19219
YKL128C,1.19248
YIL144W,1.19268
YER149C,1.19303
YLR129W,1.19311
YPR018W,1.19321
YBR279W,1.19336
YDR390C,1.19386
YHL002W,1.19397
YGL022W,1.19399
YBL010C,1.19412
YDR261C,1.19423
YPR153W,1.19445
YDR210W,1.19528
YER158C,1.19558
YIL043C,1.19593
YMR077C,1.19593
YPR024W,1.19608
YEL017W,1.19613
YLR441C,1.19636
YDR174W,1.19676
YMR073C,1.19712
YLR052W,1.19733
YBR213W,1.19743
YPR141C,1.19755
YDR351W,1.19884
YML119W,1.19943
YGL086W,1.19962
YGL201C,1.2001
YDR286C,1.20012
YHR062C,1.20035
YLR190W,1.20044
YEL036C,1.20068
YCL068C,1.20071
YHR153C,1.2013
YBR229C,1.20214
YOL052C,1.20269
YNL068C,1.20291
YDL144C,1.20409
YBR017C,1.20481
YJL156C,1.20497
YLR145W,1.20507
YBR265W,1.20546
YJL073W,1.20566
YOR207C,1.20594
YJL066C,1.20711
YPL215W,1.20733
YIL004C,1.20772
YBL064C,1.20781
YDR481C,1.20795
YGR027C,1.20807
YNL090W,1.2082
YPL089C,1.20853
YIR035C,1.2086
YKL055C,1.20876
YER103W,1.20891
YLR049C,1.20896
YDR411C,1.20917
YHR100C,1.20933
YKL052C,1.20977
YBL071W-A,1.21046
YCL061C,1.21224
YGL116W,1.21256
YJL197W,1.21277
YGR157W,1.21359
YJR102C,1.21449
YMR075W,1.21471
YGL050W,1.21488
YMR130W,1.21491
YJL035C,1.21523
YBR202W,1.21528
YIL016W,1.21554
YBR241C,1.21558
YGL130W,1.21562
YGL254W,1.21566
YDL052C,1.21628
YAR028W,1.21642
YPL100W,1.21682
YDR074W,1.21707
YLR220W,1.21723
YHR076W,1.21744
YNL207W,1.21771
YCL039W,1.21774
YJR142W,1.21796
YEL021W,1.21847
YGL196W,1.21852
YIL115C,1.21871
YGR052W,1.2189
YCR002C,1.21894
YKR070W,1.21894
YLR373C,1.21965
YOR047C,1.22018
YGR239C,1.22025
YGL064C,1.22048
YNL233W,1.221
YDL131W,1.22187
YKL179C,1.22209
YMR157C,1.2232
YNL288W,1.22325
YGL167C,1.22364
YML101C,1.22374
YGR260W,1.22402
YER037W,1.22423
YFR002W,1.22516
YNR008W,1.22617
YJL194W,1.22624
YGL250W,1.22695
YLR059C,1.22702
YPL057C,1.22797
YCR067C,1.22913
YBR289W,1.22947
YPL124W,1.22957
YOR067C,1.23068
YER032W,1.23141
YAL060W,1.23172
YNL224C,1.23173
YBR015C,1.23185
YPL086C,1.23324
YOR329C,1.23441
YML113W,1.23473
YGL010W,1.2349
YKL173W,1.23495
YNL289W,1.23533
YGR268C,1.2359
YDR441C,1.23598
YLR181C,1.23733
YIL022W,1.2381
YFL004W,1.23812
YDL193W,1.23829
YGR202C,1.23883
YGL166W,1.23884
YDL116W,1.23888
YJL012C,1.23898
YNL282W,1.23898
YPR125W,1.23908
YHR105W,1.24005
YDL017W,1.24036
YDR470C,1.2408
YDR207C,1.24082
YGR276C,1.24106
YBL072C,1.2414
YLR206W,1.24161
YLR306W,1.24171
YLR003C,1.24178
YNL030W,1.24227
YLR323C,1.24232
YGL040C,1.2427
YNL212W,1.24277
YMR076C,1.24325
YPL229W,1.24347
YLL023C,1.24361
YFL008W,1.24365
YBR260C,1.24377
YGL111W,1.24377
YDR046C,1.2442
YDR175C,1.24425
YBR156C,1.24444
YGL230C,1.24452
YML021C,1.24469
YOL088C,1.24516
YOR116C,1.24519
YKL160W,1.2459
YLR082C,1.24658
YBL057C,1.24668
YDR374W-A,1.24727
YMR288W,1.24733
YML080W,1.24772
YBL034C,1.2478
YHR086W,1.24827
YPR161C,1.2484
YHR036W,1.2484
YCR054C,1.24866
YOL008W,1.2489
YHR115C,1.24927
YNL049C,1.2501
YBR287W,1.251
YER161C,1.25132
YDL123W,1.25178
YDL141W,1.25284
YOR150W,1.25322
YJL061W,1.2534
YDR191W,1.2537
YLR415C,1.25394
YMR044W,1.2542
YDL145C,1.25522
YER021W,1.25535
YLR351C,1.25585
YIL103W,1.25647
YBR006W,1.25755
YGR142W,1.25862
YGL129C,1.25921
YKR003W,1.25952
YGL241W,1.25961
YMR181C,1.2602
YBR007C,1.26059
YLR309C,1.26068
YDR322W,1.26081
YDL200C,1.26146
YGL027C,1.26185
YPL152W,1.26284
YMR014W,1.26354
YBR176W,1.26381
YBL003C,1.2658
YLR131C,1.26587
YLR243W,1.26629
YDR389W,1.26676
YFR021W,1.26755
YPL177C,1.26786
YDR217C,1.2681
YIR005W,1.26821
YNL177C,1.26839
YNL130C,1.26841
YBR258C,1.26855
YPR189W,1.26881
YLL012W,1.26911
YNL054W,1.26923
YPR058W,1.26945
YJL168C,1.27017
YER114C,1.27031
YHR006W,1.27041
YBR086C,1.27059
YER168C,1.27075
YDR119W,1.27084
YCR073W-A,1.27107
YPR158W,1.27108
YNL020C,1.27133
YKR085C,1.27153
YGL186C,1.27174
YHR133C,1.27182
YBR084W,1.27197
YDL098C,1.27217
YGR036C,1.27228
YLR095C,1.27257
YJL192C,1.2728
YJR094W-A,1.27295
YPL118W,1.27338
YLR144C,1.27338
YBR267W,1.27368
YKL004W,1.27383
YHL021C,1.27469
YCR060W,1.27513
YER183C,1.27652
YGR017W,1.27683
YJL191W,1.27707
YDR262W,1.27736
YJL072C,1.2783
YLR167W,1.27924
YMR153W,1.28003
YFR037C,1.2805
YOL006C,1.2806
YPL253C,1.2811
YMR123W,1.28115
YNL161W,1.28151
YDR410C,1.28174
YGL190C,1.28194
YKL148C,1.28226
YOR374W,1.28253
YDR280W,1.28305
YHR058C,1.28309
YPL038W,1.28344
YBL037W,1.28354
YPR029C,1.28367
YPR008W,1.28397
YLR409C,1.28449
YPR089W,1.28498
YLL031C,1.28508
YBR256C,1.2861
YKL047W,1.28795
YDR243C,1.28804
YDL124W,1.28811
YLR290C,1.28829
YIL007C,1.28835
YLR045C,1.28908
YPL084W,1.28926
YDR062W,1.28962
YDR143C,1.28976
YJL107C,1.29032
YNL100W,1.29179
YLR139C,1.29337
YJR092W,1.29352
YHR175W,1.29416
YIL034C,1.2943
YCL014W,1.29527
YLR069C,1.29594
YPL246C,1.29637
YDR505C,1.29665
YDR425W,1.29717
YOL098C,1.29722
YBR166C,1.29823
YBL107C,1.2984
YLR056W,1.29863
YHR098C,1.29866
YOR262W,1.29875
YER022W,1.2996
YER016W,1.29985
YOL076W,1.29998
YCL034W,1.30014
YDR311W,1.30097
YER001W,1.30201
YOR048C,1.30226
YPL144W,1.30234
YER145C,1.30301
YDR166C,1.30333
YLR036C,1.30395
YHL017W,1.30406
YNL163C,1.30418
YEL059C-A,1.3045
YOR008C,1.30473
YEL018W,1.305
YDR234W,1.30516
YLR231C,1.30608
YCL058W-A,1.30616
YHR144C,1.30639
YKR095W,1.3065
YBL009W,1.30676
YMR048W,1.30687
YJL200C,1.30718
YJR112W,1.30719
YNR013C,1.30725
YGR161W-C,1.30764
YNR067C,1.30777
YLR078C,1.30795
YLR182W,1.30868
YJL053W,1.30899
YCL047C,1.30914
YDL047W,1.30936
YML009C,1.30945
YJL117W,1.31045
YOR098C,1.31168
YDL057W,1.3134
YGR048W,1.31383
YBR251W,1.31415
YKR057W,1.31487
YLL062C,1.31537
YJL146W,1.31538
YOR051C,1.31565
YGR092W,1.31576
YKL023W,1.31589
YLR307C-A,1.31639
YNL088W,1.31641
YKL045W,1.31775
YGR229C,1.31821
YGR186W,1.3185
YMR174C,1.31933
YNL315C,1.31933
YAL042W,1.31954
YNL098C,1.31972
YGR103W,1.31974
YIR014W,1.31976
YOR241W,1.32003
YDR222W,1.32009
YDL018C,1.32071
YOR288C,1.32095
YKL166C,1.32109
YBR160W,1.3217
YOL067C,1.32209
YBR257W,1.32228
YHR057C,1.32248
YOR075W,1.32264
YBR145W,1.32301
YKR066C,1.32306
YER059W,1.32391
YIL094C,1.32458
YBR281C,1.32509
YDR434W,1.32512
YKL213C,1.3252
YLR143W,1.32546
YGL237C,1.326
YER010C,1.32605
YNL116W,1.32633
YNL183C,1.32673
YHR135C,1.3269
YDR060W,1.32746
YMR274C,1.32786
YOR038C,1.32788
YBL027W,1.32866
YDR453C,1.32963
YDR211W,1.32973
YPL050C,1.33006
YGR230W,1.33048
YOL145C,1.33054
YIL083C,1.33073
YNL118C,1.33181
YLR183C,1.33204
YGL208W,1.33209
YJR068W,1.33212
YDR145W,1.33214
YPR168W,1.33274
YMR067C,1.33282
YJL019W,1.33285
YBR093C,1.33459
YBR096W,1.33477
YER128W,1.33477
YPL212C,1.33498
YPL159C,1.33505
YFR027W,1.33514
YLR081W,1.33514
YIL030C,1.3357
YCR005C,1.33625
YGL083W,1.33635
YBR207W,1.337
YPL094C,1.33738
YJR056C,1.33747
YIR036C,1.33772
YML120C,1.33832
YMR134W,1.33893
YOL094C,1.33938
YBR210W,1.33939
YDR179C,1.33956
YFR006W,1.34005
YIL116W,1.34042
YNR023W,1.3405
YDR409W,1.34099
YJR022W,1.34122
YJR041C,1.34148
YHR082C,1.34185
YAL039C,1.34248
YDR294C,1.34332
YNL095C,1.34424
YOR175C,1.34476
YPR131C,1.3448
YGR200C,1.34548
YLR063W,1.34575
YMR233W,1.34578
YDR083W,1.34709
YER180C-A,1.34709
YMR292W,1.34746
YML016C,1.34851
YMR069W,1.34853
YKL180W,1.34855
YHR029C,1.34896
YDR305C,1.34901
YDR476C,1.3492
YGL228W,1.34957
YIL117C,1.35025
YOR156C,1.35028
YDR144C,1.35071
YBR194W,1.35127
YPL188W,1.35137
YDR270W,1.35141
YLR333C,1.35163
YER082C,1.35301
YDR471W,1.35324
YCR090C,1.35443
YGR056W,1.35521
YCL027W,1.35598
YOL064C,1.35616
YNL243W,1.35643
YBR104W,1.35652
YGL048C,1.3567
YBR170C,1.35685
YOR039W,1.35717
YDL029W,1.35738
YPL274W,1.35915
YML115C,1.35945
YBR159W,1.3596
YBL040C,1.3597
YGR101W,1.35997
YMR269W,1.36007
YLR209C,1.3601
YMR235C,1.36021
YOR056C,1.36081
YDR051C,1.36081
YML109W,1.36104
YNR049C,1.36351
YKL146W,1.36387
YDR281C,1.36449
YLR384C,1.36511
YDR465C,1.36523
YGL014W,1.36566
YOL124C,1.36586
YNL082W,1.36596
YNL246W,1.3666
YKL033W-A,1.36666
YGL056C,1.36686
YKL068W-A,1.36693
YOR179C,1.36759
YDL086W,1.36766
YLR088W,1.36781
YML056C,1.36794
YIL108W,1.36799
YDL097C,1.36811
YLR387C,1.36837
YAL055W,1.36854
YGR244C,1.3693
YMR193W,1.36938
YBR264C,1.36967
YNL087W,1.37021
YGL019W,1.37024
YOR014W,1.37046
YGL240W,1.37087
YAL053W,1.37198
YFL036W,1.37241
YPR139C,1.37307
YGL098W,1.37311
YHL007C,1.37486
YML095C,1.37561
YDR079W,1.37566
YLL006W,1.3757
YKR002W,1.37637
YMR001C,1.37646
YJL091C,1.37681
YCL009C,1.3769
YDL188C,1.37691
YLR017W,1.37716
YLR315W,1.37731
YOR321W,1.37773
YBR038W,1.37868
YMR304W,1.37891
YML012W,1.37937
YOR101W,1.37937
YJR043C,1.37954
YEL039C,1.37995
YKR082W,1.38054
YLR406C,1.3807
YDR489W,1.38255
YOR126C,1.38283
YNL313C,1.38296
YPR119W,1.38326
YKR090W,1.38336
YBR205W,1.38365
YOR347C,1.38473
YPR082C,1.3852
YEL055C,1.38551
YOR112W,1.38605
YMR121C,1.38621
YLR369W,1.38698
YLR222C,1.38719
YDR496C,1.38758
YIL095W,1.38759
YIL096C,1.38862
YKL104C,1.38894
YMR009W,1.38909
YML110C,1.38968
YEL051W,1.39003
YGL077C,1.39041
YJR083C,1.39073
YMR131C,1.39192
YFR009W,1.39193
YPL241C,1.39215
YGL038C,1.39226
YOR216C,1.39267
YLL022C,1.39393
YMR062C,1.39505
YKL140W,1.39515
YJL177W,1.39516
YBL102W,1.39621
YIL156W-B,1.39624
YFL034C-B,1.39632
YCL064C,1.39659
YML124C,1.39681
YHR074W,1.39793
YFL046W,1.39815
YGR183C,1.39847
YOL090W,1.39848
YJR080C,1.39914
YOR371C,1.39931
YOR270C,1.39975
YMR272C,1.40022
YLR452C,1.40077
YMR138W,1.40121
YGL108C,1.40133
YNL099C,1.40178
YPL263C,1.40179
YGR119C,1.40241
YJL065C,1.40292
YDR107C,1.40297
YOR065W,1.404
YDR120C,1.40453
YLR195C,1.40498
YLR389C,1.40561
YER123W,1.40569
YMR237W,1.40701
YOR209C,1.40773
YJL062W,1.40801
YJR094C,1.40809
YKR062W,1.40814
YIL131C,1.40818
YER139C,1.40905
YGR206W,1.40954
YPL203W,1.4105
YOR006C,1.41082
YJR073C,1.41111
YGR266W,1.41127
YGL156W,1.41128
YMR124W,1.41161
YDL088C,1.41242
YIR038C,1.41266
YMR219W,1.41307
YDL101C,1.41381
YDR348C,1.41502
YNL322C,1.41509
YGL047W,1.41597
YLL045C,1.41699
YLR084C,1.41776
YPL014W,1.41833
YIL087C,1.41907
YML125C,1.41956
YBL025W,1.41996
YJL116C,1.4204
YPR040W,1.42072
YDR372C,1.42089
YER102W,1.42102
YPL243W,1.42294
YOR221C,1.42446
YAL023C,1.42582
YDR184C,1.42587
YCR065W,1.42595
YMR192W,1.42608
YBL016W,1.42649
YDR506C,1.42671
YDL190C,1.42844
YGL157W,1.42856
YOR326W,1.42867
YBL023C,1.42901
YML057W,1.42919
YHR070W,1.42944
YHR192W,1.42954
YDR381C-A,1.43044
YER170W,1.43048
YDR501W,1.43112
YML035C,1.43249
YJL004C,1.43257
YBR139W,1.43266
YGR141W,1.43283
YGR196C,1.43305
YGL213C,1.43396
YCR057C,1.43406
YLR100W,1.43468
YIL084C,1.435
YOR260W,1.43592
YOR160W,1.43684
YNL181W,1.43778
YER151C,1.4385
YDL120W,1.43986
YJR065C,1.44002
YGL181W,1.44085
YAL044W-A,1.44119
YJL084C,1.44127
YPL055C,1.44146
YGR174C,1.44173
YCR083W,1.44222
YOL026C,1.44229
YHL030W,1.44231
YER067W,1.44231
YJL176C,1.4424
YGR195W,1.44285
YOR023C,1.44286
YER055C,1.4429
YLR050C,1.44311
YFR008W,1.44332
YDR406W,1.44488
YMR297W,1.44605
YCR046C,1.44625
YDL143W,1.44643
YHR114W,1.44697
YLR154C,1.447
YOR352W,1.4471
YOL019W,1.44731
YPL009C,1.44743
YDR139C,1.44916
YHR012W,1.44935
YOL021C,1.4498
YOR091W,1.44996
YDL224C,1.45044
YNL021W,1.45068
YGR095C,1.45118
YMR091C,1.45152
YBR024W,1.45189
YDR284C,1.45206
YPL219W,1.45225
YPR174C,1.45291
YIR007W,1.45357
YJL111W,1.45463
YHR065C,1.4554
YCR030C,1.4558
YDR297W,1.45611
YGL125W,1.45635
YJL088W,1.45645
YKR080W,1.45669
YKL113C,1.45674
YKL058W,1.45683
YCR093W,1.45716
YKL029C,1.45734
YHL027W,1.45748
YBR198C,1.45774
YGL089C,1.45801
YKL040C,1.45824
YMR296C,1.45868
YLR274W,1.45871
YKL126W,1.45886
YDR397C,1.45941
YKR026C,1.45956
YOL022C,1.45961
YKL046C,1.46046
YLL028W,1.46048
YDL040C,1.46051
YHL011C,1.46051
YGR178C,1.46056
YDL212W,1.4608
YER080W,1.46109
YFL034C-A,1.46118
YKR008W,1.46121
YOR217W,1.46135
YNR030W,1.46197
YBL098W,1.46206
YOR141C,1.46499
YGL033W,1.46517
YDR088C,1.46551
YEL015W,1.46563
YHL042W,1.46621
YOL027C,1.46762
YGL194C,1.46783
YJL123C,1.46787
YGL172W,1.46831
YDL072C,1.46866
YNL107W,1.46935
YNL097C,1.46946
YOR367W,1.46962
YBR083W,1.46968
YGL173C,1.46978
YOR206W,1.47028
YPL070W,1.47048
YMR149W,1.47052
YNR036C,1.47062
YPR032W,1.4707
YJR002W,1.47145
YGR058W,1.47164
YGR083C,1.47167
YPL107W,1.47173
YDL156W,1.47189
YNR001C,1.47214
YLL018C-A,1.47247
YIL162W,1.47299
YJL149W,1.47309
YPR124W,1.47328
YOR066W,1.47359
YHR001W,1.47369
YDL198C,1.47374
YKL175W,1.47401
YKR045C,1.47441
YPR191W,1.47484
YLR262C-A,1.47605
YPL108W,1.47625
YPL232W,1.47646
YAL046C,1.4766
YBR052C,1.47749
YOL144W,1.47781
YHR141C,1.47833
YPL256C,1.47897
YMR278W,1.47915
YGL061C,1.48043
YMR312W,1.4807
YLR205C,1.48146
YDR299W,1.48167
YMR125W,1.48227
YAL030W,1.4833
YEL044W,1.48464
YBR053C,1.48575
YPL054W,1.48636
YEL038W,1.48666
YOR124C,1.48666
YNL274C,1.48685
YPL051W,1.48733
YKL068W,1.48734
YGL209W,1.48798
YOR165W,1.48863
YOR171C,1.4892
YMR194W,1.48992
YNL241C,1.49011
YDL130W,1.49045
YJL128C,1.49047
YKR071C,1.49059
YMR144W,1.49105
YJR064W,1.49179
YIL105C,1.49256
YPL213W,1.49272
YOR122C,1.49276
YKR048C,1.49294
YLR276C,1.49302
YPL019C,1.49356
YDR183W,1.49382
YKL025C,1.49385
YJL076W,1.49444
YLR121C,1.49445
YEL066W,1.49497
YDL005C,1.49501
YAL010C,1.49536
YER095W,1.49772
YER083C,1.49797
YBR227C,1.49849
YDR408C,1.49986
YPR004C,1.50037
YDR266C,1.5004
YCL012C,1.5013
YDR324C,1.50225
YER124C,1.50309
YLR093C,1.50314
YNL265C,1.50349
YGR132C,1.5038
YNR010W,1.50418
YGR231C,1.50472
YIR026C,1.50499
YNL219C,1.50618
YKL065C,1.50632
YBR108W,1.50636
YIR001C,1.50659
YKL069W,1.50704
YPR135W,1.50766
YKR007W,1.5082
YGR084C,1.50826
YOL135C,1.50852
YGL076C,1.50886
YDR508C,1.50899
YAR027W,1.50946
YDL031W,1.50962
YCL033C,1.50978
YPL237W,1.50993
YOR308C,1.51073
YFR024C-A,1.51092
YJR057W,1.51195
YHR094C,1.51438
YBR247C,1.5153
YFR044C,1.51545
YPR010C,1.51567
YDL175C,1.51669
YLR257W,1.51734
YDL085C-A,1.51831
YDR244W,1.51883
YDR075W,1.51917
YBR112C,1.51932
YLR028C,1.51955
YNL306W,1.5196
YDR296W,1.52048
YIR004W,1.52151
YGL060W,1.52153
YKL039W,1.52237
YDR500C,1.52285
YGR148C,1.52431
YML060W,1.52435
YHR037W,1.52488
YJR055W,1.52513
YKR083C,1.52652
YKR075C,1.52669
YMR152W,1.52672
YMR200W,1.52718
YJL203W,1.52805
YBL036C,1.52928
YGR169C-A,1.52931
YDL112W,1.52996
YMR147W,1.53063
YML052W,1.53104
YHR113W,1.53227
YHR206W,1.53341
YML024W,1.53366
YLR433C,1.53393
YMR001C-A,1.53442
YDL182W,1.53485
YJR074W,1.53617
YER026C,1.53694
YMR202W,1.53698
YMR255W,1.53819
YDR365C,1.53832
YLR393W,1.53858
YKL007W,1.53867
YDR534C,1.5387
YDL110C,1.53878
YFR031C-A,1.539
YLR172C,1.54032
YGL200C,1.54076
YIL076W,1.5415
YDR427W,1.54177
YMR070W,1.54232
YER122C,1.54251
YMR047C,1.54257
YJL208C,1.54272
YPL206C,1.54348
YOL126C,1.54351
YGL001C,1.54432
YGR267C,1.54486
YER040W,1.54564
YOR187W,1.54614
YPR100W,1.54623
YOR281C,1.54631
YPR107C,1.54675
YKL209C,1.54686
YDR161W,1.54723
YLR187W,1.54745
YOR271C,1.54747
YDR507C,1.54785
YLR418C,1.54845
YDL178W,1.54916
YKR060W,1.54916
YER182W,1.54998
YLR299W,1.55005
YER070W,1.55021
YMR241W,1.55026
YGR019W,1.55075
YDR246W,1.55101
YJR058C,1.55111
YGR106C,1.55375
YOR297C,1.55387
YCL045C,1.55387
YBR233W,1.55445
YBR058C,1.55461
YMR318C,1.55464
YOL031C,1.55485
YHR063C,1.55487
YJR144W,1.55542
YNL162W-A,1.55542
YNL323W,1.55591
YNL173C,1.556
YKR006C,1.55625
YBR231C,1.55709
YER064C,1.55722
YHL004W,1.5576
YEL042W,1.55777
YLR285W,1.55796
YCR043C,1.55915
YER073W,1.55975
YER023W,1.56083
YML013W,1.56114
YER101C,1.56116
YER088C,1.56117
YLR312W-A,1.56122
YIL036W,1.56148
YCR077C,1.56156
YMR300C,1.56164
YBR036C,1.56186
YHR203C,1.56202
YNR037C,1.56255
YBR191W,1.56274
YJL157C,1.563
YLR002C,1.56391
YBR054W,1.56444
YKL002W,1.56507
YER175W-A,1.56578
YHR016C,1.56586
YLR148W,1.56621
YDR300C,1.56621
YKL185W,1.56654
YOL108C,1.5668
YBR296C,1.56767
YBR215W,1.56791
YDL164C,1.56815
YGL232W,1.56896
YJR099W,1.5691
YLR089C,1.57181
YNL115C,1.57211
YKL195W,1.57227
YMR015C,1.57241
YGR286C,1.5726
YBL059W,1.57323
YBL007C,1.57367
YLR356W,1.5737
YDR117C,1.57375
YMR142C,1.57394
YCL057W,1.57418
YEL063C,1.57438
YDR192C,1.57547
YNL001W,1.57559
YMR074C,1.57669
YNL149C,1.57677
YFR047C,1.57708
YDR182W,1.57763
YGR245C,1.57766
YJL136C,1.57804
YJL097W,1.57814
YPL199C,1.5792
YDR079C-A,1.57944
YHR025W,1.57959
YNL168C,1.5801
YKR046C,1.58181
YOR362C,1.58191
YMR016C,1.58268
YDR477W,1.58311
YMR143W,1.58346
YOR223W,1.58382
YOR272W,1.5841
YML011C,1.58579
YPL273W,1.58583
YPR036W,1.58597
YLR439W,1.58622
YBL038W,1.58692
YGR275W,1.587
YPL217C,1.5876
YPR072W,1.58769
YGL178W,1.58777
YDR163W,1.58988
YLR245C,1.59027
YMR225C,1.59068
YGL037C,1.59075
YJL140W,1.59081
YOR114W,1.59142
YKL190W,1.59208
YMR027W,1.59281
YMR244C-A,1.59347
YNL245C,1.59446
YDL136W,1.59487
YLR398C,1.59526
YMR092C,1.59584
YDL140C,1.59619
YLR357W,1.59659
YDL100C,1.59674
YLR359W,1.59714
YFL048C,1.59769
YGL041W-A,1.59789
YKL073W,1.59829
YBL018C,1.59975
YNL302C,1.6015
YLR136C,1.60195
YPL119C,1.60246
YPR043W,1.60253
YNL050C,1.60275
YML058W-A,1.60332
YDR320C,1.60426
YMR159C,1.60476
YIL044C,1.60485
YGR203W,1.60505
YLR199C,1.60522
YBL069W,1.60539
YNL154C,1.60608
YPL032C,1.60617
YML127W,1.60698
YOR042W,1.60705
YML069W,1.60735
YOL039W,1.60742
YGL065C,1.60755
YJL055W,1.60791
YCR076C,1.60965
YNL166C,1.60989
YBR010W,1.61117
YJL212C,1.61119
YOL120C,1.61133
YEL058W,1.61155
YJL186W,1.61249
YOR372C,1.61387
YKL165C,1.61396
YGR284C,1.6166
YNL281W,1.61762
YCL055W,1.61869
YKR029C,1.61892
YAR002C-A,1.61956
YGL195W,1.61963
YHR154W,1.61976
YHR170W,1.62203
YKL001C,1.62232
YKL034W,1.62241
YBR138C,1.62267
YGL084C,1.62287
YKL021C,1.62289
YNL158W,1.62305
YAL007C,1.62334
YIL064W,1.62346
YJR075W,1.62397
YOR151C,1.62529
YNL148C,1.6254
YLR204W,1.62552
YJR076C,1.62573
YMR178W,1.62658
YDR068W,1.62675
YHR097C,1.62821
YPL235W,1.62933
YDR146C,1.62967
YJL063C,1.63107
YLR342W,1.63167
YGR081C,1.6322
YLL034C,1.6329
YBR167C,1.63337
YPL184C,1.6336
YBR031W,1.6343
YEL003W,1.63441
YNR035C,1.63441
YDR356W,1.63452
YDL235C,1.63517
YKL080W,1.63548
YDR512C,1.63628
YDL060W,1.63643
YBR122C,1.63644
YOR197W,1.63655
YPR098C,1.63696
YMR236W,1.63802
YOL092W,1.63809
YPR133W-A,1.63834
YKL056C,1.63851
YGL057C,1.63937
YDR113C,1.63976
YOR316C-A,1.63981
YNL137C,1.64138
YML130C,1.64385
YOL129W,1.64397
YNL301C,1.64406
YER086W,1.64452
YJL178C,1.6448
YMR003W,1.64531
YKL119C,1.64548
YPR180W,1.6457
YNL134C,1.64651
YNL067W,1.64795
YJL030W,1.64989
YNL232W,1.65031
YPR182W,1.65041
YGL180W,1.65056
YBR146W,1.65125
YMR246W,1.65145
YDL236W,1.65214
YLR326W,1.65237
YGL171W,1.65292
YJR131W,1.65329
YDL095W,1.65354
YOR131C,1.65454
YPR110C,1.65509
YER012W,1.65593
YGR116W,1.65626
YPL169C,1.65643
YJR148W,1.65854
YHR201C,1.65858
YIL075C,1.65875
YLR176C,1.65894
YKL186C,1.6601
YDL160C-A,1.66039
YDR450W,1.66042
YMR116C,1.66075
YNL167C,1.66122
YDR321W,1.66177
YML014W,1.66214
YAL019W,1.66225
YDR331W,1.66236
YKL103C,1.6627
YDR395W,1.66302
YBR091C,1.66467
YPL065W,1.66483
YGR060W,1.6651
YKL006C-A,1.66584
YOR259C,1.66609
YBR034C,1.66642
YAL061W,1.6666
YPL139C,1.66668
YIR003W,1.66797
YGR026W,1.66821
YLL038C,1.66866
YLR118C,1.66884
YDR054C,1.66931
YBL059C-A,1.66949
YOR317W,1.66975
YDR116C,1.66995
YKL112W,1.67007
YNR003C,1.67056
YEL040W,1.67189
YGL221C,1.67261
YNL268W,1.67262
YIL119C,1.67303
YOR230W,1.67384
YLR372W,1.675
YHR052W,1.67566
YLR193C,1.67581
YLR367W,1.67589
YGR253C,1.67691
YIL063C,1.67772
YGR130C,1.67885
YML004C,1.67917
YPL067C,1.68061
YNL155W,1.68075
YGR135W,1.6811
YGL153W,1.68207
YDR399W,1.68241
YDR020C,1.68292
YMR164C,1.68316
YAL033W,1.68418
YCR051W,1.68451
YCR069W,1.68495
YDR091C,1.68549
YLR332W,1.68602
YER121W,1.68636
YLR347C,1.68676
YDL232W,1.68774
YDR404C,1.68837
YKR056W,1.69011
YPR086W,1.69012
YER004W,1.69065
YOR234C,1.69168
YHR136C,1.69428
YLR133W,1.69439
YBR261C,1.69483
YKL114C,1.69493
YOR069W,1.69505
YNL123W,1.69586
YDR492W,1.69654
YGL082W,1.69662
YDL191W,1.69729
YBR026C,1.69752
YKR024C,1.70048
YDL083C,1.70064
YHR213W-B,1.70101
YCR108C,1.70101
YIL124W,1.70171
YOL032W,1.70174
YPL249C,1.70323
YGR118W,1.70421
YJR093C,1.70434
YPR046W,1.7047
YDR346C,1.70473
YKR084C,1.70523
YGR218W,1.70611
YGL078C,1.70652
YDR307W,1.7068
YDL054C,1.70684
YGL066W,1.70712
YDL084W,1.7076
YLR248W,1.70807
YPL063W,1.70981
YJL218W,1.71154
YER146W,1.71163
YDR469W,1.7128
YDR382W,1.71373
YDR394W,1.71382
YBR092C,1.71396
YKL013C,1.71441
YDR373W,1.71453
YBR214W,1.71524
YIL018W,1.71538
YHR068W,1.71632
YDL003W,1.71648
YDR447C,1.71732
YOR167C,1.71786
YMR128W,1.71852
YKL154W,1.71884
YIL109C,1.72065
YLR034C,1.72164
YCR020C-A,1.72166
YOR163W,1.72186
YDL078C,1.72263
YDR258C,1.72298
YBR273C,1.72354
YDR482C,1.72361
YMR117C,1.72426
YGL220W,1.72445
YGL120C,1.72454
YML079W,1.72504
YHR162W,1.72518
YPL012W,1.72565
YLR350W,1.72566
YDL015C,1.72568
YGL011C,1.7276
YBL035C,1.72851
YOL059W,1.72863
YBR029C,1.72894
YOR007C,1.72967
YJR117W,1.72984
YEL054C,1.73025
YOR111W,1.73052
YGR173W,1.73069
YGL032C,1.73094
YDL121C,1.73138
YOR123C,1.73191
YOL057W,1.73284
YMR222C,1.73295
YCL044C,1.73373
YJR053W,1.735
YKL082C,1.736
YGR185C,1.73624
YNL287W,1.73677
YEL019C,1.73746
YBL032W,1.73829
YNL027W,1.7388
YGR172C,1.73936
YNR017W,1.73977
YGL194C-A,1.74059
YLR397C,1.74066
YER178W,1.74078
YPR103W,1.74084
YDL202W,1.74169
YJL184W,1.74235
YDR388W,1.74272
YIL065C,1.74303
YOL141W,1.7433
YNL104C,1.74343
YNR038W,1.74343
YJL174W,1.74349
YGL012W,1.74385
YDR368W,1.74428
YLR022C,1.74442
YNL045W,1.74443
YHR158C,1.74517
YMR110C,1.74597
YOR254C,1.74849
YGR232W,1.74862
YLR029C,1.74922
YGL203C,1.74931
YLR364W,1.74993
YDR463W,1.75176
YLR083C,1.75179
YOR016C,1.7526
YER079W,1.75285
YDR516C,1.75287
YIL069C,1.75292
YIR012W,1.75367
YLR104W,1.75377
YLL011W,1.75464
YMR314W,1.7553
YFL023W,1.75606
YNL069C,1.75617
YFR055W,1.75697
YDR121W,1.75876
YDR169C,1.75885
YDL168W,1.75961
YGL028C,1.76036
YPL218W,1.76213
YJL003W,1.76295
YFL013C,1.76391
YMR043W,1.76406
YOR185C,1.76662
YPR088C,1.76722
YLR321C,1.7674
YOR063W,1.76785
YNR006W,1.76852
YGR109C,1.76859
YEL017C-A,1.7689
YPL085W,1.76966
YBL058W,1.76981
YDR238C,1.77052
YJL008C,1.77052
YGR029W,1.77109
YHR061C,1.77182
YPL126W,1.77201
YDL099W,1.77311
YJR145C,1.77334
YER177W,1.77401
YGR124W,1.77404
YBL091C-A,1.77412
YJL121C,1.77419
YBL081W,1.77446
YKL141W,1.77494
YHR147C,1.77512
YKL150W,1.77522
YBR143C,1.77542
YGL188C-A,1.77654
YGR030C,1.77877
YJL151C,1.77905
YFL018C,1.77997
YJL020C,1.78193
YGL148W,1.78202
YOR125C,1.78247
YLL041C,1.78287
YFR041C,1.7836
YDR358W,1.78497
YDL081C,1.78507
YOL056W,1.78547
YPL093W,1.7857
YLR298C,1.78662
YLR287C-A,1.78722
YHR060W,1.78779
YDR515W,1.78813
YBR221C,1.78867
YKL042W,1.78936
YOR236W,1.78966
YDL226C,1.79017
YBL021C,1.79051
YPR108W,1.79067
YNL292W,1.79152
YDR084C,1.79159
YGL101W,1.79326
YKR011C,1.79359
YLR380W,1.7942
YNL071W,1.79428
YML027W,1.79459
YGR158C,1.79463
YDL075W,1.79589
YER134C,1.79592
YMR083W,1.79598
YIL038C,1.79724
YNL162W,1.79771
YNR061C,1.79847
YLR447C,1.79892
YER156C,1.79957
YPL135W,1.80045
YIL125W,1.8005
YLR066W,1.80065
YPR188C,1.80407
YLR026C,1.80407
YLL001W,1.80419
YJL010C,1.80545
YLR197W,1.80581
YFL044C,1.8062
YNL215W,1.80678
YMR230W,1.80686
YDL058W,1.80757
YMR227C,1.80791
YDR337W,1.80908
YDR063W,1.80983
YOR061W,1.81014
YDR101C,1.8102
YOL007C,1.81057
YNR021W,1.81095
YJR015W,1.81098
YGL025C,1.81135
YCR084C,1.81179
YBL015W,1.81218
YEL012W,1.81224
YDR511W,1.81285
YCR009C,1.81344
YBR222C,1.81501
YJL217W,1.81513
YLR390W,1.81524
YML008C,1.81726
YGR145W,1.81887
YDR320C-A,1.81969
YDL173W,1.82062
YDL165W,1.82163
YPL123C,1.82189
YDR415C,1.82296
YPL250C,1.82321
YDR056C,1.82374
YNL216W,1.82432
YNL061W,1.82539
YBL029C-A,1.82552
YPL266W,1.82597
YOL041C,1.82672
YIL142W,1.8277
YPR133C,1.82882
YML106W,1.82966
YHR127W,1.83001
YGR227W,1.83006
YDR100W,1.83092
YLR194C,1.83246
YPR170W-B,1.83248
YBR079C,1.83478
YHR013C,1.83495
YDR189W,1.83701
YHR108W,1.83798
YPR132W,1.83814
YML077W,1.83818
YNR018W,1.83936
YFR003C,1.83984
YML030W,1.83999
YIL005W,1.8401
YKL062W,1.8405
YOR261C,1.84174
YKR065C,1.84226
YGR192C,1.84259
YKR068C,1.84284
YMR214W,1.84319
YCL043C,1.84333
YHR005C-A,1.8443
YMR266W,1.84436
YIL137C,1.84507
YNR026C,1.84549
YBL045C,1.84558
YGR055W,1.84714
YOL093W,1.84816
YLR008C,1.84883
YMR037C,1.84956
YPL145C,1.85051
YKL145W,1.85095
YAL049C,1.85128
YNL129W,1.85223
YDL002C,1.8523
YPR094W,1.85237
YDR330W,1.85312
YDR237W,1.85313
YLR420W,1.85526
YMR195W,1.85536
YLR185W,1.85586
YJR025C,1.85587
YBR177C,1.856
YBR046C,1.85612
YER049W,1.85647
YNL085W,1.85759
YML036W,1.85825
YLL026W,1.85836
YDR041W,1.85889
YER036C,1.86015
YER094C,1.86033
YML123C,1.86056
YOR176W,1.86101
YDR031W,1.86222
YLR048W,1.86231
YMR006C,1.86272
YPL262W,1.86316
YHR104W,1.86498
YDL219W,1.86579
YDL225W,1.86713
YLR346C,1.86903
YGL127C,1.86945
YOR202W,1.87145
YOR243C,1.87231
YCL059C,1.87283
YJR086W,1.87434
YNR022C,1.87626
YOR195W,1.87693
YOR077W,1.87701
YJL144W,1.87795
YDR308C,1.87985
YPR159W,1.88011
YDR171W,1.88047
YIL074C,1.88178
YNL312W,1.88283
YDR190C,1.88298
YCL057C-A,1.88387
YBL087C,1.8842
YMR208W,1.88519
YNL305C,1.88612
YLR354C,1.88628
YJL068C,1.88786
YKL095W,1.88803
YNL197C,1.88865
YPR051W,1.8887
YGL122C,1.88873
YJL033W,1.88887
YLR065C,1.89062
YKL122C,1.89128
YFL017C,1.89147
YIL140W,1.89209
YJL124C,1.89225
YDL102W,1.89426
YMR188C,1.89449
YPL143W,1.89469
YKR092C,1.89552
YLR344W,1.89747
YDR188W,1.89781
YOR341W,1.89854
YDR233C,1.89867
YMR120C,1.89897
YPL046C,1.89903
YDR451C,1.89935
YML048W,1.89951
YJL214W,1.89965
YBR242W,1.9021
YOL127W,1.90225
YMR031C,1.90311
YER071C,1.90535
YKL157W,1.90573
YPL099C,1.90774
YNL263C,1.90803
YAR015W,1.9093
YOL012C,1.91057
YBR186W,1.91098
YNL081C,1.91171
YOL038W,1.91189
YNR034W,1.91233
YKL006W,1.91245
YDR016C,1.91387
YNL229C,1.9144
YBR254C,1.91592
YER027C,1.9162
YJL104W,1.91651
YHR116W,1.91673
YBR022W,1.91766
YLR304C,1.91792
YEL013W,1.91837
YPL189C-A,1.91963
YHR181W,1.92037
YMR315W,1.92071
YBR233W-A,1.92115
YJL079C,1.92165
YGR161C,1.9222
YBR282W,1.9227
YPR017C,1.92321
YGR001C,1.92365
YNL141W,1.92406
YLR335W,1.92415
YOR224C,1.92474
YBR089C-A,1.9254
YNR009W,1.92578
YJL011C,1.92603
YMR049C,1.92615
YNL121C,1.92623
YBR263W,1.92668
YIL133C,1.92725
YNL153C,1.9284
YLR275W,1.92878
YOL061W,1.92962
YGL226W,1.92966
YDR519W,1.93061
YPL265W,1.93093
YMR183C,1.93123
YHR010W,1.93188
YGL244W,1.93215
YNL015W,1.93305
YDR461C-A,1.93318
YBR111C,1.93377
YIR009W,1.93382
YHR007C,1.93427
YCL017C,1.93455
YFL038C,1.93467
YEL001C,1.93477
YFR051C,1.93505
YMR136W,1.93506
YJR133W,1.93531
YAL013W,1.93648
YDR152W,1.93756
YGL207W,1.94089
YLR214W,1.94187
YKL053C-A,1.94233
YCR031C,1.94284
YLR408C,1.94322
YFR016C,1.94474
YER092W,1.94521
YDL082W,1.94612
YER074W-A,1.94713
YDR148C,1.94842
YBR061C,1.94854
YPL226W,1.94922
YER143W,1.95286
YKL099C,1.95364
YOR267C,1.95387
YOL107W,1.95504
YMR184W,1.95517
YKL077W,1.95564
YIL021W,1.95614
YGL184C,1.95644
YPR052C,1.95728
YOR020W-A,1.95728
YGR128C,1.95909
YPR101W,1.95936
YIL157C,1.96011
YPR102C,1.96075
YGR264C,1.96135
YPL004C,1.96173
YML026C,1.96228
YGR049W,1.96344
YNR019W,1.96429
YOR251C,1.96545
YHR026W,1.96546
YPL078C,1.96569
YDL064W,1.96582
YBR085C-A,1.96671
YGL099W,1.96674
YIR017C,1.96738
YHR122W,1.96838
YLR300W,1.9692
YCL066W,1.96959
YGL205W,1.96991
YOR158W,1.96994
YPR016C,1.97048
YHR200W,1.97079
YDL147W,1.97119
YPL252C,1.97182
YCL005W-A,1.97203
YML085C,1.97212
YAR002W,1.97229
YNR050C,1.97298
YCL048W-A,1.97313
YGR086C,1.97317
YER035W,1.97333
YOR046C,1.9754
YNL133C,1.97603
YDL053C,1.97696
YNL178W,1.97926
YDL208W,1.97969
YLR186W,1.98044
YER068W,1.98158
YCR034W,1.98163
YPR129W,1.98207
YDR304C,1.9828
YNL309W,1.98296
YCR071C,1.98314
YDR379C-A,1.98352
YBR062C,1.98372
YBL001C,1.98385
YHR042W,1.98603
YGR234W,1.98704
YPR172W,1.98726
YPR028W,1.98747
YDL192W,1.9879
YML098W,1.99173
YJR072C,1.99178
YBR049C,1.99208
YKR094C,1.99219
YGL123W,1.9927
YNL220W,1.9931
YNL231C,1.99364
YDL092W,1.99401
YBR084C-A,1.99415
YGL210W,1.99651
YPL178W,1.99675
YBR248C,1.9972
YNR052C,1.99863
YER148W,1.99918
YER127W,2.00109
YOL097C,2.00215
YDL051W,2.00218
YLR179C,2.00257
YML055W,2.0031
YBR106W,2.00402
YGR282C,2.00422
YJL050W,2.00442
YBR115C,2.00493
YOL133W,2.00508
YHR008C,2.00708
YGL139W,2.0078
YPL260W,2.00902
YOR189W,2.01078
YFL016C,2.01207
YAL044C,2.01335
YLR340W,2.01393
YER074W,2.01406
YOR128C,2.01427
YML070W,2.01787
YDR043C,2.01929
YGR208W,2.01943
YBL022C,2.01952
YOL102C,2.02016
YNL185C,2.02134
YHR039C-A,2.02263
YNL239W,2.02267
YGR038W,2.0234
YPL043W,2.02483
YBL099W,2.02511
YOR280C,2.02622
YDR201W,2.02705
YLR268W,2.02846
YBL047C,2.02858
YNL244C,2.02904
YBR283C,2.02931
YOR357C,2.02931
YPR060C,2.02949
YOR099W,2.03002
YBL039C,2.03002
YAL016W,2.03024
YJL145W,2.03069
YDL195W,2.03375
YNR020C,2.03434
YGR235C,2.03476
YPL048W,2.035
YJL060W,2.03556
YMR099C,2.03645
YPR112C,2.03656
YER159C,2.03792
YOR168W,2.03878
YER056C,2.03885
YOR253W,2.03922
YDL241W,2.0394
YGL097W,2.03998
YPL028W,2.04003
YBL097W,2.04091
YDR214W,2.04108
YLR270W,2.04213
YOR285W,2.04228
YLR314C,2.04309
YHR132W-A,2.04378
YEL046C,2.0452
YER117W,2.04685
YEL037C,2.04753
YLR244C,2.04754
YPL090C,2.04773
YGL058W,2.04803
YPR165W,2.0484
YDR529C,2.04884
YPL154C,2.05027
YOR181W,2.05041
YBR126C,2.0509
YJL138C,2.05314
YFR034C,2.0532
YJL001W,2.05329
YOR142W,2.05383
YGR204W,2.05437
YLR120C,2.05541
YDR381W,2.05588
YPR069C,2.05695
YBR286W,2.05715
YNL308C,2.05777
YNL010W,2.05916
YEL031W,2.05962
YPL146C,2.05975
YBL076C,2.0631
YDR289C,2.06369
YNL208W,2.06452
YOR369C,2.0649
YBL026W,2.0652
YBR245C,2.0657
YPL059W,2.06586
YFR050C,2.06733
YAL008W,2.06775
YIL093C,2.0679
YMR012W,2.06965
YGL008C,2.07097
YPR065W,2.07126
YIL033C,2.0713
YMR217W,2.0731
YHR191C,2.07403
YMR008C,2.07463
YNL251C,2.07498
YDR518W,2.07673
YKL003C,2.07718
YHR021W-A,2.0772
YPR033C,2.07737
YDL171C,2.07748
YDR168W,2.07775
YLR459W,2.07775
YIL041W,2.07795
YDR252W,2.07875
YNL247W,2.07894
YGR123C,2.07901
YKL127W,2.08064
YNL146W,2.08082
YPL010W,2.08189
YBR249C,2.08282
YGR152C,2.08307
YJR032W,2.08366
YKL212W,2.08386
YOL159C-A,2.08442
YLR208W,2.08469
YER007C-A,2.08505
YBR120C,2.08552
YKL211C,2.08734
YKL035W,2.08868
YOR117W,2.08898
YHR152W,2.08919
YGR191W,2.08975
YGR251W,2.09084
YMR286W,2.09286
YOR096W,2.0931
YDL010W,2.0938
YOR184W,2.09471
YER062C,2.09733
YPL131W,2.0989
YKR059W,2.09944
YNL189W,2.09982
YDR035W,2.09987
YFR010W,2.0999
YBL092W,2.10005
YJR016C,2.1001
YPL190C,2.1009
YMR260C,2.10208
YJL190C,2.10211
YJL014W,2.10259
YOR145C,2.10263
YGR054W,2.10276
YBR121C,2.1032
YBR149W,2.10414
YLL009C,2.10451
YHR107C,2.1051
YCL054W,2.10547
YKL060C,2.10694
YBR230W-A,2.10794
YFL045C,2.10882
YKL088W,2.10912
YOR095C,2.10919
YGR129W,2.1105
YBL093C,2.11108
YJL148W,2.11171
YJL170C,2.11239
YGL137W,2.11305
YLR250W,2.11356
YKL049C,2.11446
YKL085W,2.11477
YBR101C,2.11489
YER087C-B,2.11543
YCR086W,2.11557
YKL184W,2.1158
YBR035C,2.11598
YFL041W,2.11689
YCL030C,2.11721
YDR097C,2.11852
YBR080C,2.12123
YBR269C,2.12123
YDR212W,2.1217
YHR128W,2.12187
YGL044C,2.12258
YBL050W,2.12356
YML093W,2.12375
YOR287C,2.12466
YEL002C,2.12489
YOR361C,2.12506
YOL077W-A,2.12584
YNL084C,2.12613
YLR337C,2.12614
YGR211W,2.12664
YPL234C,2.12855
YDL125C,2.12874
YKL196C,2.12918
YCR020W-B,2.13131
YHR019C,2.13254
YHR190W,2.13349
YPL173W,2.13491
YJR125C,2.13531
YDR086C,2.13535
YNL096C,2.13542
YLR175W,2.13582
YJL034W,2.13723
YDR044W,2.13771
YMR038C,2.13799
YLR301W,2.13809
YJR108W,2.13906
YER136W,2.14086
YNL310C,2.14188
YJR097W,2.14299
YIL098C,2.14333
YGR082W,2.14355
YLR229C,2.14453
YGR285C,2.14525
YGR009C,2.14606
YGR193C,2.149
YBL041W,2.14935
YOR164C,2.14997
YPR073C,2.15016
YGL035C,2.15076
YDL046W,2.15095
YLR027C,2.15401
YGR079W,2.15441
YNL321W,2.15533
YML053C,2.15585
YOR136W,2.15894
YBR162C,2.15974
YER072W,2.16047
YER006W,2.16087
YGL222C,2.16092
YLR448W,2.16249
YGR085C,2.16339
YOR323C,2.16537
YHR021C,2.16693
YML022W,2.16802
YDR309C,2.16932
YHR079C-A,2.17008
YGL187C,2.17026
YDR272W,2.17091
YLR437C,2.1711
YDR429C,2.17151
YHR049W,2.17214
YBR268W,2.17273
YNL307C,2.17282
YKR077W,2.17316
YKL214C,2.17349
YPR041W,2.1735
YNL259C,2.17422
YLR286C,2.17596
YPR143W,2.17631
YCL035C,2.17718
YDR341C,2.17936
YLR449W,2.18042
YBR118W,2.18233
YOL080C,2.18292
YDR424C,2.1841
YJR139C,2.18449
YBR135W,2.18603
YKL016C,2.18615
YMR197C,2.18716
YJL087C,2.18901
YBR137W,2.18937
YER042W,2.18937
YNR047W,2.19019
YPR163C,2.19077
YGR136W,2.19472
YPL249C-A,2.19505
YGL245W,2.19763
YOL070C,2.19886
YAL003W,2.19927
YIL150C,2.20307
YGL225W,2.20325
YGR008C,2.20343
YDR033W,2.20392
YFL022C,2.20568
YLR429W,2.2071
YDR524C-B,2.20818
YGR020C,2.21215
YOR232W,2.21402
YMR146C,2.21418
YMR226C,2.21494
YFR004W,2.22025
YNL151C,2.22168
YCR004C,2.22175
YNL175C,2.22329
YLR413W,2.22606
YPR080W,2.22644
YPL228W,2.22828
YJL096W,2.22876
YKL142W,2.2291
YKL143W,2.23106
YDR247W,2.23662
YEL047C,2.23809
YGR080W,2.24068
YGL031C,2.24343
YDR468C,2.24357
YLR042C,2.24428
YOR215C,2.24438
YOR375C,2.24508
YDL161W,2.24596
YIL027C,2.24822
YCL001W,2.24919
YGR005C,2.25113
YKR042W,2.25235
YGR078C,2.2541
YIL135C,2.25417
YAL021C,2.2542
YOL030W,2.25437
YPL013C,2.25531
YHR051W,2.25534
YLR295C,2.25594
YPR145W,2.25667
YJR121W,2.25699
YGR162W,2.25797
YBR162W-A,2.259
YAR007C,2.26064
YFR036W,2.26238
YMR215W,2.2626
YLL050C,2.26414
YKL081W,2.26425
YFL037W,2.26784
YDL245C,2.26802
YOR074C,2.26809
YER133W,2.26818
YDR298C,2.26818
YER063W,2.2742
YDL227C,2.27443
YBR188C,2.27489
YBL090W,2.27607
YDL007W,2.27649
YBR014C,2.27686
YDR418W,2.27805
YER048C,2.28155
YDL065C,2.28213
YOR283W,2.28444
YBL028C,2.28537
YOL147C,2.28664
YMR039C,2.28674
YML081C-A,2.28726
YJR088C,2.28813
YOL121C,2.28816
YOR157C,2.28873
YKL144C,2.28896
YDL201W,2.2902
YPR187W,2.29248
YEL027W,2.29553
YOR226C,2.29681
YER044C,2.29819
YDR328C,2.29948
YLL008W,2.30137
YJR034W,2.30246
YBR039W,2.30283
YHR121W,2.30388
YOR020C,2.30596
YJR123W,2.30831
YHR179W,2.30902
YGL202W,2.30955
YNL074C,2.31004
YLL021W,2.31006
YFR052W,2.31219
YJL074C,2.31254
YMR276W,2.31308
YGL043W,2.31614
YDR454C,2.31655
YGR156W,2.31668
YER048W-A,2.31669
YNL222W,2.31685
YBR025C,2.3171
YBR072W,2.31832
YDL045W-A,2.31935
YNL108C,2.32262
YML092C,2.32522
YDL004W,2.32594
YER052C,2.32609
YNL248C,2.32611
YHR020W,2.32672
YJR014W,2.32916
YEL007W,2.33049
YDR127W,2.33052
YDR353W,2.33113
YBL013W,2.33199
YIL138C,2.33267
YER030W,2.33319
YJL122W,2.33477
YDL148C,2.33486
YJL173C,2.33486
YOR344C,2.33547
YDR156W,2.33576
YNL086W,2.33659
YGL212W,2.3382
YHL031C,2.33874
YIR006C,2.33981
YCR075W-A,2.34094
YDL130W-A,2.3414
YGR215W,2.34197
YER056C-A,2.34252
YLR221C,2.34253
YER019C-A,2.34318
YMR071C,2.34604
YKR001C,2.34726
YLR216C,2.34835
YDR025W,2.34891
YML108W,2.34957
YLR378C,2.35066
YBR171W,2.3522
YJL026W,2.35614
YKR093W,2.35678
YCR047C,2.35811
YCL018W,2.36285
YDR178W,2.36532
YAL059W,2.36565
YBL024W,2.36568
YIL010W,2.36746
YPL231W,2.3681
YDR023W,2.36957
YDR129C,2.37002
YHR046C,2.3712
YOR194C,2.37171
YGL068W,2.37208
YGL191W,2.37318
YLR009W,2.37319
YMR263W,2.37322
YMR158W,2.37688
YLR196W,2.37887
YMR305C,2.38005
YFL039C,2.38045
YKL193C,2.3805
YOR004W,2.38111
YPL098C,2.38342
YGL020C,2.38362
YJR104C,2.38427
YHR132C,2.38562
YKL152C,2.3859
YKL120W,2.38652
YNL260C,2.38737
YOL040C,2.388
YGR243W,2.38827
YIL118W,2.38848
YDL106C,2.38914
YDR276C,2.39033
YGR187C,2.39329
YER050C,2.39606
YLR060W,2.39854
YDR002W,2.39944
YDL022W,2.40165
YHR143W,2.40756
YOR310C,2.40879
YML105C,2.40888
YBR252W,2.40894
YDL153C,2.40961
YGL087C,2.41095
YPL128C,2.41103
YLR432W,2.41167
YMR011W,2.4143
YJL024C,2.41443
YDR167W,2.41463
YMR112C,2.415
YPR145C-A,2.41508
YHR138C,2.41618
YPR154W,2.41811
YDR158W,2.42092
YDR462W,2.42128
YPL267W,2.42336
YPL061W,2.42357
YDL166C,2.42555
YLR074C,2.42795
YDL055C,2.4282
YLR150W,2.42853
YHR059W,2.4295
YGR094W,2.43405
YKL067W,2.43615
YIR022W,2.43968
YBR189W,2.44297
YNL160W,2.44313
YKR074W,2.44461
YJR105W,2.44565
YGR167W,2.44581
YIL019W,2.44896
YJR118C,2.44995
YOL051W,2.45103
YML086C,2.45134
YNL112W,2.45414
YJL052W,2.45582
YEL071W,2.45729
YNL135C,2.45817
YNR054C,2.4591
YFL005W,2.46029
YLR075W,2.46044
YCR087C-A,2.46152
YDR162C,2.46212
YHR038W,2.46268
YNR024W,2.46545
YPL225W,2.46546
YER112W,2.46726
YIL052C,2.46764
YGR214W,2.47084
YER003C,2.47145
YDL103C,2.47266
YHR183W,2.47371
YJR048W,2.47376
YGL103W,2.47388
YLR061W,2.4762
YLR363W-A,2.47668
YPL091W,2.47714
YMR161W,2.47716
YOR210W,2.47942
YCR003W,2.47996
YAL036C,2.48155
YOR220W,2.48517
YBR164C,2.48599
YGR035C,2.48692
YLR051C,2.48733
YER090W,2.48963
YER025W,2.49096
YIL127C,2.49171
YBR071W,2.4921
YKL204W,2.49251
YJL078C,2.49295
YER120W,2.49405
YJL167W,2.49436
YJR070C,2.49446
YMR309C,2.49711
YJR077C,2.49799
YGL055W,2.50414
YBR212W,2.50513
YDR486C,2.50541
YGL105W,2.50571
YER031C,2.50611
YGL049C,2.50955
YPR010C-A,2.51102
YOL005C,2.51177
YOR340C,2.51269
YDR377W,2.51343
YJR060W,2.51532
YMR295C,2.51545
YMR251W-A,2.51645
YJL189W,2.51824
YML074C,2.52234
YNL037C,2.52372
YDR363W-A,2.52511
YDR378C,2.52708
YKL137W,2.52995
YIR034C,2.53091
YPL239W,2.53204
YOR247W,2.53255
YGL054C,2.53375
YOL149W,2.53554
YDR059C,2.53558
YGL026C,2.53734
YKL138C,2.53788
YNL052W,2.54031
YNR016C,2.54038
YGL018C,2.54081
YGL106W,2.5421
YKR095W-A,2.54389
YBR238C,2.54697
YDL067C,2.54725
YLR147C,2.54752
YFL017W-A,2.54813
YLR390W-A,2.5483
YER126C,2.54933
YOL077C,2.55089
YDR302W,2.55122
YNL210W,2.55152
YCR016W,2.55343
YDL128W,2.55522
YLL018C,2.55637
YGR175C,2.55785
YLR293C,2.55801
YBL030C,2.56057
YIL020C,2.56115
YDR493W,2.56177
YHL013C,2.56462
YMR022W,2.56692
YPR035W,2.56855
YOL109W,2.57007
YML001W,2.57119
YGL253W,2.57362
YLR262C,2.57363
YJL166W,2.57666
YNL055C,2.57704
YKL156W,2.58001
YEL060C,2.582
YLR044C,2.58583
YGR076C,2.59211
YDR384C,2.5931
YML078W,2.59342
YPL271W,2.59496
YLR421C,2.5966
YKL041W,2.59752
YOR383C,2.60544
YMR311C,2.60843
YPR036W-A,2.60843
YGR155W,2.61261
YOR159C,2.61342
YDR037W,2.61366
YGR189C,2.62045
YKL096W-A,2.62146
YPL037C,2.62241
YKL063C,2.62515
YDR155C,2.62833
YMR002W,2.63162
YOL123W,2.63205
YDR172W,2.63863
YOR094W,2.63898
YJR085C,2.63983
YGL231C,2.64058
YOR052C,2.64102
YLL014W,2.6411
YLR361C-A,2.6423
YGR180C,2.64282
YLR040C,2.64332
YOL143C,2.64631
YKR025W,2.64697
YBR016W,2.65311
YDR050C,2.65392
YGR207C,2.65737
YNL132W,2.66358
YPR096C,2.66428
YNL138W,2.66435
YER034W,2.67053
YER029C,2.67087
YML094W,2.67335
YOL058W,2.67787
YDL157C,2.68075
YNL111C,2.68099
YKR043C,2.68325
YJL062W-A,2.68352
YDL185W,2.68397
YDR513W,2.68413
YDR055W,2.68721
YOL111C,2.68924
YKL084W,2.69275
YPR166C,2.69687
YOL146W,2.69704
YLR146W-A,2.69761
YKL138C-A,2.70371
YOR276W,2.71339
YCR053W,2.71484
YKR035W-A,2.71566
YDL135C,2.72577
YNL075W,2.72784
YPL129W,2.73069
YMR072W,2.73194
YNR043W,2.73457
YNL255C,2.73586
YFR032C-A,2.73624
YKL172W,2.73796
YER057C,2.74129
YNL066W,2.74312
YOR239W,2.74374
YDR153C,2.74529
YOR298C-A,2.74798
YBR230C,2.74938
YDR032C,2.7497
YDR510W,2.75441
YIL078W,2.75506
YKL164C,2.75693
YDR177W,2.75698
YKR014C,2.75758
YDL229W,2.75782
YKL087C,2.7601
YLR192C,2.76642
YAL035W,2.77035
YML028W,2.77238
YHR143W-A,2.77565
YBR082C,2.77591
YDR071C,2.77943
YLR109W,2.77997
YDR098C,2.78237
YPL163C,2.78252
YPL117C,2.7828
YDR339C,2.78335
YMR290C,2.78514
YLR264W,2.78614
YOR198C,2.78623
YNL036W,2.7863
YMR079W,2.78962
YDR437W,2.78985
YJR069C,2.79254
YKL096W,2.79294
YDR226W,2.79725
YOR382W,2.80775
YDR361C,2.81241
YLR370C,2.8139
YLR200W,2.81393
YLR292C,2.81401
YKR081C,2.81426
YDL217C,2.81428
YNR032C-A,2.81676
YMR307W,2.81712
YNL044W,2.82159
YEL024W,2.82544
YMR108W,2.82558
YHR208W,2.82646
YPL183W-A,2.82807
YNL113W,2.82961
YKR020W,2.82968
YLR025W,2.83267
YPR183W,2.83574
YNL079C,2.83904
YFR049W,2.84131
YOR089C,2.84389
YLR110C,2.84465
YCR063W,2.84486
YOR286W,2.84731
YJR007W,2.8477
YDR115W,2.85353
YHR146W,2.85527
YBR088C,2.85667
YOL071W,2.85786
YGL030W,2.85934
YHR064C,2.86203
YGR063C,2.86344
YBR155W,2.86574
YKL167C,2.86611
YMR298W,2.87056
YHR081W,2.87462
YJR044C,2.87934
YNL002C,2.87976
YOR327C,2.88009
YGR037C,2.882
YPR074C,2.88325
YGR181W,2.88643
YLR153C,2.88701
YDR087C,2.88763
YDR064W,2.89469
YGR061C,2.9001
YIL070C,2.90036
YFR001W,2.90116
YLR395C,2.90187
YPL170W,2.90271
YJL179W,2.90819
YGR074W,2.91245
YEL020W-A,2.91403
YCR088W,2.91792
YCR012W,2.91987
YER131W,2.92038
YOR332W,2.92096
YFL010C,2.92394
YDR502C,2.92561
YNL024C-A,2.92636
YPR181C,2.93055
YOL139C,2.93395
YNL209W,2.93408
YNR046W,2.93571
YGL234W,2.93845
YKL170W,2.93943
YIL053W,2.94046
YGR105W,2.94063
YAL038W,2.94287
YDR092W,2.94398
YPL160W,2.94996
YER011W,2.95102
YKR013W,2.95303
YGL242C,2.95545
YOR294W,2.96272
YJL171C,2.96924
YLR180W,2.978
YHR072W-A,2.98097
YFL014W,2.9814
YHR193C,2.99234
YHR174W,2.99367
YJL115W,2.99861
YGR209C,3.00155
YHR027C,3.00194
YKL032C,3.00246
YER165W,3.01043
YPL036W,3.01343
YJL041W,3.01448
YNL064C,3.01632
YFR011C,3.01703
YML126C,3.01808
YAL025C,3.02692
YKL009W,3.02963
YBL078C,3.03127
YPR063C,3.03309
YPR116W,3.03744
YOR021C,3.04033
YMR256C,3.0406
YDL014W,3.04637
YBR078W,3.04831
YDL213C,3.05495
YOR085W,3.05631
YGL029W,3.05999
YHL015W,3.06626
YGR159C,3.0679
YBR011C,3.07062
YCR024C-A,3.07303
YBR173C,3.07428
YBR154C,3.07491
YHR088W,3.08355
YLR043C,3.08594
YNL110C,3.08595
YOR335C,3.08882
YPL127C,3.09013
YER053C-A,3.10457
YHL034C,3.10544
YNL131W,3.12104
YJR135W-A,3.12792
YJR109C,3.12883
YNL327W,3.13222
YDR412W,3.13303
YGR254W,3.13551
YLR170C,3.13829
YKL210W,3.13876
YOR103C,3.14053
YBR244W,3.14088
YMR122W-A,3.1554
YER039C-A,3.15653
YNL147W,3.15905
YLR058C,3.16799
YJR067C,3.17409
YDR224C,3.17569
YML058W,3.17869
YOR045W,3.18211
YCR028C-A,3.18224
YKL216W,3.1836
YGR034W,3.19843
YLR038C,3.20984
YDL126C,3.21029
YMR229C,3.21216
YPL211W,3.22541
YLR435W,3.23521
YBR218C,3.23801
YOR293W,3.24382
YPR020W,3.25462
YNR044W,3.25629
YIL040W,3.26659
YDR232W,3.28071
YOL131W,3.28242
YGR205W,3.28295
YER009W,3.28746
YML010W,3.28767
YIL062C,3.2908
YER043C,3.31122
YHR148W,3.31464
YML129C,3.31539
YKL182W,3.32237
YDL181W,3.33185
YHR001W-A,3.36522
YER100W,3.38905
YOR265W,3.39605
YDL007C-A,3.40202
YJL052C-A,3.40202
YML073C,3.40277
YBL002W,3.40766
YCL050C,3.4093
YJR063W,3.413
YEL026W,3.49593
YPL016W,3.49757
YDR170C,3.49793
YDR322C-A,3.4981
YMR203W,3.51691
YLR355C,3.5233
YBR127C,3.52802
YAL012W,3.52945
YIL015W,3.53392
YDL012C,3.53408
YJL172W,3.58361
YDR432W,3.58637
YGL070C,3.59293
YBR201C-A,3.59581
YPR062W,3.62305
YIL051C,3.62601
YGL226C-A,3.62936
YJL130C,3.64865
YER110C,3.67477
YPR149W,3.68438
YOR113W,3.69254
YNL122C,3.70169
YCL028W,3.71184
YIR037W,3.71217
YDR099W,3.72356
YOR252W,3.7257
YGR014W,3.75679
YGR126W,3.75797
YOL086C,3.80659
YGL080W,3.84183
YLR068W,3.85033
YKL192C,3.86059
YJL143W,3.86243
YLR259C,3.92393
YBR058C-A,3.93675
YBR109C,3.94309
YJL158C,3.95071
YLR134W,3.95238
YBL051C,3.95282
YPR042C,3.96903
YKL096C-B,3.96961
YGL062W,3.9798
YOR257W,4.03046
YHR055C,4.06676
YBR196C,4.09298
YDR045C,4.16499
YNL328C,4.17687
YLR325C,4.18577
YPL111W,4.19888
YJR010C-A,4.21489
YHR089C,4.26097
YJL080C,4.28206
YMR291W,4.28522
YJR151C,4.29017
YLR327C,4.33839
YJL133C-A,4.37625
YJR009C,4.42374
YHL018W,4.43032
YNL145W,4.47461
YKL054C,4.49483
YGR279C,4.5627
YMR173W,4.60209
YLR388W,4.62724
YBR067C,4.63894
YNL016W,4.75228
YER002W,4.75567
YFR035C,4.75854
YJR045C,4.79361
YPL106C,4.80019
YDR077W,4.8483
YKL117W,4.90331
YMR317W,4.90971
YJL159W,4.96897
YNL007C,4.97707
YEL034W,4.98641
YIL008W,4.99593
YDR150W,5.01432
YML017W,5.23437
YLR438C-A,5.28818
YGR240C,5.31261
YDL066W,5.3338
YNL300W,5.43344
YNL070W,5.52067
YOR027W,5.66361
YIL057C,5.72685
YNL190W,5.8703
YLR249W,6.2452
YLR385C,6.34323
YLR438W,6.48459
YLR303W,6.5226
YER125W,6.57565
YEL073C,6.95437
Q0250,6.96136
YGL206C,7.0146
YGL009C,7.26833
YLR162W,7.59307
YMR205C,7.62393
YDR461W,7.81344
YPL240C,7.96356
YLL013C,8.00905
YIL123W,8.20134
YDR525W-A,8.83593
YMR186W,9.01927
YLR264C-A,9.1452
YDL061C,9.40671
YCR061W,9.61481
YAL005C,9.96995
YLL024C,10.2775
YER091C,13.27086
YOR204W,13.2778
YCL037C,18.75308
YOR302W,18.77765
YDL160C,18.91867
